Número Linha;Atendimento;Sentido;Ponto Início;Ponto Fim;Veículo;Matrícula Motorista;Prev. Início Viagem;Prev. Fim Viagem;Real. Início Viagem;Real. Fim Viagem
MAPE3030.2;THE X ARRP;Volta;ARRP;PCZ;6255;25869;01/03/2026 02:50;01/03/2026 05:05;01/03/2026 02:50;01/03/2026 04:57
60;SLZ X ETO;Volta;SLOP;SLZ;6175;25871;01/03/2026 01:20;01/03/2026 05:55;01/03/2026 01:24;01/03/2026 05:32
16047;REC X GUS;Ida;RMR;REC;6345;26537;01/03/2026 06:00;01/03/2026 06:30;01/03/2026 06:00;01/03/2026 05:32
CEPE003024;IAU X REC;Ida;CGE;REC Tip;6335;26065;01/03/2026 02:10;01/03/2026 06:00;01/03/2026 01:42;01/03/2026 05:36
PERN003035;CAU X NAT;Ida;CGE;NAT;6309;26950;01/03/2026 00:10;01/03/2026 04:30;01/03/2026 00:45;01/03/2026 05:44
50;SLZ X ITZ;Volta;SIS;SLZ;6073;26059;01/03/2026 02:05;01/03/2026 06:00;01/03/2026 02:36;01/03/2026 06:48
BAPE003003;JUO X REC;Ida;ACVG;REC Tip;6205;26940;01/03/2026 02:00;01/03/2026 06:00;01/03/2026 02:42;01/03/2026 06:57
CEPE003024;IAU X REC;Volta;CGE;CZS.R;6305;26625;01/03/2026 00:40;01/03/2026 07:15;01/03/2026 00:27;01/03/2026 07:04
30;SLZ X BLA;Ida;SLOP;BLA;6195;26498;01/03/2026 00:25;01/03/2026 07:40;28/02/2026 23:28;01/03/2026 07:06
30;SLZ X BLA;Volta;SLOP;SLZ;6274;26066;01/03/2026 02:35;01/03/2026 07:40;01/03/2026 03:04;01/03/2026 07:08
60;SLZ X ETO;Ida;SLOP;ETO;6264;26499;01/03/2026 01:20;01/03/2026 08:15;01/03/2026 00:57;01/03/2026 07:18
12004;REC X CAU;Volta;CAU;REC Tip;6289;25293;01/03/2026 05:30;01/03/2026 07:30;01/03/2026 05:34;01/03/2026 07:30
50;SLZ X ITZ;Ida;SIS;ITZ;6294;25866;01/03/2026 01:10;01/03/2026 06:00;01/03/2026 01:00;01/03/2026 07:33
16064;REC X SEC;Volta;SEC;DBT;6076;26016;01/03/2026 05:10;01/03/2026 08:20;01/03/2026 05:04;01/03/2026 07:37
PBPE003004;JPA X REC;Ida;JPA;REC Tip;6158;26756;01/03/2026 06:00;01/03/2026 08:30;01/03/2026 06:04;01/03/2026 08:01
PBPE003004;JPA X REC;Volta;REC Tip;JPA;6025;25144;01/03/2026 06:00;01/03/2026 08:30;01/03/2026 06:04;01/03/2026 08:06
12004;REC X CAU;Volta;CAU;REC Tip;6229;26102;01/03/2026 06:30;01/03/2026 08:30;01/03/2026 06:31;01/03/2026 08:27
12004;REC X CAU;Ida;REC Tip;CAU;6239;26923;01/03/2026 06:30;01/03/2026 08:30;01/03/2026 06:36;01/03/2026 08:37
PBRN003006;JPA X NAT;Volta;NAT;JPA;6088;25609;01/03/2026 06:00;01/03/2026 09:00;01/03/2026 06:04;01/03/2026 08:52
12044;REC X CAU;Ida;REC Tip;CAU;6056;26932;01/03/2026 06:00;01/03/2026 09:30;01/03/2026 05:39;01/03/2026 09:08
12044;REC X CAU;Volta;CAU;REC Tip;6248;26951;01/03/2026 06:00;01/03/2026 09:30;01/03/2026 06:03;01/03/2026 09:13
PERN003035;CAU X NAT;Ida;CAU;CGE;6156;26421;01/03/2026 07:00;01/03/2026 09:30;01/03/2026 07:01;01/03/2026 09:17
12004;REC X CAU;Volta;CAU;REC Tip;6249;26090;01/03/2026 07:30;01/03/2026 09:30;01/03/2026 07:31;01/03/2026 09:20
MAPE3030.1;SLZ X THE;Ida;SLZ;PERI;6314;26091;01/03/2026 06:00;01/03/2026 10:00;01/03/2026 06:08;01/03/2026 09:45
PBRN003006;JPA X NAT;Ida;JPA;NAT;6116;26885;01/03/2026 07:00;01/03/2026 10:00;01/03/2026 07:05;01/03/2026 09:47
12004;REC X CAU;Ida;REC Tip;CAU;6026;25920;01/03/2026 07:30;01/03/2026 09:30;01/03/2026 07:35;01/03/2026 09:50
PBPE003004;JPA X REC;Ida;JPA;REC Tip;6035;26757;01/03/2026 08:00;01/03/2026 10:30;01/03/2026 08:04;01/03/2026 09:55
PERN003012;REC X NAT;Volta;NAT;REC Tip;6037;26805;01/03/2026 05:30;01/03/2026 11:50;01/03/2026 05:39;01/03/2026 10:01
CEPE003024;IAU X REC;Volta;CZS.R;IAU;6305;26625;01/03/2026 07:45;01/03/2026 09:15;01/03/2026 07:27;01/03/2026 10:04
PBPE003004;JPA X REC;Volta;REC Tip;JPA;6135;26509;01/03/2026 08:00;01/03/2026 10:30;01/03/2026 08:02;01/03/2026 10:07
16064;REC X SEC;Ida;DBT;PFSEC;2212;26922;01/03/2026 05:10;01/03/2026 09:20;01/03/2026 05:10;01/03/2026 10:14
MARN3026.2;THE X JDO;Volta;JDO;PCZ;6344;26316;01/03/2026 06:10;01/03/2026 12:00;01/03/2026 05:41;01/03/2026 10:29
16021;REC X ARRP;Volta;ARRP;SGI;6067;26877;01/03/2026 07:00;01/03/2026 09:30;01/03/2026 07:02;01/03/2026 10:33
12004;REC X CAU;Volta;CAU;REC Tip;6239;26923;01/03/2026 08:30;01/03/2026 10:30;01/03/2026 08:53;01/03/2026 10:34
12004;REC X CAU;Ida;REC Tip;CAU;6289;25293;01/03/2026 08:30;01/03/2026 10:30;01/03/2026 08:32;01/03/2026 10:39
MAPE3030.4;ACV X REC;Ida;ACVG;REC Tip;6285;26235;01/03/2026 05:30;01/03/2026 09:07;01/03/2026 06:56;01/03/2026 10:44
PBPE003020;CGE x REC;Ida;CGE;REC Tip;6075;26632;01/03/2026 07:00;01/03/2026 10:50;01/03/2026 06:26;01/03/2026 10:46
12044;REC X CAU;Volta;CAU;REC Tip;6066;26830;01/03/2026 08:00;01/03/2026 11:30;01/03/2026 08:03;01/03/2026 10:46
PERN003012;REC X NAT;Ida;REC Tip;NAT;6254;26413;01/03/2026 05:30;01/03/2026 11:20;01/03/2026 05:35;01/03/2026 10:47
MAPE3030.2;THE X ARRP;Volta;PCZ.R;THE;6255;25869;01/03/2026 05:25;01/03/2026 10:35;01/03/2026 05:39;01/03/2026 10:49
16059;REC X PNZ;Ida;REC Tip;ACVG;6109;26478;01/03/2026 05:30;01/03/2026 10:44;01/03/2026 05:30;01/03/2026 10:51
12044;REC X CAU;Ida;REC Tip;CAU;6046;26930;01/03/2026 08:00;01/03/2026 11:30;01/03/2026 08:03;01/03/2026 11:09
16047;REC X GUS;Ida;REC Tip;GUS;6345;26537;01/03/2026 07:00;01/03/2026 11:48;01/03/2026 07:11;01/03/2026 11:15
MAPE3030.1;SLZ X THE;Ida;PERI;PFCXS2;6314;26091;01/03/2026 10:20;01/03/2026 12:20;01/03/2026 09:49;01/03/2026 11:37
MARN3026.3;JDO X CGE;Ida;JDO;PFPTCEE;6324;25698;01/03/2026 06:00;01/03/2026 11:45;01/03/2026 05:35;01/03/2026 11:40
16064;REC X SEC;Ida;DBT;SEC;6076;26016;01/03/2026 08:45;01/03/2026 11:45;01/03/2026 07:37;01/03/2026 11:43
16041;REC X AGB;Volta;AGB2;REC Tip;6023;26936;01/03/2026 05:50;01/03/2026 11:25;01/03/2026 05:50;01/03/2026 11:46
16061;REC X SGI;Volta;SGI;ACV.;6325;26535;01/03/2026 07:30;01/03/2026 11:43;01/03/2026 07:31;01/03/2026 11:50
PBPE003004;JPA X REC;Ida;JPA;REC Tip;6025;25144;01/03/2026 10:00;01/03/2026 12:30;01/03/2026 10:11;01/03/2026 11:59
PBRN003006;JPA X NAT;Ida;JPA;NAT;6086;26475;01/03/2026 09:00;01/03/2026 12:00;01/03/2026 09:12;01/03/2026 12:03
PBPE003004;JPA X REC;Volta;REC Tip;JPA;6275;26756;01/03/2026 10:00;01/03/2026 12:30;01/03/2026 10:02;01/03/2026 12:03
MAPE3030.1;SLZ X THE;Volta;THE;PFCXS;6255;26521;01/03/2026 10:40;01/03/2026 12:10;01/03/2026 11:01;01/03/2026 12:13
PERN003012;REC X NAT;Volta;NAT;REC Tip;6099;26889;01/03/2026 07:30;01/03/2026 13:20;01/03/2026 07:36;01/03/2026 12:18
12004;REC X CAU;Ida;REC Tip;CAU;6063;26102;01/03/2026 10:30;01/03/2026 12:30;01/03/2026 10:33;01/03/2026 12:26
PBPE003020;CGE x REC;Ida;CGE;REC Tip;6054;26126;01/03/2026 09:00;01/03/2026 12:50;01/03/2026 09:01;01/03/2026 12:29
PBPE003020;CGE x REC;Volta;REC Tip;CGE;6108;26065;01/03/2026 09:00;01/03/2026 12:50;01/03/2026 09:08;01/03/2026 12:33
12004;REC X CAU;Volta;CAU;REC Tip;6026;26920;01/03/2026 10:30;01/03/2026 12:30;01/03/2026 10:34;01/03/2026 12:33
ALPE003007;MCZ X REC;Volta;REC Tip;MEA;6087;26906;01/03/2026 09:00;01/03/2026 13:30;01/03/2026 09:08;01/03/2026 12:37
PBRN003006;JPA X NAT;Volta;NAT;JPA;6145;26052;01/03/2026 10:00;01/03/2026 13:00;01/03/2026 10:03;01/03/2026 12:37
16021;REC X ARRP;Ida;REC Tip;ACVG;6083;26857;01/03/2026 07:30;01/03/2026 11:30;01/03/2026 07:51;01/03/2026 12:39
PERN003012;REC X NAT;Ida;REC Tip;NAT;6335;26171;01/03/2026 07:30;01/03/2026 13:20;01/03/2026 07:36;01/03/2026 12:52
PERN003035;CAU X NAT;Volta;NAT;CGE;6098;26831;01/03/2026 07:00;01/03/2026 11:20;01/03/2026 06:43;01/03/2026 12:55
ALPB003027;MCZ X CGE;Ida;MCZ;CGE;6085;25608;01/03/2026 06:30;01/03/2026 14:18;01/03/2026 06:37;01/03/2026 12:58
PERN003029;ARRP X NAT;Ida;REC Tip;NAT;6228;26952;01/03/2026 06:20;01/03/2026 13:00;01/03/2026 07:02;01/03/2026 13:06
16043;REC X BCE;Ida;REC Tip;GUS;6235;26947;01/03/2026 09:00;01/03/2026 12:51;01/03/2026 09:05;01/03/2026 13:07
12044;REC X CAU;Ida;REC Tip;CAU;6158;26951;01/03/2026 10:00;01/03/2026 13:30;01/03/2026 10:17;01/03/2026 13:10
16064;REC X SEC;Volta;SEC;DBT;2212;26922;01/03/2026 09:10;01/03/2026 12:10;01/03/2026 10:15;01/03/2026 13:14
16064;REC X SEC;Ida;DBT;SEC;2222;26508;01/03/2026 11:00;01/03/2026 13:40;01/03/2026 11:00;01/03/2026 13:25
MAPE3030.1;SLZ X THE;Ida;PFCXS2;THE;6314;26091;01/03/2026 13:00;01/03/2026 14:30;01/03/2026 12:11;01/03/2026 13:26
12044;REC X CAU;Volta;CAU;REC Tip;6056;26932;01/03/2026 10:00;01/03/2026 13:30;01/03/2026 10:04;01/03/2026 13:29
12004;REC X CAU;Ida;REC Tip;CAU;6229;26090;01/03/2026 11:30;01/03/2026 13:30;01/03/2026 11:34;01/03/2026 13:29
PEPI012005;REC X THE;Ida;ARRP;THE;6149;26597;01/03/2026 05:26;01/03/2026 15:10;01/03/2026 05:16;01/03/2026 13:33
ALPB003027;MCZ X CGE;Volta;CGE;MCZ;6148;25089;01/03/2026 06:30;01/03/2026 13:29;01/03/2026 06:42;01/03/2026 13:47
16043;REC X BCE;Volta;BCE;REC Tip;6029;26859;01/03/2026 08:00;01/03/2026 12:55;01/03/2026 08:00;01/03/2026 13:47
ALPE003007;MCZ X REC;Volta;MEA;MCZ;6087;26906;01/03/2026 13:50;01/03/2026 14:30;01/03/2026 13:10;01/03/2026 13:51
PBPE003004;JPA X REC;Ida;JPA;REC Tip;6088;26509;01/03/2026 12:00;01/03/2026 14:30;01/03/2026 12:02;01/03/2026 13:58
16043;REC X BCE;Ida;GUS;BCE;6235;26947;01/03/2026 13:11;01/03/2026 13:49;01/03/2026 13:07;01/03/2026 14:01
PBPE003004;JPA X REC;Volta;REC Tip;JPA;6248;26757;01/03/2026 12:00;01/03/2026 14:30;01/03/2026 12:08;01/03/2026 14:06
16073;REC X TBR;Ida;REC Tip;TBR;6028;25748;01/03/2026 06:20;01/03/2026 14:20;01/03/2026 06:31;01/03/2026 14:13
PBRN003006;JPA X NAT;Ida;JPA;NAT;6015;25744;01/03/2026 11:00;01/03/2026 14:00;01/03/2026 11:34;01/03/2026 14:14
12004;REC X CAU;Volta;CAU;REC Tip;6063;26102;01/03/2026 12:30;01/03/2026 14:30;01/03/2026 12:42;01/03/2026 14:19
PERN003012;REC X NAT;Volta;NAT;REC Tip;6069;25504;01/03/2026 09:00;01/03/2026 14:50;01/03/2026 09:07;01/03/2026 14:28
MAPE3030.1;SLZ X THE;Volta;PFCXS;PERI;6255;26521;01/03/2026 12:50;01/03/2026 15:05;01/03/2026 12:38;01/03/2026 14:42
PBRN003006;JPA X NAT;Volta;NAT;JPA;6116;26885;01/03/2026 12:00;01/03/2026 15:00;01/03/2026 12:04;01/03/2026 14:48
16073;REC X TBR;Volta;TBR;REC Tip;6058;25735;01/03/2026 07:00;01/03/2026 15:30;01/03/2026 07:00;01/03/2026 14:50
PERN003012;REC X NAT;Ida;REC Tip;NAT;6059;25916;01/03/2026 09:00;01/03/2026 14:50;01/03/2026 09:02;01/03/2026 14:54
16059;REC X PNZ;Volta;PNZ;ACVG;6057;26384;01/03/2026 06:00;01/03/2026 14:15;01/03/2026 06:02;01/03/2026 14:59
16043;REC X BCE;Volta;BCE;GUS;6235;26947;01/03/2026 14:00;01/03/2026 15:00;01/03/2026 14:08;01/03/2026 15:04
12004;REC X CAU;Volta;CAU;REC Tip;6289;25293;01/03/2026 11:30;01/03/2026 13:30;01/03/2026 11:40;01/03/2026 15:06
PBPE003004;JPA X REC;Ida;JPA;REC Tip;6204;26749;01/03/2026 12:10;01/03/2026 14:40;01/03/2026 13:21;01/03/2026 15:08
16021;REC X ARRP;Volta;SGI;ACVG;6067;26877;01/03/2026 10:00;01/03/2026 13:30;01/03/2026 10:45;01/03/2026 15:18
12044;REC X CAU;Volta;CAU;REC Tip;6046;26930;01/03/2026 12:00;01/03/2026 15:30;01/03/2026 12:09;01/03/2026 15:18
CEPE003009;IAU X REC;Ida;IAU;ACVG;6168;26876;01/03/2026 06:00;01/03/2026 15:00;01/03/2026 06:04;01/03/2026 15:28
16024;REC X ACV;Volta;ACVG;REC Tip;6036;26663;01/03/2026 10:30;01/03/2026 14:30;01/03/2026 10:24;01/03/2026 15:28
PERN003035;CAU X NAT;Volta;CGE;CAU;6098;26831;01/03/2026 11:40;01/03/2026 14:00;01/03/2026 13:12;01/03/2026 15:30
PBPE003005;CGE X REC;Ida;CGE;REC Tip;6146;25890;01/03/2026 11:30;01/03/2026 16:00;01/03/2026 11:23;01/03/2026 15:31
12044;REC X CAU;Ida;REC Tip;CAU;6249;26830;01/03/2026 12:00;01/03/2026 15:30;01/03/2026 12:10;01/03/2026 15:32
PERN003035;CAU X NAT;Ida;CAU;CGE;6045;26661;01/03/2026 13:00;01/03/2026 15:00;01/03/2026 13:06;01/03/2026 15:35
PBRN003006;JPA X NAT;Ida;JPA;NAT;6135;25609;01/03/2026 13:00;01/03/2026 16:00;01/03/2026 13:04;01/03/2026 15:42
12004;REC X CAU;Ida;REC Tip;CAU;6239;26923;01/03/2026 12:30;01/03/2026 14:30;01/03/2026 12:20;01/03/2026 15:46
PERN003035;CAU X NAT;Ida;CGE;NAT;6156;26421;01/03/2026 10:00;01/03/2026 13:30;01/03/2026 09:33;01/03/2026 15:51
MARN3026.2;THE X JDO;Volta;PCZ.R;THE;6344;26316;01/03/2026 12:20;01/03/2026 17:00;01/03/2026 11:27;01/03/2026 16:00
MARN3026.1;SLZ X THE;Ida;SLZ;PERI;6089;26660;01/03/2026 11:50;01/03/2026 16:15;01/03/2026 11:56;01/03/2026 16:03
PBPE003004;JPA X REC;Volta;REC Tip;JPA;6025;25144;01/03/2026 14:00;01/03/2026 16:30;01/03/2026 14:01;01/03/2026 16:03
PBPE003004;JPA X REC;Ida;JPA;REC Tip;6275;26756;01/03/2026 14:00;01/03/2026 16:30;01/03/2026 14:05;01/03/2026 16:12
PBPE003005;CGE X REC;Volta;REC Tip;CGE;6035;26916;01/03/2026 11:30;01/03/2026 16:00;01/03/2026 11:45;01/03/2026 16:16
12004;REC X CAU;Volta;CAU;REC Tip;6229;26090;01/03/2026 14:30;01/03/2026 16:30;01/03/2026 14:30;01/03/2026 16:18
PERN003012;REC X NAT;Volta;NAT;REC Tip;6309;26365;01/03/2026 11:00;01/03/2026 16:50;01/03/2026 11:08;01/03/2026 16:25
16061;REC X SGI;Ida;REC Tip;ACVG;6355;25282;01/03/2026 11:30;01/03/2026 15:30;01/03/2026 11:34;01/03/2026 16:25
PBPE003020;CGE x REC;Volta;REC Tip;CGE;6075;26632;01/03/2026 13:00;01/03/2026 16:50;01/03/2026 13:02;01/03/2026 16:33
PBRN003006;JPA X NAT;Volta;NAT;JPA;6086;26475;01/03/2026 14:00;01/03/2026 17:00;01/03/2026 14:06;01/03/2026 16:49
16064;REC X SEC;Ida;DBT;SEC;2212;26922;01/03/2026 13:10;01/03/2026 16:10;01/03/2026 13:18;01/03/2026 16:54
16061;REC X SGI;Volta;ACV.;REC Tip;6325;26535;01/03/2026 12:23;01/03/2026 16:50;01/03/2026 12:19;01/03/2026 16:58
16075;REC X TAMA;Volta;TAMA;REC DTB;2232;25165;01/03/2026 14:20;01/03/2026 17:20;01/03/2026 14:19;01/03/2026 17:00
PERN003012;REC X NAT;Ida;REC Tip;NAT;6147;26480;01/03/2026 11:00;01/03/2026 16:50;01/03/2026 11:21;01/03/2026 17:05
12044;REC X CAU;Volta;CAU;REC Tip;6158;26937;01/03/2026 14:00;01/03/2026 17:30;01/03/2026 14:02;01/03/2026 17:16
12044;REC X CAU;Ida;REC Tip;CAU;6026;26949;01/03/2026 14:00;01/03/2026 17:00;01/03/2026 14:04;01/03/2026 17:20
PBRN003006;JPA X NAT;Ida;JPA;NAT;6248;26523;01/03/2026 15:00;01/03/2026 18:00;01/03/2026 15:01;01/03/2026 17:28
12004;REC X CAU;Volta;CAU;REC Tip;6239;26923;01/03/2026 15:30;01/03/2026 17:30;01/03/2026 15:46;01/03/2026 17:32
MARN3026.1;SLZ X THE;Volta;THE;CXS;6344;26488;01/03/2026 17:20;01/03/2026 18:00;01/03/2026 16:22;01/03/2026 17:38
16064;REC X SEC;Volta;SEC;DBT;6076;26016;01/03/2026 13:00;01/03/2026 16:00;01/03/2026 13:06;01/03/2026 17:39
16021;REC X ARRP;Ida;ACVG;SGI.R;6083;26381;01/03/2026 11:44;01/03/2026 15:50;01/03/2026 13:14;01/03/2026 17:41
12004;REC X CAU;Ida;REC Tip;CAU;6289;25293;01/03/2026 15:30;01/03/2026 17:30;01/03/2026 15:06;01/03/2026 17:53
MARN3026.1;SLZ X THE;Ida;PERI;PFCXS2;6089;26660;01/03/2026 16:35;01/03/2026 18:10;01/03/2026 16:09;01/03/2026 18:08
PBPE003004;JPA X REC;Volta;REC Tip;JPA;6088;26509;01/03/2026 16:00;01/03/2026 18:30;01/03/2026 16:03;01/03/2026 18:09
16047;REC X GUS;Volta;GUS;REC Tip;6345;26537;01/03/2026 13:00;01/03/2026 18:48;01/03/2026 13:07;01/03/2026 18:12
PERN003012;REC X NAT;Volta;NAT;REC Tip;6077;26413;01/03/2026 13:00;01/03/2026 18:50;01/03/2026 13:06;01/03/2026 18:19
MAPE3030.1;SLZ X THE;Volta;PERI;SLZ;6255;26521;01/03/2026 15:25;01/03/2026 19:15;01/03/2026 14:46;01/03/2026 18:32
PERN003012;REC X NAT;Ida;REC Tip;NAT;6047;26805;01/03/2026 13:00;01/03/2026 18:50;01/03/2026 13:02;01/03/2026 18:33
PBPE003020;CGE x REC;Ida;CGE;REC Tip;6085;26891;01/03/2026 15:00;01/03/2026 18:50;01/03/2026 15:01;01/03/2026 18:34
ALPE003007;MCZ X REC;Ida;MCZ;MEA;6129;26906;01/03/2026 17:30;01/03/2026 18:30;01/03/2026 17:51;01/03/2026 18:34
MAPE3030.4;ACV X REC;Volta;REC Tip;ACVG;6205;26235;01/03/2026 14:30;01/03/2026 19:17;01/03/2026 14:33;01/03/2026 18:38
12004;REC X CAU;Ida;REC Tip;CAU;6178;26102;01/03/2026 16:30;01/03/2026 18:30;01/03/2026 16:34;01/03/2026 18:38
PBPE003020;CGE x REC;Volta;REC Tip;CGE;6194;26126;01/03/2026 15:00;01/03/2026 18:50;01/03/2026 15:02;01/03/2026 18:47
PBRN003006;JPA X NAT;Volta;NAT;JPA;6156;25744;01/03/2026 16:00;01/03/2026 19:00;01/03/2026 16:19;01/03/2026 19:03
PERN003035;CAU X NAT;Volta;NAT;CGE;6018;26882;01/03/2026 13:00;01/03/2026 17:00;01/03/2026 12:23;01/03/2026 19:04
16064;REC X SEC;Volta;SEC;PSL;2222;26508;01/03/2026 16:40;01/03/2026 19:50;01/03/2026 16:40;01/03/2026 19:08
MARN3026.4;CGE X NAT;Volta;NAT;CGE;6254;26198;01/03/2026 14:30;01/03/2026 19:30;01/03/2026 14:45;01/03/2026 19:09
16043;REC X BCE;Ida;REC Tip;GUS;6019;26872;01/03/2026 15:00;01/03/2026 19:30;01/03/2026 15:13;01/03/2026 19:19
16043;REC X BCE;Volta;GUS;REC Tip;6235;26947;01/03/2026 15:20;01/03/2026 19:30;01/03/2026 15:17;01/03/2026 19:24
MARN3026.4;CGE X NAT;Ida;CGE.G;NAT;6324;25887;01/03/2026 15:50;01/03/2026 21:00;01/03/2026 14:48;01/03/2026 19:25
12044;REC X CAU;Volta;CAU;REC Tip;6249;26830;01/03/2026 16:00;01/03/2026 19:30;01/03/2026 16:03;01/03/2026 19:25
12004;REC X CAU;Ida;REC Tip;CAU;6229;26090;01/03/2026 17:30;01/03/2026 19:30;01/03/2026 17:33;01/03/2026 19:34
PBRN003006;JPA X NAT;Ida;JPA;NAT;6025;26052;01/03/2026 17:00;01/03/2026 20:00;01/03/2026 17:02;01/03/2026 19:37
MAPE3030.2;THE X ARRP;Ida;THE;PCZ.R;6314;26489;01/03/2026 14:35;01/03/2026 20:00;01/03/2026 14:35;01/03/2026 19:40
CEPE003009;IAU X REC;Ida;ACVG;REC Tip;6168;26919;01/03/2026 15:30;01/03/2026 19:30;01/03/2026 15:41;01/03/2026 19:41
MARN3026.1;SLZ X THE;Volta;CXS;PERI;6344;26488;01/03/2026 18:40;01/03/2026 20:05;01/03/2026 17:42;01/03/2026 19:42
12044;REC X CAU;Ida;REC Tip;CAU;6046;26930;01/03/2026 16:00;01/03/2026 19:30;01/03/2026 16:00;01/03/2026 19:45
16059;REC X PNZ;Ida;ACVG;PNZ;6109;26261;01/03/2026 10:54;01/03/2026 19:10;01/03/2026 11:34;01/03/2026 19:46
PBPE003004;JPA X REC;Ida;JPA;REC Tip;6145;25144;01/03/2026 18:00;01/03/2026 20:30;01/03/2026 18:05;01/03/2026 19:58
CEPE003024;IAU X REC;Ida;IAU;CZS.R;6305;26890;01/03/2026 17:15;01/03/2026 20:00;01/03/2026 17:20;01/03/2026 20:02
MARN3026.1;SLZ X THE;Ida;PFCXS2;THE;6089;26660;01/03/2026 18:50;01/03/2026 20:10;01/03/2026 18:50;01/03/2026 20:05
PERN003012;REC X NAT;Volta;NAT;REC Tip;6335;26171;01/03/2026 15:00;01/03/2026 20:50;01/03/2026 15:09;01/03/2026 20:09
16067;REC X SJG;Ida;REC Tip;SJG;6023;21982;01/03/2026 12:15;01/03/2026 19:20;01/03/2026 12:35;01/03/2026 20:17
PBPE003004;JPA X REC;Volta;REC Tip;JPA;6066;26756;01/03/2026 18:00;01/03/2026 20:30;01/03/2026 18:11;01/03/2026 20:19
PERN003012;REC X NAT;Ida;REC Tip;NAT;6139;26889;01/03/2026 15:00;01/03/2026 20:50;01/03/2026 15:01;01/03/2026 20:20
16059;REC X PNZ;Volta;ACVG;REC Tip;6057;26478;01/03/2026 14:25;01/03/2026 19:16;01/03/2026 15:38;01/03/2026 20:27
16021;REC X ARRP;Volta;ACVG;REC Tip;6067;26857;01/03/2026 13:39;01/03/2026 18:40;01/03/2026 15:53;01/03/2026 20:27
16043;REC X BCE;Ida;GUS;BCE;6019;26872;01/03/2026 19:50;01/03/2026 20:30;01/03/2026 19:32;01/03/2026 20:27
16067;REC X SJG;Volta;SJG;REC Tip;6219;26376;01/03/2026 11:50;01/03/2026 20:15;01/03/2026 11:50;01/03/2026 20:28
PERN003035;CAU X NAT;Ida;CGE;NAT;6108;26661;01/03/2026 15:30;01/03/2026 19:00;01/03/2026 12:33;01/03/2026 20:43
16064;REC X SEC;Ida;DBT;SEC;6076;26016;01/03/2026 17:40;01/03/2026 20:40;01/03/2026 18:09;01/03/2026 20:50
12044;REC X CAU;Volta;CAU;REC Tip;6026;26949;01/03/2026 17:00;01/03/2026 20:30;01/03/2026 17:38;01/03/2026 20:52
16021;REC X ARRP;Ida;SGI.R;ARRP;6083;26381;01/03/2026 16:00;01/03/2026 19:30;01/03/2026 17:55;01/03/2026 21:02
PEPI012004;REC X FLOO;Volta;FLOO;RSGI;6238;26628;01/03/2026 12:30;01/03/2026 21:30;01/03/2026 12:33;01/03/2026 21:05
16041;REC X AGB;Ida;REC Tip;PFAGB;6039;26946;01/03/2026 13:30;01/03/2026 20:50;01/03/2026 13:40;01/03/2026 21:05
16064;REC X SEC;Volta;SEC;DBT;2212;26922;01/03/2026 18:00;01/03/2026 21:10;01/03/2026 18:20;01/03/2026 21:22
16061;REC X SGI;Ida;ACVG;SGI;6355;25282;01/03/2026 15:50;01/03/2026 20:38;01/03/2026 16:53;01/03/2026 21:24
PERN003029;ARRP X NAT;Volta;NAT;REC Tip;6228;26952;01/03/2026 16:00;01/03/2026 21:45;01/03/2026 15:51;01/03/2026 21:25
16058;REC X PNZ;Volta;PNZ;COO;6033;25957;01/03/2026 19:00;01/03/2026 21:30;01/03/2026 18:59;01/03/2026 21:48
16075;REC X TAMA;Ida;PSL;SEC2;2232;25165;01/03/2026 17:40;01/03/2026 21:30;01/03/2026 17:31;01/03/2026 21:58
CEPE012006;CTO X REC;Volta;REC Tip;ACVG;6275;26865;01/03/2026 18:00;01/03/2026 22:30;01/03/2026 18:02;01/03/2026 22:04
ALPE003007;MCZ X REC;Ida;MEA;REC Tip;6129;26906;01/03/2026 18:50;01/03/2026 22:30;01/03/2026 19:00;01/03/2026 22:34
PBPE003015;CGE X PNZ;Ida;CGE;ACVG;6199;25628;01/03/2026 17:00;01/03/2026 21:25;01/03/2026 17:03;01/03/2026 22:38
MAPE3030.2;THE X ARRP;Ida;PCZ;ARRP;6314;26489;01/03/2026 20:20;01/03/2026 22:20;01/03/2026 20:31;01/03/2026 22:59
PERN003012;REC X NAT;Volta;NAT;REC Tip;6059;25916;01/03/2026 17:00;01/03/2026 22:50;01/03/2026 17:15;01/03/2026 23:07
16073;REC X TBR;Ida;REC Tip;TBR;6269;26755;01/03/2026 15:30;01/03/2026 23:50;01/03/2026 15:36;01/03/2026 23:10
CEPE003024;IAU X REC;Ida;CZS.R;PTCE;6305;26890;01/03/2026 20:30;01/03/2026 23:30;01/03/2026 20:30;01/03/2026 23:14
PERN003012;REC X NAT;Ida;REC Tip;NAT;6079;25504;01/03/2026 17:30;01/03/2026 22:50;01/03/2026 17:35;01/03/2026 23:15
30;SLZ X BLA;Ida;SLZ;SLOP;6175;26066;01/03/2026 19:00;02/03/2026 00:04;01/03/2026 19:02;01/03/2026 23:31
16056-3;REC X PNZ;Volta;PNZ.G;ACVG;6209;26753;01/03/2026 16:30;01/03/2026 23:50;01/03/2026 15:40;01/03/2026 23:35
PBPE003005;CGE X REC;Ida;CGE;REC Tip;6035;26916;01/03/2026 19:00;01/03/2026 23:00;01/03/2026 19:01;01/03/2026 23:35
16056.2;REC X PNZ;Ida;REC Tip;ACVG;6325;26663;01/03/2026 19:30;01/03/2026 23:30;01/03/2026 19:41;01/03/2026 23:40
MARN3026.3;JDO X CGE;Volta;CGE;PTCE;6254;26754;01/03/2026 19:31;01/03/2026 23:30;01/03/2026 19:15;01/03/2026 23:42
PEPI012005;REC X THE;Volta;THE;PCZ.R;6149;26665;01/03/2026 18:00;01/03/2026 23:00;01/03/2026 18:19;01/03/2026 23:46
ALPE003018;MCZ X PNZ;Ida;MCZ;PAF;6087;26179;01/03/2026 17:00;01/03/2026 23:15;01/03/2026 17:11;01/03/2026 23:48
16023;REC X ARRP;Ida;REC Tip;ACVG;6029;26409;01/03/2026 19:30;01/03/2026 23:40;01/03/2026 19:42;01/03/2026 23:50
16056;REC X PNZ;Ida;REC Tip;ACVG;6345;26856;01/03/2026 19:40;02/03/2026 00:20;01/03/2026 20:08;01/03/2026 23:52
ALPE003018;MCZ X PNZ;Volta;PNZ;PAF;6127;26297;01/03/2026 17:00;01/03/2026 23:50;01/03/2026 17:04;01/03/2026 23:56
CEPE012001;CTO X REC;Volta;REC Tip;ACVG;6063;26875;01/03/2026 20:00;02/03/2026 01:00;01/03/2026 20:04;01/03/2026 23:57
MARN3026.1;SLZ X THE;Volta;PERI;SLZ;6344;26488;01/03/2026 20:25;02/03/2026 00:30;01/03/2026 19:44;01/03/2026 23:59
CEPE003024;IAU X REC;Volta;REC Tip;CGE;6285;25907;01/03/2026 20:15;02/03/2026 00:30;01/03/2026 20:16;02/03/2026 00:14
PERN003035;CAU X NAT;Volta;CGE;CAU;6075;26882;01/03/2026 17:20;01/03/2026 20:00;01/03/2026 16:33;02/03/2026 00:15
ALCE003016;MCZ X CTO;Volta;JDO;ACVG;6107;25970;01/03/2026 17:00;02/03/2026 00:50;01/03/2026 17:16;02/03/2026 00:23
60;SLZ X ETO;Ida;SLZ;SLOP;6255;26614;01/03/2026 20:30;02/03/2026 01:00;01/03/2026 20:31;02/03/2026 00:38
PERN003035;CAU X NAT;Ida;CAU;CGE;6289;26938;01/03/2026 22:00;02/03/2026 01:00;01/03/2026 22:04;02/03/2026 00:38
16073;REC X TBR;Volta;TBR;REC Tip;6028;26752;01/03/2026 16:10;02/03/2026 00:10;01/03/2026 16:11;02/03/2026 00:40
ALCE003019;MCZ X CTO;Ida;MCZ;ACVG;6103;26406;01/03/2026 17:00;02/03/2026 01:25;01/03/2026 17:23;02/03/2026 00:49
50;SLZ X ITZ;Ida;SLZ;SIS;6274;25871;01/03/2026 20:00;02/03/2026 01:00;01/03/2026 20:06;02/03/2026 00:49
PERN003035;CAU X NAT;Volta;NAT;CAU;6015;26950;01/03/2026 17:00;02/03/2026 01:00;01/03/2026 17:15;02/03/2026 00:52
16037;REC X BOO;Volta;BOO;ACVG;6225;26380;01/03/2026 18:00;02/03/2026 00:16;01/03/2026 18:04;02/03/2026 00:54
BAPB003013;SSA X JPA;Volta;JPA;MEA;6093;25985;01/03/2026 18:00;01/03/2026 23:57;01/03/2026 18:06;02/03/2026 00:54
MARN3026.2;THE X JDO;Ida;THE;PCZ.R;6089;26068;01/03/2026 20:30;02/03/2026 01:10;01/03/2026 20:16;02/03/2026 00:55
60;SLZ X ETO;Volta;ETO;SLOP;6264;26599;01/03/2026 17:45;02/03/2026 01:00;01/03/2026 17:47;02/03/2026 01:03
16049;REC X PTR;Ida;REC Tip;GUS;6119;26094;01/03/2026 21:30;02/03/2026 01:06;01/03/2026 21:35;02/03/2026 01:06
16037;REC X BOO;Ida;REC Tip;ACVG;6099;26035;01/03/2026 20:50;02/03/2026 00:45;01/03/2026 21:10;02/03/2026 01:17
16033;REC X COO;Ida;REC Tip;ACVG;6056;26943;01/03/2026 21:00;02/03/2026 01:28;01/03/2026 20:55;02/03/2026 01:30
PBPE003036;CJS X REC;Ida;CJS;SOL.R;6043;26364;01/03/2026 20:30;02/03/2026 01:00;01/03/2026 20:31;02/03/2026 01:50
16033;REC X COO;Volta;COO;ACVG;6128;26762;01/03/2026 21:00;02/03/2026 01:52;01/03/2026 20:56;02/03/2026 01:56
ALPE012003;PND X REC;Ida;PND;GUS;6097;26239;01/03/2026 21:00;02/03/2026 00:30;01/03/2026 21:09;02/03/2026 01:56
ALPE012003;PND X REC;Volta;REC Tip;GUS;6069;26798;01/03/2026 22:30;02/03/2026 00:30;01/03/2026 22:34;02/03/2026 02:03
BAPE003014;PAF X REC;Volta;REC Tip;GUS;6335;25905;01/03/2026 22:30;02/03/2026 02:10;01/03/2026 22:34;02/03/2026 02:03
CEPE012001;CTO X REC;Ida;CTO;ACVG;6053;26439;01/03/2026 20:00;02/03/2026 01:50;01/03/2026 20:03;02/03/2026 02:05
CEPE012006;CTO X REC;Ida;CTO;ACVG;6265;25973;01/03/2026 18:00;02/03/2026 01:30;01/03/2026 18:04;02/03/2026 02:08
PERN003029;ARRP X NAT;Volta;REC Tip;ACVG;6228;26273;01/03/2026 21:46;02/03/2026 02:10;01/03/2026 21:54;02/03/2026 02:08
16058;REC X PNZ;Volta;COO;ACVG;6033;25957;01/03/2026 22:00;02/03/2026 01:20;01/03/2026 22:03;02/03/2026 02:11
CEPE003024;IAU X REC;Ida;PTCE;CGE;6305;26890;01/03/2026 23:50;02/03/2026 02:00;01/03/2026 23:14;02/03/2026 02:14
16056;REC X PNZ;Volta;PNZ;ACVG;6245;26262;01/03/2026 18:30;02/03/2026 01:48;01/03/2026 18:31;02/03/2026 02:30
16023;REC X ARRP;Volta;ARRP;ACVG;6157;26466;01/03/2026 19:00;02/03/2026 02:17;01/03/2026 19:04;02/03/2026 02:30
MAPE3030.3;ARRP X ACV;Volta;ACVG;ARRP;6205;26668;01/03/2026 19:37;02/03/2026 02:45;01/03/2026 19:17;02/03/2026 02:38
PESE003002;REC X AJU;Volta;AJU;MEA;6215;26412;01/03/2026 22:30;02/03/2026 03:30;01/03/2026 22:32;02/03/2026 02:39
BAPE003014;PAF X REC;Ida;PAF;GUS;6295;26656;01/03/2026 22:30;02/03/2026 02:29;01/03/2026 22:39;02/03/2026 02:40
16056.2;REC X PNZ;Volta;PNZ;ACVG;6185;25333;01/03/2026 19:15;02/03/2026 02:58;01/03/2026 19:20;02/03/2026 02:46
PESE003002;REC X AJU;Ida;REC Tip;MEA;6037;26203;01/03/2026 22:30;02/03/2026 02:30;01/03/2026 22:40;02/03/2026 03:00
30;SLZ X BLA;Volta;BLA;SLOP;6195;26487;01/03/2026 19:00;02/03/2026 02:25;01/03/2026 19:02;02/03/2026 03:25
PEPI012005;REC X THE;Volta;PCZ;ARRP;6149;26665;01/03/2026 23:20;02/03/2026 01:45;02/03/2026 01:14;02/03/2026 03:37
PBPE003015;CGE X PNZ;Volta;PNZ;ACVG;6017;26491;01/03/2026 19:30;02/03/2026 03:28;01/03/2026 19:37;02/03/2026 04:04
PERN003012;REC X NAT;Volta;NAT;REC Tip;6135;26363;01/03/2026 23:55;02/03/2026 05:45;01/03/2026 23:59;02/03/2026 04:12
16048;REC X IKM;Ida;REC Tip;SJG;6038;25326;01/03/2026 19:40;02/03/2026 05:20;01/03/2026 19:58;02/03/2026 04:24
16077;REC X TFN;Ida;REC Tip;TFN;6058;26060;01/03/2026 21:00;02/03/2026 04:25;01/03/2026 21:04;02/03/2026 04:38
BAPB003013;SSA X JPA;Volta;MEA;PPI;6093;25985;02/03/2026 00:17;02/03/2026 05:15;02/03/2026 01:09;02/03/2026 04:44
CEPE012006;CTO X REC;Volta;ACVG;CTO;6275;26125;01/03/2026 22:50;02/03/2026 05:30;01/03/2026 22:27;02/03/2026 04:45
16047.1;REC X GUS;Volta;GUS;REC;6014;26520;01/03/2026 23:30;02/03/2026 05:16;01/03/2026 23:04;02/03/2026 04:47
16047.1;REC X GUS;Volta;GUS;REC;6224;26912;01/03/2026 23:30;02/03/2026 05:16;01/03/2026 23:30;02/03/2026 04:49
PERN003012;REC X NAT;Ida;REC Tip;NAT;6057;26362;01/03/2026 23:55;02/03/2026 05:45;01/03/2026 20:45;02/03/2026 04:54
MAPE3030.2;THE X ARRP;Volta;ARRP;PCZ;6205;25448;02/03/2026 02:50;02/03/2026 05:05;02/03/2026 02:48;02/03/2026 04:59
16047.1;REC X GUS;Volta;GUS;REC;6024;26482;01/03/2026 23:30;02/03/2026 05:16;01/03/2026 23:30;02/03/2026 05:01
ALPB003027;MCZ X CGE;Ida;MCZ;CGE;6138;26580;01/03/2026 23:30;02/03/2026 06:18;01/03/2026 23:33;02/03/2026 05:03
MARN3026.3;JDO X CGE;Volta;PTCE;JDO;6254;26754;01/03/2026 23:50;02/03/2026 06:00;01/03/2026 23:42;02/03/2026 05:07
60;SLZ X ETO;Volta;SLOP;SLZ;6264;26614;02/03/2026 01:20;02/03/2026 05:55;02/03/2026 01:09;02/03/2026 05:29
ALCE003016;MCZ X CTO;Volta;ACVG;MCZ;6107;26432;02/03/2026 01:10;02/03/2026 06:30;02/03/2026 00:59;02/03/2026 05:34
16037;REC X BOO;Volta;ACVG;REC Tip;6225;26035;02/03/2026 00:36;02/03/2026 04:31;02/03/2026 01:37;02/03/2026 05:35
16067.1;REC X SJG;Volta;SJG;REC Tip;6023;26654;01/03/2026 21:50;02/03/2026 05:00;01/03/2026 22:31;02/03/2026 05:46
16056-3;REC X PNZ;Volta;ACVG;REC;6209;26670;02/03/2026 00:18;02/03/2026 05:00;02/03/2026 00:05;02/03/2026 05:47
16077;REC X TFN;Volta;TFN;REC Tip;6048;26736;01/03/2026 21:00;02/03/2026 04:30;01/03/2026 21:19;02/03/2026 05:48
16061.1;REC X SGI;Ida;REC Tip;SGI;6235;25883;01/03/2026 22:00;02/03/2026 05:15;01/03/2026 22:11;02/03/2026 05:51
PERN003035;CAU X NAT;Ida;CGE;NAT;6289;26938;02/03/2026 00:10;02/03/2026 04:30;02/03/2026 00:53;02/03/2026 05:51
ALPB003027;MCZ X CGE;Volta;CGE;MCZ;6194;26536;01/03/2026 23:30;02/03/2026 05:29;01/03/2026 23:30;02/03/2026 05:52
MAPE3030.3;ARRP X ACV;Ida;ARRP;ACVG;6314;26908;01/03/2026 22:25;02/03/2026 05:25;01/03/2026 23:18;02/03/2026 05:56
CEPE012006;CTO X REC;Ida;ACVG;REC Tip;6265;26856;02/03/2026 01:50;02/03/2026 05:30;02/03/2026 02:24;02/03/2026 06:04
ALPE003018;MCZ X PNZ;Volta;PAF;MCZ;6127;25555;01/03/2026 23:55;02/03/2026 05:10;02/03/2026 00:12;02/03/2026 06:06
ALPE012003;PND X REC;Ida;GUS;REC Tip;6097;26239;02/03/2026 01:00;02/03/2026 05:00;02/03/2026 02:31;02/03/2026 06:10
CEPE012001;CTO X REC;Volta;ACVG;CTO;6063;26025;02/03/2026 01:30;02/03/2026 06:00;02/03/2026 00:16;02/03/2026 06:11
PEPI012004;REC X FLOO;Volta;RSGI;REC Tip;6238;26172;01/03/2026 21:31;02/03/2026 05:15;01/03/2026 21:48;02/03/2026 06:12
16058;REC X PNZ;Volta;ACVG;REC Tip;6033;24993;02/03/2026 01:40;02/03/2026 05:40;02/03/2026 02:27;02/03/2026 06:13
PESE003002;REC X AJU;Volta;MEA;REC Tip;6215;26412;02/03/2026 04:30;02/03/2026 07:50;02/03/2026 02:50;02/03/2026 06:19
BAPE003014;PAF X REC;Volta;GUS;PAF;6335;25905;02/03/2026 02:30;02/03/2026 06:29;02/03/2026 02:27;02/03/2026 06:24
16033;REC X COO;Ida;ACVG;COO;6056;26762;02/03/2026 01:28;02/03/2026 06:20;02/03/2026 02:10;02/03/2026 06:25
PESE003002;REC X AJU;Ida;MEA;PPI2;6037;26203;02/03/2026 03:00;02/03/2026 05:30;02/03/2026 03:00;02/03/2026 06:25
ALPE003018;MCZ X PNZ;Ida;PAF;PNZ;6087;26377;01/03/2026 23:20;02/03/2026 06:00;01/03/2026 23:58;02/03/2026 06:29
BAPB003013;SSA X JPA;Volta;PPI;AJU;6093;26869;02/03/2026 05:20;02/03/2026 06:57;02/03/2026 04:45;02/03/2026 06:30
16023;REC X ARRP;Volta;ACVG;REC Tip;6157;26409;02/03/2026 02:17;02/03/2026 06:21;02/03/2026 02:48;02/03/2026 06:31
CEPE003024;IAU X REC;Ida;CGE;REC Tip;6305;26065;02/03/2026 02:10;02/03/2026 06:00;02/03/2026 02:18;02/03/2026 06:32
CEPE003024;IAU X REC;Volta;CGE;CZS.R;6285;25902;02/03/2026 00:40;02/03/2026 07:15;02/03/2026 00:18;02/03/2026 06:33
16033;REC X COO;Volta;ACVG;REC Tip;6128;26943;02/03/2026 01:52;02/03/2026 06:20;02/03/2026 02:09;02/03/2026 06:40
ALPE012003;PND X REC;Volta;GUS;PND;6069;26798;02/03/2026 01:00;02/03/2026 05:00;02/03/2026 02:33;02/03/2026 06:40
CEPE012001;CTO X REC;Ida;ACVG;REC Tip;6053;26875;02/03/2026 02:10;02/03/2026 05:30;02/03/2026 02:49;02/03/2026 06:41
16061.1;REC X SGI;Volta;SGI;REC Tip;6355;26133;01/03/2026 22:30;02/03/2026 05:53;01/03/2026 22:32;02/03/2026 06:45
16056;REC X PNZ;Volta;ACVG;REC Tip;6245;26273;02/03/2026 02:08;02/03/2026 06:35;02/03/2026 02:47;02/03/2026 06:47
16056.2;REC X PNZ;Ida;ACVG;PNZ;6325;26357;01/03/2026 23:50;02/03/2026 06:50;01/03/2026 23:57;02/03/2026 07:05
16023;REC X ARRP;Ida;ACVG;ARRP;6029;26673;02/03/2026 00:04;02/03/2026 07:21;02/03/2026 00:09;02/03/2026 07:08
16056.2;REC X PNZ;Volta;ACVG;REC Tip;6185;26876;02/03/2026 03:20;02/03/2026 07:10;02/03/2026 02:57;02/03/2026 07:13
12044;REC X CAU;Volta;CAU;REC Tip;6046;26934;02/03/2026 04:00;02/03/2026 07:30;02/03/2026 04:04;02/03/2026 07:16
16049;REC X PTR;Ida;GUS;PTR;6119;26094;02/03/2026 01:26;02/03/2026 06:41;02/03/2026 01:23;02/03/2026 07:17
PBPE003015;CGE X PNZ;Ida;ACVG;PNZ;6199;26802;01/03/2026 21:45;02/03/2026 07:20;01/03/2026 22:57;02/03/2026 07:24
ALCE003019;MCZ X CTO;Ida;ACVG;CTO;6103;26287;02/03/2026 01:45;02/03/2026 09:15;02/03/2026 01:12;02/03/2026 07:24
30;SLZ X BLA;Ida;SLOP;BLA;6175;26771;02/03/2026 00:25;02/03/2026 07:40;01/03/2026 23:34;02/03/2026 07:27
12004;REC X CAU;Volta;CAU;REC Tip;6229;25293;02/03/2026 05:30;02/03/2026 07:30;02/03/2026 05:31;02/03/2026 07:28
50;SLZ X ITZ;Ida;SIS;ITZ;6274;26224;02/03/2026 01:10;02/03/2026 06:00;02/03/2026 00:49;02/03/2026 07:29
PBPE003036;CJS X REC;Ida;SOL.R;REC Tip;6043;26364;02/03/2026 01:40;02/03/2026 07:40;02/03/2026 01:50;02/03/2026 07:30
12003-2;REC X SCZ;Ida;REC Tip;CAU;6309;25144;02/03/2026 05:30;02/03/2026 09:00;02/03/2026 05:32;02/03/2026 07:32
16056;REC X PNZ;Ida;ACVG;PNZ;6345;26191;02/03/2026 00:40;02/03/2026 07:30;02/03/2026 00:10;02/03/2026 07:39
60;SLZ X ETO;Ida;SLOP;ETO;6255;26497;02/03/2026 01:20;02/03/2026 08:15;02/03/2026 00:43;02/03/2026 07:41
BAPE003014;PAF X REC;Ida;GUS;REC Tip;6295;26656;02/03/2026 02:59;02/03/2026 07:20;02/03/2026 02:54;02/03/2026 07:55
30;SLZ X BLA;Volta;SLOP;SLZ;6195;26066;02/03/2026 02:35;02/03/2026 07:40;02/03/2026 03:34;02/03/2026 08:15
PESE003002;REC X AJU;Ida;PPI2;AJU;6037;26203;02/03/2026 06:00;02/03/2026 07:30;02/03/2026 06:44;02/03/2026 08:19
12004;REC X CAU;Volta;CAU;REC Tip;6158;26609;02/03/2026 06:30;02/03/2026 08:30;02/03/2026 06:40;02/03/2026 08:22
PBPE003004;JPA X REC;Ida;JPA;REC Tip;6086;26885;02/03/2026 06:00;02/03/2026 08:30;02/03/2026 06:08;02/03/2026 08:24
16037;REC X BOO;Ida;ACVG;BOO;6099;24723;02/03/2026 00:45;02/03/2026 09:35;02/03/2026 01:29;02/03/2026 08:29
16064;REC X SEC;Ida;DBT;SEC;6204;26508;02/03/2026 05:40;02/03/2026 08:40;02/03/2026 05:59;02/03/2026 08:47
12004;REC X CAU;Ida;REC Tip;CAU;6219;26646;02/03/2026 06:30;02/03/2026 08:20;02/03/2026 06:42;02/03/2026 08:48
PBRN003006;JPA X NAT;Volta;NAT;JPA;6108;26523;02/03/2026 06:00;02/03/2026 09:00;02/03/2026 06:10;02/03/2026 08:50
PBPE003004;JPA X REC;Volta;REC Tip;JPA;6168;26891;02/03/2026 06:00;02/03/2026 08:30;02/03/2026 06:05;02/03/2026 09:01
PERN003029;ARRP X NAT;Volta;ACVG;ARRP;6228;24436;02/03/2026 02:30;02/03/2026 09:10;02/03/2026 02:23;02/03/2026 09:23
PBPE003015;CGE X PNZ;Volta;ACVG;CGE;6017;25628;02/03/2026 03:48;02/03/2026 09:38;02/03/2026 04:21;02/03/2026 09:24
12044;REC X CAU;Volta;CAU;REC Tip;6096;26951;02/03/2026 06:00;02/03/2026 09:30;02/03/2026 06:06;02/03/2026 09:29
12004;REC X CAU;Volta;CAU;REC Tip;6075;26090;02/03/2026 07:30;02/03/2026 09:30;02/03/2026 07:37;02/03/2026 09:30
PERN003035;CAU X NAT;Ida;CAU;CGE;6098;26831;02/03/2026 07:00;02/03/2026 09:30;02/03/2026 07:11;02/03/2026 09:32
12044;REC X CAU;Ida;REC Tip;CAU;6016;26941;02/03/2026 06:00;02/03/2026 09:30;02/03/2026 06:06;02/03/2026 09:41
12004;REC X CAU;Ida;REC Tip;CAU;6026;26920;02/03/2026 07:30;02/03/2026 10:20;02/03/2026 07:42;02/03/2026 09:45
CEPE003024;IAU X REC;Volta;CZS.R;IAU;6285;25902;02/03/2026 07:45;02/03/2026 09:15;02/03/2026 06:59;02/03/2026 09:49
MAPE3030.1;SLZ X THE;Ida;SLZ;PERI;6344;26521;02/03/2026 06:00;02/03/2026 10:00;02/03/2026 06:00;02/03/2026 09:55
PBPE003004;JPA X REC;Ida;JPA;REC Tip;6156;25744;02/03/2026 08:00;02/03/2026 10:30;02/03/2026 08:05;02/03/2026 10:13
PBRN003006;JPA X NAT;Ida;JPA;NAT;6066;26735;02/03/2026 07:00;02/03/2026 10:00;02/03/2026 07:06;02/03/2026 10:20
16064;REC X SEC;Volta;SEC;DBT;6076;26131;02/03/2026 06:10;02/03/2026 09:10;02/03/2026 07:04;02/03/2026 10:36
PBPE003020;CGE x REC;Ida;CGE;REC Tip;6045;26126;02/03/2026 07:00;02/03/2026 10:50;02/03/2026 06:50;02/03/2026 10:37
16021;REC X ARRP;Volta;ARRP;SGI;6118;26381;02/03/2026 07:00;02/03/2026 09:30;02/03/2026 07:06;02/03/2026 10:38
PBPE003004;JPA X REC;Volta;REC Tip;JPA;6145;26509;02/03/2026 08:00;02/03/2026 10:30;02/03/2026 08:06;02/03/2026 10:38
12044;REC X CAU;Ida;REC Tip;CAU;6036;26932;02/03/2026 07:00;02/03/2026 10:30;02/03/2026 07:02;02/03/2026 10:41
MAPE3030.2;THE X ARRP;Volta;PCZ.R;THE;6205;25448;02/03/2026 05:25;02/03/2026 10:35;02/03/2026 06:07;02/03/2026 10:42
PERN003012;REC X NAT;Volta;NAT;REC Tip;6139;26766;02/03/2026 05:30;02/03/2026 11:50;02/03/2026 05:40;02/03/2026 10:43
12004;REC X CAU;Volta;CAU;REC Tip;6219;26646;02/03/2026 08:30;02/03/2026 10:30;02/03/2026 09:01;02/03/2026 10:47
12044;REC X CAU;Volta;CAU;REC Tip;6126;26937;02/03/2026 07:00;02/03/2026 10:30;02/03/2026 07:04;02/03/2026 10:48
PBRN003006;JPA X NAT;Volta;NAT;JPA;6025;26590;02/03/2026 08:00;02/03/2026 11:00;02/03/2026 08:07;02/03/2026 10:48
12004;REC X CAU;Ida;REC Tip;CAU;6048;25293;02/03/2026 08:30;02/03/2026 10:30;02/03/2026 08:36;02/03/2026 10:48
PERN003012;REC X NAT;Ida;REC Tip;NAT;6067;26365;02/03/2026 05:30;02/03/2026 11:20;02/03/2026 05:35;02/03/2026 10:54
MARN3026.2;THE X JDO;Volta;JDO;PCZ;6254;25861;02/03/2026 06:10;02/03/2026 12:00;02/03/2026 05:50;02/03/2026 11:03
MAPE3030.4;ACV X REC;Ida;ACVG;REC Tip;6314;26876;02/03/2026 05:30;02/03/2026 09:07;02/03/2026 06:37;02/03/2026 11:05
PEPI012005;REC X THE;Volta;ARRP;ACV.;6149;25964;02/03/2026 03:46;02/03/2026 11:05;02/03/2026 03:48;02/03/2026 11:15
16064;REC X SEC;Volta;SEC;GREC;2232;26016;02/03/2026 08:30;02/03/2026 11:00;02/03/2026 08:32;02/03/2026 11:21
12044;REC X CAU;Ida;REC Tip;CAU;6035;26934;02/03/2026 08:00;02/03/2026 11:30;02/03/2026 08:08;02/03/2026 11:23
MARN3026.2;THE X JDO;Ida;PCZ;JDO;6083;26068;02/03/2026 05:30;02/03/2026 10:50;02/03/2026 06:52;02/03/2026 11:37
PBPE003020;CGE x REC;Volta;REC Tip;CGE;6085;26952;02/03/2026 07:00;02/03/2026 10:50;02/03/2026 07:04;02/03/2026 11:39
16064;REC X SEC;Ida;DBT;SEC;2212;26922;02/03/2026 07:00;02/03/2026 10:00;02/03/2026 08:03;02/03/2026 11:41
16061;REC X SGI;Volta;SGI;ACV.;6235;25282;02/03/2026 07:30;02/03/2026 11:43;02/03/2026 07:30;02/03/2026 11:50
PBRN003006;JPA X NAT;Ida;JPA;NAT;6116;26757;02/03/2026 09:00;02/03/2026 12:00;02/03/2026 09:04;02/03/2026 11:53
16064;REC X SEC;Volta;SEC;DBT;6204;26508;02/03/2026 09:10;02/03/2026 11:10;02/03/2026 09:11;02/03/2026 11:53
16047;REC X GUS;Ida;REC Tip;GUS;6225;26537;02/03/2026 07:00;02/03/2026 11:48;02/03/2026 07:39;02/03/2026 11:55
12044;REC X CAU;Volta;CAU;REC Tip;6015;26846;02/03/2026 08:00;02/03/2026 11:30;02/03/2026 08:01;02/03/2026 11:57
MAPE3030.1;SLZ X THE;Ida;PERI;PFCXS2;6344;26521;02/03/2026 10:20;02/03/2026 12:20;02/03/2026 10:06;02/03/2026 12:06
16059;REC X PNZ;Ida;REC Tip;ACVG;6209;26859;02/03/2026 05:30;02/03/2026 10:44;02/03/2026 07:21;02/03/2026 12:07
PBPE003004;JPA X REC;Ida;JPA;REC Tip;6108;26891;02/03/2026 10:00;02/03/2026 12:30;02/03/2026 10:07;02/03/2026 12:12
MAPE3030.1;SLZ X THE;Volta;THE;PFCXS;6205;26578;02/03/2026 10:40;02/03/2026 12:10;02/03/2026 10:58;02/03/2026 12:24
PBPE003004;JPA X REC;Volta;REC Tip;JPA;6146;26885;02/03/2026 10:00;02/03/2026 12:30;02/03/2026 10:11;02/03/2026 12:30
PERN003035;CAU X NAT;Volta;NAT;CGE;6248;26529;02/03/2026 07:00;02/03/2026 11:20;02/03/2026 06:30;02/03/2026 12:32
BAPB003013;SSA X JPA;Volta;AJU;SSA.;6093;26869;02/03/2026 07:57;02/03/2026 11:27;02/03/2026 06:44;02/03/2026 12:35
12044;REC X CAU;Volta;CAU;REC Tip;6178;26948;02/03/2026 09:00;02/03/2026 12:30;02/03/2026 08:56;02/03/2026 12:35
12004;REC X CAU;Volta;CAU;REC Tip;6299;26920;02/03/2026 10:30;02/03/2026 12:20;02/03/2026 10:43;02/03/2026 12:35
12004;REC X CAU;Ida;REC Tip;CAU;6028;26609;02/03/2026 10:30;02/03/2026 12:30;02/03/2026 10:33;02/03/2026 12:40
PBPE003020;CGE x REC;Ida;CGE;REC Tip;6138;26632;02/03/2026 09:00;02/03/2026 12:50;02/03/2026 08:57;02/03/2026 12:43
PBRN003006;JPA X NAT;Volta;NAT;JPA;6289;26052;02/03/2026 10:00;02/03/2026 13:00;02/03/2026 10:06;02/03/2026 12:53
PERN003012;REC X NAT;Volta;NAT;REC Tip;6047;26805;02/03/2026 07:30;02/03/2026 13:20;02/03/2026 07:44;02/03/2026 12:56
16021;REC X ARRP;Ida;REC Tip;ACVG;6097;26918;02/03/2026 07:30;02/03/2026 11:30;02/03/2026 07:59;02/03/2026 13:01
12004;REC X CAU;Volta;CAU;REC Tip;6309;25144;02/03/2026 11:30;02/03/2026 14:00;02/03/2026 11:34;02/03/2026 13:14
12044;REC X CAU;Volta;CAU;REC Tip;6016;26941;02/03/2026 10:00;02/03/2026 13:30;02/03/2026 10:06;02/03/2026 13:18
PERN003012;REC X NAT;Ida;REC Tip;NAT;6265;26171;02/03/2026 07:30;02/03/2026 13:20;02/03/2026 07:57;02/03/2026 13:20
12004;REC X CAU;Ida;REC Tip;CAU;6043;26090;02/03/2026 11:30;02/03/2026 13:30;02/03/2026 11:34;02/03/2026 13:34
MAPE3030.1;SLZ X THE;Ida;PFCXS2;THE;6344;26521;02/03/2026 13:00;02/03/2026 14:30;02/03/2026 12:41;02/03/2026 13:59
ALPE003007;MCZ X REC;Volta;REC Tip;MEA;6157;26478;02/03/2026 09:00;02/03/2026 13:30;02/03/2026 09:11;02/03/2026 14:02
12044;REC X CAU;Ida;REC Tip;CAU;6158;26951;02/03/2026 10:00;02/03/2026 13:30;02/03/2026 10:50;02/03/2026 14:02
PBPE003004;JPA X REC;Ida;JPA;REC Tip;6025;26509;02/03/2026 12:00;02/03/2026 14:30;02/03/2026 12:05;02/03/2026 14:06
16043;REC X BCE;Ida;REC Tip;GUS;6024;26926;02/03/2026 09:00;02/03/2026 12:51;02/03/2026 09:46;02/03/2026 14:11
16064;REC X SEC;Ida;DBT;SEC;6076;26131;02/03/2026 11:00;02/03/2026 14:20;02/03/2026 10:45;02/03/2026 14:13
PBPE003004;JPA X REC;Volta;REC Tip;JPA;6156;25744;02/03/2026 12:00;02/03/2026 14:30;02/03/2026 12:04;02/03/2026 14:16
ALPB003027;MCZ X CGE;Ida;MCZ;CGE;6148;25089;02/03/2026 06:30;02/03/2026 14:18;02/03/2026 06:44;02/03/2026 14:22
12044;REC X CAU;Volta;CAU;REC Tip;6036;26932;02/03/2026 11:00;02/03/2026 14:30;02/03/2026 11:05;02/03/2026 14:22
16043;REC X BCE;Volta;BCE;REC Tip;6019;26872;02/03/2026 08:00;02/03/2026 12:55;02/03/2026 08:11;02/03/2026 14:23
PERN003012;REC X NAT;Volta;NAT;REC Tip;6147;26889;02/03/2026 09:00;02/03/2026 14:50;02/03/2026 09:09;02/03/2026 14:23
PBRN003006;JPA X NAT;Ida;JPA;NAT;6088;26871;02/03/2026 11:00;02/03/2026 14:00;02/03/2026 11:04;02/03/2026 14:23
12004;REC X CAU;Volta;CAU;REC Tip;6048;25293;02/03/2026 12:30;02/03/2026 14:30;02/03/2026 12:33;02/03/2026 14:27
16064;REC X SEC;Ida;DBT;SEC;6224;21883;02/03/2026 09:15;02/03/2026 14:30;02/03/2026 11:04;02/03/2026 14:34
16059;REC X PNZ;Volta;PNZ;ACVG;6137;26261;02/03/2026 06:00;02/03/2026 14:15;02/03/2026 06:06;02/03/2026 14:37
12044;REC X CAU;Ida;REC Tip;CAU;6126;26937;02/03/2026 11:00;02/03/2026 14:30;02/03/2026 10:55;02/03/2026 14:39
PERN003012;REC X NAT;Ida;REC Tip;NAT;6245;26413;02/03/2026 09:00;02/03/2026 14:50;02/03/2026 09:17;02/03/2026 14:45
PBPE003020;CGE x REC;Volta;REC Tip;CGE;6249;26065;02/03/2026 09:00;02/03/2026 12:50;02/03/2026 09:37;02/03/2026 14:46
16073;REC X TBR;Ida;REC Tip;TBR;6239;25735;02/03/2026 06:20;02/03/2026 14:20;02/03/2026 06:25;02/03/2026 14:58
PERN003035;CAU X NAT;Volta;CGE;CAU;6248;26529;02/03/2026 11:40;02/03/2026 14:00;02/03/2026 12:44;02/03/2026 15:00
ALPE003007;MCZ X REC;Volta;MEA;MCZ;6157;26478;02/03/2026 13:50;02/03/2026 14:30;02/03/2026 14:02;02/03/2026 15:00
MAPE3030.1;SLZ X THE;Volta;PFCXS;PERI;6205;26578;02/03/2026 12:50;02/03/2026 15:05;02/03/2026 12:49;02/03/2026 15:06
12044;REC X CAU;Volta;CAU;REC Tip;6035;26934;02/03/2026 12:00;02/03/2026 15:30;02/03/2026 12:03;02/03/2026 15:09
PERN003035;CAU X NAT;Ida;CGE;NAT;6098;26831;02/03/2026 10:00;02/03/2026 13:30;02/03/2026 09:58;02/03/2026 15:20
16043;REC X BCE;Ida;GUS;BCE;6024;26926;02/03/2026 13:11;02/03/2026 13:49;02/03/2026 14:20;02/03/2026 15:20
12004;REC X CAU;Ida;REC Tip;CAU;6219;26920;02/03/2026 12:30;02/03/2026 14:30;02/03/2026 13:19;02/03/2026 15:31
PBRN003006;JPA X NAT;Ida;JPA;NAT;6168;26523;02/03/2026 13:00;02/03/2026 16:00;02/03/2026 13:01;02/03/2026 15:38
PERN003035;CAU X NAT;Ida;CAU;CGE;6026;26882;02/03/2026 13:00;02/03/2026 15:00;02/03/2026 13:03;02/03/2026 15:40
PEPI012005;REC X THE;Volta;ACV.;REC Tip;6169;26877;02/03/2026 11:10;02/03/2026 15:25;02/03/2026 11:53;02/03/2026 15:43
PBPE003005;CGE X REC;Volta;REC Tip;CGE;6135;26906;02/03/2026 11:30;02/03/2026 16:00;02/03/2026 11:41;02/03/2026 15:44
16021;REC X ARRP;Volta;SGI;ACVG;6118;26381;02/03/2026 10:00;02/03/2026 13:30;02/03/2026 10:56;02/03/2026 15:46
16041;REC X AGB;Volta;AGB2;REC Tip;6039;26946;02/03/2026 08:50;02/03/2026 14:25;02/03/2026 08:54;02/03/2026 15:52
PBRN003006;JPA X NAT;Volta;NAT;JPA;6116;26735;02/03/2026 12:00;02/03/2026 15:00;02/03/2026 12:46;02/03/2026 15:53
12044;REC X CAU;Ida;REC Tip;CAU;6128;26846;02/03/2026 12:00;02/03/2026 15:30;02/03/2026 13:00;02/03/2026 16:01
MARN3026.1;SLZ X THE;Ida;SLZ;PERI;6073;26488;02/03/2026 11:50;02/03/2026 16:15;02/03/2026 11:55;02/03/2026 16:06
16073;REC X TBR;Volta;TBR;REC Tip;6269;26755;02/03/2026 07:00;02/03/2026 15:30;02/03/2026 07:04;02/03/2026 16:11
12004;REC X CAU;Volta;CAU;REC Tip;6043;26090;02/03/2026 14:30;02/03/2026 16:30;02/03/2026 14:30;02/03/2026 16:13
12044;REC X CAU;Ida;REC Tip;CAU;6178;26948;02/03/2026 13:00;02/03/2026 16:30;02/03/2026 13:15;02/03/2026 16:17
16061;REC X SGI;Ida;REC Tip;ACVG;6355;26535;02/03/2026 11:30;02/03/2026 15:30;02/03/2026 11:42;02/03/2026 16:20
MARN3026.2;THE X JDO;Volta;PCZ.R;THE;6254;25861;02/03/2026 12:20;02/03/2026 17:00;02/03/2026 12:00;02/03/2026 16:21
PBPE003004;JPA X REC;Ida;JPA;REC Tip;6289;26885;02/03/2026 14:00;02/03/2026 16:30;02/03/2026 14:14;02/03/2026 16:26
16064;REC X SEC;Ida;DBT;SEC;6204;26508;02/03/2026 13:40;02/03/2026 16:40;02/03/2026 13:42;02/03/2026 16:28
12004;REC X CAU;Ida;REC Tip;CAU;6108;26646;02/03/2026 14:30;02/03/2026 16:20;02/03/2026 14:34;02/03/2026 16:38
PBPE003004;JPA X REC;Volta;REC Tip;JPA;6015;26891;02/03/2026 14:00;02/03/2026 16:30;02/03/2026 14:28;02/03/2026 16:40
PBPE003020;CGE x REC;Ida;CGE;REC Tip;6018;26890;02/03/2026 13:00;02/03/2026 16:50;02/03/2026 13:02;02/03/2026 16:46
16043;REC X BCE;Volta;BCE;GUS;6024;26926;02/03/2026 14:00;02/03/2026 15:00;02/03/2026 15:34;02/03/2026 16:52
PBPE003020;CGE x REC;Volta;REC Tip;CGE;6075;26126;02/03/2026 13:00;02/03/2026 16:50;02/03/2026 13:02;02/03/2026 16:58
16047.1;REC X GUS;Ida;REC;GUS;6014;26482;02/03/2026 10:00;02/03/2026 16:48;02/03/2026 10:10;02/03/2026 17:02
PERN003012;REC X NAT;Volta;NAT;REC Tip;6057;26480;02/03/2026 11:00;02/03/2026 16:50;02/03/2026 11:05;02/03/2026 17:09
16064;REC X SEC;Volta;SEC;DBT;6076;26131;02/03/2026 14:30;02/03/2026 17:10;02/03/2026 14:24;02/03/2026 17:13
12044;REC X CAU;Volta;CAU;REC Tip;6158;26951;02/03/2026 14:00;02/03/2026 17:30;02/03/2026 14:13;02/03/2026 17:14
PBRN003006;JPA X NAT;Volta;NAT;JPA;6088;26757;02/03/2026 14:00;02/03/2026 17:00;02/03/2026 14:43;02/03/2026 17:18
12004;REC X CAU;Volta;CAU;REC Tip;6028;26609;02/03/2026 15:30;02/03/2026 17:30;02/03/2026 15:36;02/03/2026 17:18
16061;REC X SGI;Volta;ACV.;REC Tip;6235;25282;02/03/2026 12:23;02/03/2026 16:50;02/03/2026 12:25;02/03/2026 17:24
MARN3026.3;JDO X CGE;Ida;JDO;PFPTCEE;6083;26761;02/03/2026 11:00;02/03/2026 16:45;02/03/2026 11:37;02/03/2026 17:35
PERN003012;REC X NAT;Ida;REC Tip;NAT;6059;26949;02/03/2026 11:00;02/03/2026 16:50;02/03/2026 11:29;02/03/2026 17:42
12004;REC X CAU;Ida;REC Tip;CAU;6096;25144;02/03/2026 15:30;02/03/2026 18:00;02/03/2026 15:36;02/03/2026 17:43
PBRN003006;JPA X NAT;Ida;JPA;NAT;6145;26590;02/03/2026 15:00;02/03/2026 18:00;02/03/2026 15:02;02/03/2026 17:45
16064;REC X SEC;Ida;DBT;SEC;2222;26016;02/03/2026 15:00;02/03/2026 19:00;02/03/2026 14:51;02/03/2026 17:47
16064;REC X SEC;Volta;SEC;DBT;6224;21883;02/03/2026 13:00;02/03/2026 17:30;02/03/2026 14:57;02/03/2026 17:57
16021;REC X ARRP;Ida;ACVG;SGI.R;6097;26374;02/03/2026 11:44;02/03/2026 15:50;02/03/2026 13:30;02/03/2026 18:00
MARN3026.1;SLZ X THE;Ida;PERI;PFCXS2;6073;26488;02/03/2026 16:35;02/03/2026 18:10;02/03/2026 16:07;02/03/2026 18:12
MARN3026.1;SLZ X THE;Volta;THE;CXS;6254;26238;02/03/2026 17:20;02/03/2026 18:00;02/03/2026 16:37;02/03/2026 18:19
16075;REC X TAMA;Volta;TAMA;GREC;2212;26922;02/03/2026 14:20;02/03/2026 17:20;02/03/2026 14:24;02/03/2026 18:25
PERN003012;REC X NAT;Ida;REC Tip;NAT;6129;26766;02/03/2026 13:00;02/03/2026 18:50;02/03/2026 13:12;02/03/2026 18:26
PERN003012;REC X NAT;Volta;NAT;REC Tip;6067;26365;02/03/2026 13:00;02/03/2026 18:50;02/03/2026 13:08;02/03/2026 18:29
12004;REC X CAU;Volta;CAU;REC Tip;6108;26646;02/03/2026 16:30;02/03/2026 19:00;02/03/2026 16:49;02/03/2026 18:31
12044;REC X CAU;Volta;CAU;REC Tip;6126;26937;02/03/2026 15:00;02/03/2026 18:30;02/03/2026 15:01;02/03/2026 18:32
PERN003035;CAU X NAT;Volta;NAT;CGE;6066;25504;02/03/2026 13:00;02/03/2026 17:00;02/03/2026 12:59;02/03/2026 18:38
12044;REC X CAU;Ida;REC Tip;CAU;6036;26932;02/03/2026 15:00;02/03/2026 18:30;02/03/2026 15:07;02/03/2026 18:38
16047;REC X GUS;Volta;GUS;REC Tip;6225;26537;02/03/2026 13:00;02/03/2026 18:48;02/03/2026 13:11;02/03/2026 18:40
PBPE003004;JPA X REC;Ida;JPA;REC Tip;6156;25744;02/03/2026 16:00;02/03/2026 18:30;02/03/2026 16:20;02/03/2026 18:42
ALPE003007;MCZ X REC;Ida;MCZ;MEA;6127;26478;02/03/2026 17:30;02/03/2026 18:30;02/03/2026 17:42;02/03/2026 18:53
12004;REC X CAU;Ida;REC Tip;CAU;6229;25293;02/03/2026 16:30;02/03/2026 18:30;02/03/2026 16:45;02/03/2026 18:54
PBPE003020;CGE x REC;Ida;CGE;REC Tip;6249;26952;02/03/2026 15:00;02/03/2026 18:50;02/03/2026 14:53;02/03/2026 19:04
PBPE003004;JPA X REC;Volta;REC Tip;JPA;6309;26509;02/03/2026 16:00;02/03/2026 18:30;02/03/2026 16:43;02/03/2026 19:14
MARN3026.4;CGE X NAT;Volta;NAT;CGE;6324;25887;02/03/2026 14:30;02/03/2026 19:30;02/03/2026 14:35;02/03/2026 19:19
MAPE3030.1;SLZ X THE;Volta;PERI;SLZ;6205;26578;02/03/2026 15:25;02/03/2026 19:15;02/03/2026 15:13;02/03/2026 19:21
12044;REC X CAU;Ida;REC Tip;CAU;6035;26934;02/03/2026 16:00;02/03/2026 19:30;02/03/2026 16:03;02/03/2026 19:24
PBPE003020;CGE x REC;Volta;REC Tip;CGE;6138;26632;02/03/2026 15:00;02/03/2026 18:50;02/03/2026 15:04;02/03/2026 19:26
1;TFD IDA;Ida;REC;REC;6146;26595;02/03/2026 15:00;02/03/2026 19:00;02/03/2026 16:23;02/03/2026 19:32
12004;REC X CAU;Ida;REC Tip;CAU;6269;26090;02/03/2026 17:30;02/03/2026 19:30;02/03/2026 17:32;02/03/2026 19:32
MAPE3030.2;THE X ARRP;Ida;THE;PCZ.R;6344;26091;02/03/2026 14:35;02/03/2026 20:00;02/03/2026 14:42;02/03/2026 19:40
12044;REC X CAU;Volta;CAU;REC Tip;6128;26846;02/03/2026 16:00;02/03/2026 19:30;02/03/2026 16:13;02/03/2026 19:42
MAPE3030.4;ACV X REC;Volta;REC Tip;ACVG;6215;26876;02/03/2026 14:30;02/03/2026 19:17;02/03/2026 15:39;02/03/2026 19:52
PERN003012;REC X NAT;Volta;NAT;REC Tip;6265;26171;02/03/2026 15:00;02/03/2026 20:50;02/03/2026 15:08;02/03/2026 19:53
CEPE003024;IAU X REC;Ida;IAU;CZS.R;6285;25628;02/03/2026 17:15;02/03/2026 20:00;02/03/2026 17:13;02/03/2026 19:54
16043;REC X BCE;Ida;REC Tip;GUS;6147;26878;02/03/2026 15:00;02/03/2026 19:30;02/03/2026 15:53;02/03/2026 19:57
MARN3026.1;SLZ X THE;Ida;PFCXS2;THE;6073;26488;02/03/2026 18:50;02/03/2026 20:10;02/03/2026 18:40;02/03/2026 19:58
PBPE003004;JPA X REC;Ida;JPA;REC Tip;6015;26891;02/03/2026 18:00;02/03/2026 20:30;02/03/2026 18:05;02/03/2026 20:00
16047.1;REC X GUS;Ida;REC;GUS;6045;26916;02/03/2026 13:00;02/03/2026 18:48;02/03/2026 12:41;02/03/2026 20:01
PERN003012;REC X NAT;Ida;REC Tip;NAT;6047;26805;02/03/2026 15:00;02/03/2026 20:50;02/03/2026 15:06;02/03/2026 20:01
MARN3026.1;SLZ X THE;Volta;CXS;PERI;6254;26238;02/03/2026 18:40;02/03/2026 20:05;02/03/2026 18:21;02/03/2026 20:12
16059;REC X PNZ;Volta;ACVG;REC Tip;6137;26859;02/03/2026 14:25;02/03/2026 19:16;02/03/2026 15:08;02/03/2026 20:14
12044;REC X CAU;Ida;REC Tip;CAU;6025;26857;02/03/2026 17:00;02/03/2026 20:30;02/03/2026 17:04;02/03/2026 20:34
12044;REC X CAU;Volta;CAU;REC Tip;6178;26948;02/03/2026 17:00;02/03/2026 20:30;02/03/2026 17:04;02/03/2026 20:39
PBPE003004;JPA X REC;Volta;REC Tip;JPA;6299;26885;02/03/2026 18:00;02/03/2026 20:30;02/03/2026 18:02;02/03/2026 20:39
16067;REC X SJG;Volta;SJG;REC Tip;6189;26376;02/03/2026 11:50;02/03/2026 20:15;02/03/2026 11:50;02/03/2026 20:48
PERN003035;CAU X NAT;Ida;CGE;NAT;6026;26882;02/03/2026 15:30;02/03/2026 19:00;02/03/2026 15:53;02/03/2026 20:50
16043;REC X BCE;Ida;GUS;BCE;6147;26878;02/03/2026 19:50;02/03/2026 20:30;02/03/2026 20:04;02/03/2026 21:01
16061;REC X SGI;Ida;ACVG;SGI;6355;26535;02/03/2026 15:50;02/03/2026 20:38;02/03/2026 16:50;02/03/2026 21:03
16064;REC X SEC;Volta;SEC;GREC;6204;26508;02/03/2026 18:00;02/03/2026 21:00;02/03/2026 18:11;02/03/2026 21:04
16067;REC X SJG;Ida;REC Tip;SJG;6033;21982;02/03/2026 12:15;02/03/2026 19:20;02/03/2026 12:23;02/03/2026 21:13
16021;REC X ARRP;Volta;ACVG;REC Tip;6118;26918;02/03/2026 13:39;02/03/2026 18:40;02/03/2026 16:23;02/03/2026 21:15
16043;REC X BCE;Volta;GUS;REC Tip;6024;26926;02/03/2026 15:20;02/03/2026 19:30;02/03/2026 17:10;02/03/2026 21:19
PERN003035;CAU X NAT;Volta;CGE;CAU;6066;25504;02/03/2026 17:20;02/03/2026 20:00;02/03/2026 18:46;02/03/2026 21:26
12003-2;REC X SCZ;Volta;SCZ;REC Tip;6219;26920;02/03/2026 16:30;02/03/2026 19:30;02/03/2026 16:56;02/03/2026 21:29
16021;REC X ARRP;Ida;SGI.R;ARRP;6097;26374;02/03/2026 16:00;02/03/2026 19:30;02/03/2026 18:07;02/03/2026 21:29
PEPI012004;REC X FLOO;Ida;REC Tip;RSGI;6238;26459;02/03/2026 12:30;02/03/2026 20:15;02/03/2026 12:33;02/03/2026 21:30
16041;REC X AGB;Ida;REC Tip;AGB;6139;26930;02/03/2026 13:30;02/03/2026 19:50;02/03/2026 14:37;02/03/2026 21:36
12044;REC X CAU;Ida;REC Tip;CAU;6086;26951;02/03/2026 18:00;02/03/2026 21:30;02/03/2026 18:16;02/03/2026 21:42
16059;REC X PNZ;Ida;ACVG;PNZ;6209;26235;02/03/2026 10:54;02/03/2026 19:10;02/03/2026 12:41;02/03/2026 21:43
16064;REC X SEC;Ida;DBT;SEC;6224;21883;02/03/2026 18:10;02/03/2026 21:30;02/03/2026 17:58;02/03/2026 21:44
PERN003012;REC X NAT;Volta;NAT;REC Tip;6245;26413;02/03/2026 17:00;02/03/2026 22:50;02/03/2026 17:06;02/03/2026 22:17
CEPE012006;CTO X REC;Volta;REC Tip;ACVG;6185;24993;02/03/2026 18:00;02/03/2026 22:30;02/03/2026 18:17;02/03/2026 22:23
ALPE003007;MCZ X REC;Ida;MEA;REC Tip;6127;26478;02/03/2026 18:50;02/03/2026 22:30;02/03/2026 18:53;02/03/2026 22:26
PBPE003015;CGE X PNZ;Ida;CGE;ACVG;6017;25907;02/03/2026 17:00;02/03/2026 21:25;02/03/2026 17:05;02/03/2026 22:45
PBPE003005;CGE X REC;Ida;CGE;REC Tip;6148;26906;02/03/2026 19:00;02/03/2026 23:00;02/03/2026 19:06;02/03/2026 22:51
MAPE3030.2;THE X ARRP;Ida;PCZ;ARRP;6344;26091;02/03/2026 20:20;02/03/2026 22:20;02/03/2026 20:17;02/03/2026 22:53
MARN3026.3;JDO X CGE;Volta;CGE;PTCE;6324;26759;02/03/2026 19:31;02/03/2026 23:30;02/03/2026 19:26;02/03/2026 23:10
PERN003012;REC X NAT;Ida;REC Tip;NAT;6159;26889;02/03/2026 17:30;02/03/2026 22:50;02/03/2026 17:32;02/03/2026 23:13
CEPE003024;IAU X REC;Ida;CZS.R;PTCE;6285;25628;02/03/2026 20:30;02/03/2026 23:30;02/03/2026 20:33;02/03/2026 23:21
16021.1;REC X ARRP;Volta;ARRP.SE;ACVG;6228;26673;02/03/2026 17:00;02/03/2026 23:40;02/03/2026 16:26;02/03/2026 23:33
ALPE003018;MCZ X PNZ;Ida;MCZ;PAF;6157;26525;02/03/2026 17:00;02/03/2026 23:15;02/03/2026 17:16;02/03/2026 23:36
ALCE003016;MCZ X CTO;Ida;MCZ;ACVG;6107;26589;02/03/2026 17:00;02/03/2026 23:00;02/03/2026 17:41;02/03/2026 23:42
30;SLZ X BLA;Ida;SLZ;SLOP;6195;25871;02/03/2026 19:00;03/03/2026 00:04;02/03/2026 19:02;02/03/2026 23:45
16073;REC X TBR;Ida;REC Tip;TBR;6048;26752;02/03/2026 15:30;02/03/2026 23:50;02/03/2026 15:55;02/03/2026 23:48
BAPB003013;SSA X JPA;Ida;SSA.;AJU;6093;25716;02/03/2026 18:00;02/03/2026 22:30;02/03/2026 16:56;02/03/2026 23:49
16056-3;REC X PNZ;Ida;REC;ACVG;6334;26670;02/03/2026 17:00;02/03/2026 22:30;02/03/2026 19:22;02/03/2026 23:52
16056.2;REC X PNZ;Ida;REC Tip;ACVG;6305;26940;02/03/2026 19:30;02/03/2026 23:30;02/03/2026 19:35;02/03/2026 23:54
16056-3;REC X PNZ;Volta;PNZ.G;ACVG;6284;24830;02/03/2026 16:30;02/03/2026 23:50;02/03/2026 14:50;02/03/2026 23:58
ALPE003018;MCZ X PNZ;Volta;PNZ;PAF;6199;26377;02/03/2026 17:00;02/03/2026 23:50;02/03/2026 17:04;03/03/2026 00:09
CEPE012001;CTO X REC;Volta;REC Tip;ACVG;6053;26239;02/03/2026 20:00;03/03/2026 01:00;02/03/2026 20:04;03/03/2026 00:14
50;SLZ X ITZ;Ida;SLZ;SIS;6264;26614;02/03/2026 20:00;03/03/2026 01:00;02/03/2026 20:02;03/03/2026 00:16
PERN003035;CAU X NAT;Volta;NAT;CAU;6168;26938;02/03/2026 17:00;03/03/2026 01:00;02/03/2026 16:31;03/03/2026 00:17
MARN3026.1;SLZ X THE;Volta;PERI;SLZ;6254;26238;02/03/2026 20:25;03/03/2026 00:30;02/03/2026 20:14;03/03/2026 00:17
MARN3026.2;THE X JDO;Ida;THE;PCZ.R;6073;26597;02/03/2026 20:30;03/03/2026 01:10;02/03/2026 20:15;03/03/2026 00:35
16056;REC X PNZ;Ida;REC Tip;ACVG;6235;26409;02/03/2026 19:40;03/03/2026 00:20;02/03/2026 20:31;03/03/2026 00:35
PERN003035;CAU X NAT;Ida;CAU;CGE;6229;26868;02/03/2026 22:00;03/03/2026 01:00;02/03/2026 22:02;03/03/2026 00:39
ALCE003017;MCZ X CTO;Volta;CTO;PAF;6103;26125;02/03/2026 17:00;02/03/2026 23:15;02/03/2026 16:57;03/03/2026 00:40
PEPI003011;REC X PCZ;Ida;REC Tip;ACVG;6039;26875;02/03/2026 20:00;02/03/2026 23:40;02/03/2026 20:40;03/03/2026 00:43
PBPE003005;CGE X REC;Volta;REC Tip;CGE;6156;25890;02/03/2026 21:00;02/03/2026 23:30;02/03/2026 21:03;03/03/2026 00:54
16049;REC X PTR;Ida;REC Tip;GUS;6169;26354;02/03/2026 21:30;03/03/2026 01:06;02/03/2026 21:23;03/03/2026 01:00
60;SLZ X ETO;Volta;ETO;SLOP;6255;26225;02/03/2026 17:45;03/03/2026 01:00;02/03/2026 17:44;03/03/2026 01:06
CEPE012006;CTO X REC;Ida;CTO;ACVG;6275;26025;02/03/2026 18:00;03/03/2026 01:30;02/03/2026 17:58;03/03/2026 01:06
16037;REC X BOO;Ida;REC Tip;ACVG;6067;26035;02/03/2026 20:50;03/03/2026 00:45;02/03/2026 21:07;03/03/2026 01:15
BAPB003013;SSA X JPA;Ida;AJU;PPI;6093;25716;02/03/2026 22:50;03/03/2026 00:32;02/03/2026 23:49;03/03/2026 01:19
ALPE012003;PND X REC;Ida;PND;GUS;6069;26798;02/03/2026 21:00;03/03/2026 00:30;02/03/2026 21:05;03/03/2026 01:26
16037;REC X BOO;Volta;BOO;ACVG;6099;24723;02/03/2026 18:00;03/03/2026 00:16;02/03/2026 18:01;03/03/2026 01:28
16033;REC X COO;Volta;COO;ACVG;6056;26762;02/03/2026 21:00;03/03/2026 01:52;02/03/2026 20:55;03/03/2026 01:33
16033;REC X COO;Ida;REC Tip;ACVG;6023;26943;02/03/2026 21:00;03/03/2026 01:28;02/03/2026 21:05;03/03/2026 01:33
16073;REC X TBR;Volta;TBR;REC Tip;6239;26750;02/03/2026 16:10;03/03/2026 00:10;02/03/2026 16:09;03/03/2026 01:34
50;SLZ X ITZ;Volta;ITZ;SIS;6274;25866;02/03/2026 20:00;03/03/2026 01:55;02/03/2026 19:05;03/03/2026 01:58
CEPE012001;CTO X REC;Ida;JDO;ACVG;6063;24686;02/03/2026 20:00;03/03/2026 01:50;02/03/2026 19:57;03/03/2026 01:58
ALPE003008;AIR X REC;Volta;REC Tip;GUS;6019;26858;02/03/2026 22:30;03/03/2026 01:00;02/03/2026 22:42;03/03/2026 02:17
16056;REC X PNZ;Volta;PNZ;ACVG;6345;26358;02/03/2026 18:30;03/03/2026 01:48;02/03/2026 18:31;03/03/2026 02:27
16023;REC X ARRP;Volta;ARRP;ACVG;6029;24436;02/03/2026 19:00;03/03/2026 02:17;02/03/2026 19:00;03/03/2026 02:37
BAPE003014;PAF X REC;Ida;PAF;GUS;6335;26769;02/03/2026 22:30;03/03/2026 02:29;02/03/2026 22:43;03/03/2026 02:41
PESE003002;REC X AJU;Ida;REC Tip;MEA;6189;26410;02/03/2026 22:30;03/03/2026 02:30;02/03/2026 23:18;03/03/2026 02:48
BAPE003014;PAF X REC;Volta;REC Tip;GUS;6245;26468;02/03/2026 22:30;03/03/2026 02:10;02/03/2026 22:23;03/03/2026 02:53
16048;REC X IKM;Ida;REC Tip;IKM;6289;26776;02/03/2026 19:40;03/03/2026 05:20;02/03/2026 19:47;03/03/2026 03:01
16056.2;REC X PNZ;Volta;PNZ;ACVG;6325;26130;02/03/2026 19:15;03/03/2026 02:58;02/03/2026 19:27;03/03/2026 03:05
MAPE3030.3;ARRP X ACV;Volta;ACVG;ARRP;6215;26908;02/03/2026 19:37;03/03/2026 02:45;02/03/2026 20:28;03/03/2026 03:15
30;SLZ X BLA;Volta;BLA;SLOP;6175;26519;02/03/2026 19:00;03/03/2026 02:25;02/03/2026 19:00;03/03/2026 03:20
PESE003002;REC X AJU;Volta;AJU;MEA;6037;26203;02/03/2026 22:30;03/03/2026 03:30;02/03/2026 22:45;03/03/2026 03:33
PBPE003015;CGE X PNZ;Volta;PNZ;ACVG;6109;25586;02/03/2026 19:30;03/03/2026 03:28;02/03/2026 19:31;03/03/2026 03:58
PERN003012;REC X NAT;Volta;NAT;REC Tip;6079;26362;02/03/2026 23:55;03/03/2026 05:45;03/03/2026 00:02;03/03/2026 04:15
BAPB003013;SSA X JPA;Ida;PPI;MEA;6093;25985;03/03/2026 00:35;03/03/2026 05:00;03/03/2026 01:30;03/03/2026 04:19
16077;REC X TFN;Ida;REC Tip;TFN;6028;26060;02/03/2026 21:00;03/03/2026 04:25;02/03/2026 21:02;03/03/2026 04:29
16021.1;REC X ARRP;Volta;ACVG;REC;6228;26865;02/03/2026 23:50;03/03/2026 03:47;03/03/2026 00:12;03/03/2026 04:34
ALPB003027;MCZ X CGE;Volta;CGE;MCZ;6138;26580;02/03/2026 23:30;03/03/2026 05:29;02/03/2026 23:28;03/03/2026 04:46
16047.1;REC X GUS;Volta;GUS;REC;6014;26482;02/03/2026 23:30;03/03/2026 05:16;02/03/2026 23:36;03/03/2026 04:56
PERN003012;REC X NAT;Ida;REC Tip;NAT;6057;26363;02/03/2026 23:55;03/03/2026 05:45;03/03/2026 00:16;03/03/2026 05:07
CEPE012006;CTO X REC;Ida;ACVG;REC Tip;6275;24993;03/03/2026 01:50;03/03/2026 05:30;03/03/2026 01:31;03/03/2026 05:08
ALPE012003;PND X REC;Ida;GUS;REC Tip;6069;26798;03/03/2026 01:00;03/03/2026 05:00;03/03/2026 01:56;03/03/2026 05:13
CEPE012006;CTO X REC;Volta;ACVG;CTO;6185;26439;02/03/2026 22:50;03/03/2026 05:30;02/03/2026 22:44;03/03/2026 05:18
ALPB003027;MCZ X CGE;Ida;MCZ;CGE;6194;26536;02/03/2026 23:30;03/03/2026 06:18;02/03/2026 23:34;03/03/2026 05:18
60;SLZ X ETO;Volta;SLOP;SLZ;6255;24582;03/03/2026 01:20;03/03/2026 05:55;03/03/2026 01:09;03/03/2026 05:18
MARN3026.3;JDO X CGE;Volta;PTCE;JDO;6324;26759;02/03/2026 23:50;03/03/2026 06:00;02/03/2026 23:14;03/03/2026 05:33
MAPE3030.2;THE X ARRP;Volta;ARRP;PCZ;6215;26489;03/03/2026 02:50;03/03/2026 05:05;03/03/2026 03:25;03/03/2026 05:35
ALPE003008;AIR X REC;Volta;GUS;AIR;6019;26858;03/03/2026 02:00;03/03/2026 06:30;03/03/2026 02:36;03/03/2026 05:36
16047.1;REC X GUS;Volta;GUS;REC;6077;26520;02/03/2026 23:30;03/03/2026 05:16;02/03/2026 23:30;03/03/2026 05:38
16056-3;REC X PNZ;Volta;ACVG;REC;6284;26670;03/03/2026 00:18;03/03/2026 05:00;03/03/2026 00:29;03/03/2026 05:42
MARN3026.2;THE X JDO;Ida;PCZ;JDO;6073;26597;03/03/2026 01:30;03/03/2026 05:50;03/03/2026 00:58;03/03/2026 05:43
16037;REC X BOO;Volta;ACVG;REC Tip;6099;26035;03/03/2026 00:36;03/03/2026 04:31;03/03/2026 01:45;03/03/2026 05:44
ALPE003018;MCZ X PNZ;Volta;PAF;MCZ;6199;26297;02/03/2026 23:55;03/03/2026 05:10;03/03/2026 00:20;03/03/2026 05:53
16049;REC X PTR;Volta;PTR;REC;6119;26094;02/03/2026 20:10;03/03/2026 06:00;02/03/2026 20:10;03/03/2026 05:53
16077;REC X TFN;Volta;TFN;REC Tip;6058;26736;02/03/2026 21:00;03/03/2026 04:30;02/03/2026 21:12;03/03/2026 06:00
50;SLZ X ITZ;Volta;SIS;SLZ;6274;26614;03/03/2026 02:05;03/03/2026 06:00;03/03/2026 01:58;03/03/2026 06:02
16033;REC X COO;Ida;ACVG;COO;6023;26762;03/03/2026 01:28;03/03/2026 06:20;03/03/2026 01:47;03/03/2026 06:07
16061.1;REC X SGI;Ida;REC Tip;SGI;6265;25920;02/03/2026 22:00;03/03/2026 05:15;02/03/2026 22:08;03/03/2026 06:09
ALPE003018;MCZ X PNZ;Ida;PAF;PNZ;6157;26179;02/03/2026 23:20;03/03/2026 06:00;02/03/2026 23:48;03/03/2026 06:10
CEPE003024;IAU X REC;Ida;CGE.G;REC Tip;6285;26065;03/03/2026 02:10;03/03/2026 06:00;03/03/2026 02:20;03/03/2026 06:15
16033;REC X COO;Volta;ACVG;REC Tip;6056;26943;03/03/2026 01:52;03/03/2026 06:20;03/03/2026 01:50;03/03/2026 06:20
ALCE003017;MCZ X CTO;Volta;PAF;MCZ;6103;26436;02/03/2026 23:16;03/03/2026 05:30;03/03/2026 00:40;03/03/2026 06:24
MAPE3030.3;ARRP X ACV;Ida;ARRP;ACVG;6344;26668;02/03/2026 22:25;03/03/2026 05:25;02/03/2026 23:08;03/03/2026 06:32
16056;REC X PNZ;Volta;ACVG;REC Tip;6345;26409;03/03/2026 02:08;03/03/2026 06:35;03/03/2026 02:43;03/03/2026 06:34
16061.1;REC X SGI;Volta;SGI;REC Tip;6355;25883;02/03/2026 22:30;03/03/2026 05:53;02/03/2026 21:03;03/03/2026 06:35
CEPE012001;CTO X REC;Ida;ACVG;REC Tip;6063;26239;03/03/2026 02:10;03/03/2026 05:30;03/03/2026 02:29;03/03/2026 06:40
PESE003002;REC X AJU;Ida;MEA;PPI2;6189;26410;03/03/2026 03:00;03/03/2026 05:30;03/03/2026 03:14;03/03/2026 06:40
PEPI012004;REC X FLOO;Ida;RSGI;FLOO;6238;26526;02/03/2026 20:16;03/03/2026 05:15;02/03/2026 22:01;03/03/2026 06:42
50;SLZ X ITZ;Ida;SIS;ITZ;6264;25423;03/03/2026 01:10;03/03/2026 06:00;03/03/2026 00:16;03/03/2026 06:43
12044;REC X CAU;Volta;CAU;REC Tip;6035;26830;03/03/2026 04:00;03/03/2026 07:30;03/03/2026 04:04;03/03/2026 06:46
16067.1;REC X SJG;Ida;REC Tip;SJG;6043;26768;02/03/2026 22:50;03/03/2026 06:00;02/03/2026 22:57;03/03/2026 06:48
16049;REC X PTR;Ida;GUS;PTR;6169;26354;03/03/2026 01:26;03/03/2026 06:41;03/03/2026 01:28;03/03/2026 06:58
16023;REC X ARRP;Volta;ACVG;REC Tip;6029;26875;03/03/2026 02:17;03/03/2026 06:21;03/03/2026 03:05;03/03/2026 06:58
BAPE003014;PAF X REC;Volta;GUS;PAF;6245;26468;03/03/2026 02:30;03/03/2026 06:29;03/03/2026 03:13;03/03/2026 07:13
16056.2;REC X PNZ;Ida;ACVG;PNZ;6305;25333;02/03/2026 23:50;03/03/2026 06:50;03/03/2026 00:17;03/03/2026 07:14
12004;REC X CAU;Volta;CAU;REC Tip;6269;25293;03/03/2026 05:30;03/03/2026 07:30;03/03/2026 05:33;03/03/2026 07:20
60;SLZ X ETO;Ida;SLOP;ETO;6294;26599;03/03/2026 01:20;03/03/2026 08:15;03/03/2026 01:20;03/03/2026 07:21
CEPE003024;IAU X REC;Volta;CGE;CZS.R;6225;25959;03/03/2026 00:40;03/03/2026 07:15;03/03/2026 00:40;03/03/2026 07:21
16056.2;REC X PNZ;Volta;ACVG;REC Tip;6325;26939;03/03/2026 03:20;03/03/2026 07:10;03/03/2026 03:26;03/03/2026 07:22
16056-3;REC X PNZ;Ida;ACVG;PNZ.G;6334;26753;02/03/2026 23:00;03/03/2026 05:35;03/03/2026 00:34;03/03/2026 07:25
PBPE003015;CGE X PNZ;Ida;ACVG;PNZ;6017;26491;02/03/2026 21:45;03/03/2026 07:20;02/03/2026 22:54;03/03/2026 07:30
12003-2;REC X SCZ;Ida;REC Tip;CAU;6219;26923;03/03/2026 05:30;03/03/2026 09:00;03/03/2026 05:38;03/03/2026 07:34
16037;REC X BOO;Ida;ACVG;BOO;6067;26380;03/03/2026 00:45;03/03/2026 09:35;03/03/2026 01:35;03/03/2026 07:53
30;SLZ X BLA;Volta;SLOP;SLZ;6175;25871;03/03/2026 02:35;03/03/2026 07:40;03/03/2026 03:26;03/03/2026 07:54
12004;REC X CAU;Volta;CAU;REC Tip;6248;26102;03/03/2026 06:30;03/03/2026 08:30;03/03/2026 06:36;03/03/2026 08:09
BAPE003014;PAF X REC;Ida;GUS;REC Tip;6335;26769;03/03/2026 02:59;03/03/2026 07:20;03/03/2026 03:05;03/03/2026 08:11
PESE003002;REC X AJU;Volta;MEA;REC Tip;6037;26203;03/03/2026 04:30;03/03/2026 07:50;03/03/2026 04:00;03/03/2026 08:18
16056;REC X PNZ;Ida;ACVG;PNZ;6235;26262;03/03/2026 00:40;03/03/2026 07:30;03/03/2026 00:55;03/03/2026 08:23
ALCE003016;MCZ X CTO;Ida;ACVG;JDO;6107;25970;02/03/2026 23:20;03/03/2026 07:05;03/03/2026 00:17;03/03/2026 08:27
PESE003002;REC X AJU;Ida;PPI2;AJU;6189;26410;03/03/2026 06:00;03/03/2026 07:30;03/03/2026 06:56;03/03/2026 08:29
PBPE003004;JPA X REC;Volta;REC Tip;JPA;6128;26952;03/03/2026 06:00;03/03/2026 08:30;03/03/2026 06:02;03/03/2026 08:31
12004;REC X CAU;Ida;REC Tip;CAU;6249;26646;03/03/2026 06:30;03/03/2026 08:20;03/03/2026 06:34;03/03/2026 08:35
PEPI003011;REC X PCZ;Ida;ACVG;ARRP;6039;26628;02/03/2026 23:59;03/03/2026 07:21;03/03/2026 01:04;03/03/2026 08:40
PBPE003004;JPA X REC;Ida;JPA;REC Tip;6116;26735;03/03/2026 06:00;03/03/2026 08:30;03/03/2026 06:18;03/03/2026 08:45
16048;REC X IKM;Volta;SJG;GREC;6038;25326;02/03/2026 22:00;03/03/2026 07:20;02/03/2026 23:19;03/03/2026 08:47
16064;REC X SEC;Volta;SEC;DBT;6224;26131;03/03/2026 05:10;03/03/2026 09:00;03/03/2026 05:12;03/03/2026 08:48
16064;REC X SEC;Ida;DBT;SEC;2212;26926;03/03/2026 05:40;03/03/2026 08:40;03/03/2026 05:38;03/03/2026 08:49
16064;REC X SEC;Volta;SEC;DBT;2222;21883;03/03/2026 06:10;03/03/2026 09:10;03/03/2026 06:02;03/03/2026 09:06
12044;REC X CAU;Volta;CAU;REC Tip;6036;26934;03/03/2026 06:00;03/03/2026 09:30;03/03/2026 06:04;03/03/2026 09:12
PBPE003015;CGE X PNZ;Volta;ACVG;CGE;6109;25907;03/03/2026 03:48;03/03/2026 09:38;03/03/2026 04:23;03/03/2026 09:18
12044;REC X CAU;Ida;REC Tip;CAU;6146;26942;03/03/2026 06:00;03/03/2026 09:30;03/03/2026 06:09;03/03/2026 09:18
12004;REC X CAU;Volta;CAU;REC Tip;6168;26609;03/03/2026 07:30;03/03/2026 09:30;03/03/2026 07:36;03/03/2026 09:27
12004;REC X CAU;Ida;REC Tip;CAU;6178;25144;03/03/2026 07:30;03/03/2026 10:20;03/03/2026 07:36;03/03/2026 09:30
30;SLZ X BLA;Ida;SLOP;BLA;6195;26487;03/03/2026 00:25;03/03/2026 07:40;02/03/2026 23:49;03/03/2026 09:37
PERN003035;CAU X NAT;Ida;CAU;CGE;6025;26529;03/03/2026 07:00;03/03/2026 09:30;03/03/2026 07:09;03/03/2026 09:45
PBRN003006;JPA X NAT;Ida;JPA;NAT;6126;26757;03/03/2026 07:00;03/03/2026 10:00;03/03/2026 07:07;03/03/2026 09:47
16064;REC X SEC;Ida;DBT;SEC;2272;26508;03/03/2026 07:00;03/03/2026 10:00;03/03/2026 06:48;03/03/2026 09:50
12044;REC X CAU;Ida;REC Tip;CAU;6148;26941;03/03/2026 07:00;03/03/2026 10:30;03/03/2026 07:08;03/03/2026 09:57
PBRN003006;JPA X NAT;Volta;NAT;JPA;6026;26831;03/03/2026 06:00;03/03/2026 09:00;03/03/2026 06:06;03/03/2026 10:05
MAPE3030.1;SLZ X THE;Ida;SLZ;PERI;6205;26578;03/03/2026 06:00;03/03/2026 10:00;03/03/2026 06:04;03/03/2026 10:06
PBPE003004;JPA X REC;Ida;JPA;REC Tip;6088;26871;03/03/2026 08:00;03/03/2026 10:30;03/03/2026 08:06;03/03/2026 10:06
CEPE003024;IAU X REC;Volta;CZS.R;IAU;6225;25959;03/03/2026 07:45;03/03/2026 09:15;03/03/2026 07:37;03/03/2026 10:07
12044;REC X CAU;Volta;CAU;REC Tip;6096;26951;03/03/2026 07:00;03/03/2026 10:30;03/03/2026 07:11;03/03/2026 10:12
12004;REC X CAU;Volta;CAU;REC Tip;6249;26646;03/03/2026 08:30;03/03/2026 10:30;03/03/2026 08:47;03/03/2026 10:32
MARN3026.2;THE X JDO;Volta;JDO;PCZ;6324;26068;03/03/2026 06:10;03/03/2026 12:00;03/03/2026 06:03;03/03/2026 10:39
12004;REC X CAU;Ida;REC Tip;CAU;6269;25293;03/03/2026 08:30;03/03/2026 10:30;03/03/2026 08:37;03/03/2026 10:40
PBPE003020;CGE x REC;Ida;CGE;REC Tip;6229;26198;03/03/2026 07:00;03/03/2026 10:50;03/03/2026 07:01;03/03/2026 10:49
PBPE003004;JPA X REC;Volta;REC Tip;JPA;6228;26249;03/03/2026 08:00;03/03/2026 10:30;03/03/2026 08:02;03/03/2026 10:57
12044;REC X CAU;Volta;CAU;REC Tip;6066;26846;03/03/2026 08:00;03/03/2026 11:30;03/03/2026 08:02;03/03/2026 11:04
PEPI003011;REC X PCZ;Ida;ARRP;PCZ;6039;26665;03/03/2026 07:30;03/03/2026 09:30;03/03/2026 08:57;03/03/2026 11:05
16059;REC X PNZ;Ida;REC Tip;ACVG;6127;26872;03/03/2026 05:30;03/03/2026 10:44;03/03/2026 05:51;03/03/2026 11:17
MAPE3030.2;THE X ARRP;Volta;PCZ.R;THE;6215;26489;03/03/2026 05:25;03/03/2026 10:35;03/03/2026 06:29;03/03/2026 11:22
16064;REC X SEC;Volta;SEC;GREC;6076;25165;03/03/2026 06:30;03/03/2026 11:00;03/03/2026 07:18;03/03/2026 11:22
PERN003012;REC X NAT;Volta;NAT;REC Tip;6159;26421;03/03/2026 05:30;03/03/2026 11:50;03/03/2026 05:35;03/03/2026 11:24
PERN003012;REC X NAT;Ida;REC Tip;NAT;6137;26480;03/03/2026 05:30;03/03/2026 11:20;03/03/2026 05:47;03/03/2026 11:36
16047;REC X GUS;Ida;REC Tip;GUS;6275;26537;03/03/2026 07:00;03/03/2026 11:48;03/03/2026 07:20;03/03/2026 11:42
16061;REC X SGI;Volta;SGI;ACV.;6265;26535;03/03/2026 07:30;03/03/2026 11:43;03/03/2026 07:31;03/03/2026 11:46
MARN3026.3;JDO X CGE;Ida;JDO;PFPTCEE;6073;26754;03/03/2026 06:00;03/03/2026 11:45;03/03/2026 05:59;03/03/2026 11:50
MAPE3030.4;ACV X REC;Ida;ACVG;REC Tip;6344;26381;03/03/2026 05:30;03/03/2026 11:07;03/03/2026 07:06;03/03/2026 11:51
PBRN003006;JPA X NAT;Ida;JPA;NAT;6309;26855;03/03/2026 09:00;03/03/2026 12:00;03/03/2026 09:09;03/03/2026 11:55
PBPE003020;CGE x REC;Volta;REC Tip;CGE;6204;26509;03/03/2026 07:00;03/03/2026 10:50;03/03/2026 07:03;03/03/2026 11:57
12044;REC X CAU;Ida;REC Tip;CAU;6058;26830;03/03/2026 08:00;03/03/2026 11:30;03/03/2026 08:57;03/03/2026 12:01
16064;REC X SEC;Volta;SEC;DBT;2212;26926;03/03/2026 09:10;03/03/2026 11:10;03/03/2026 09:12;03/03/2026 12:05
BAPB003013;SSA X JPA;Ida;MEA;JPA;6093;25985;03/03/2026 05:20;03/03/2026 12:57;03/03/2026 04:54;03/03/2026 12:12
MAPE3030.1;SLZ X THE;Ida;PERI;PFCXS2;6205;26578;03/03/2026 10:20;03/03/2026 12:20;03/03/2026 10:10;03/03/2026 12:12
16064;REC X SEC;Ida;DBT;SEC;6224;26131;03/03/2026 09:15;03/03/2026 12:30;03/03/2026 09:07;03/03/2026 12:16
12044;REC X CAU;Volta;CAU;REC Tip;6158;26963;03/03/2026 09:00;03/03/2026 12:30;03/03/2026 09:02;03/03/2026 12:17
12004;REC X CAU;Volta;CAU;REC Tip;6178;25144;03/03/2026 10:30;03/03/2026 12:20;03/03/2026 10:35;03/03/2026 12:18
PBPE003004;JPA X REC;Ida;JPA;REC Tip;6026;26952;03/03/2026 10:00;03/03/2026 12:30;03/03/2026 10:28;03/03/2026 12:35
PERN003035;CAU X NAT;Volta;NAT;CGE;6145;26523;03/03/2026 07:00;03/03/2026 11:20;03/03/2026 07:05;03/03/2026 12:41
16041;REC X AGB;Volta;AGB;REC Tip;6139;26930;03/03/2026 05:50;03/03/2026 11:25;03/03/2026 05:56;03/03/2026 12:44
12004;REC X CAU;Ida;REC Tip;CAU;6168;26102;03/03/2026 10:30;03/03/2026 12:30;03/03/2026 10:52;03/03/2026 12:44
PERN003012;REC X NAT;Volta;NAT;REC Tip;6047;26766;03/03/2026 07:30;03/03/2026 13:20;03/03/2026 07:34;03/03/2026 12:45
MAPE3030.1;SLZ X THE;Volta;THE;PFCXS;6215;26316;03/03/2026 10:40;03/03/2026 12:10;03/03/2026 11:33;03/03/2026 12:46
PBPE003004;JPA X REC;Volta;REC Tip;JPA;6345;26735;03/03/2026 10:00;03/03/2026 12:30;03/03/2026 10:28;03/03/2026 12:48
PBRN003006;JPA X NAT;Volta;NAT;JPA;6085;26052;03/03/2026 10:00;03/03/2026 13:00;03/03/2026 10:06;03/03/2026 13:01
12044;REC X CAU;Volta;CAU;REC Tip;6146;26942;03/03/2026 10:00;03/03/2026 13:30;03/03/2026 10:02;03/03/2026 13:05
12004;REC X CAU;Volta;CAU;REC Tip;6269;25293;03/03/2026 11:30;03/03/2026 14:00;03/03/2026 11:39;03/03/2026 13:21
16043;REC X BCE;Ida;REC Tip;GUS;6355;26947;03/03/2026 09:00;03/03/2026 12:51;03/03/2026 09:11;03/03/2026 13:27
PBPE003020;CGE x REC;Ida;CGE;REC Tip;6194;26126;03/03/2026 09:00;03/03/2026 12:50;03/03/2026 08:56;03/03/2026 13:30
12044;REC X CAU;Ida;REC Tip;CAU;6036;26934;03/03/2026 10:00;03/03/2026 13:30;03/03/2026 10:36;03/03/2026 13:38
12044;REC X CAU;Ida;REC Tip;CAU;6248;26932;03/03/2026 09:00;03/03/2026 12:30;03/03/2026 10:22;03/03/2026 13:41
PBRN003006;JPA X NAT;Ida;JPA;NAT;6299;26756;03/03/2026 11:00;03/03/2026 14:00;03/03/2026 11:04;03/03/2026 13:41
ALPE003007;MCZ X REC;Volta;REC Tip;MEA;6099;26859;03/03/2026 09:00;03/03/2026 13:30;03/03/2026 09:45;03/03/2026 13:42
16043;REC X BCE;Volta;BCE;REC Tip;6147;26878;03/03/2026 08:00;03/03/2026 12:55;03/03/2026 08:08;03/03/2026 13:53
12044;REC X CAU;Volta;CAU;REC Tip;6148;26941;03/03/2026 11:00;03/03/2026 14:30;03/03/2026 11:04;03/03/2026 14:00
16064;REC X SEC;Ida;DBT;SEC;2222;21883;03/03/2026 11:00;03/03/2026 14:20;03/03/2026 10:45;03/03/2026 14:05
PBPE003004;JPA X REC;Ida;JPA;REC Tip;6228;26249;03/03/2026 12:00;03/03/2026 14:30;03/03/2026 12:03;03/03/2026 14:05
PERN003012;REC X NAT;Ida;REC Tip;NAT;6285;26365;03/03/2026 07:30;03/03/2026 13:20;03/03/2026 07:56;03/03/2026 14:12
PBPE003020;CGE x REC;Volta;REC Tip;CGE;6108;26065;03/03/2026 09:00;03/03/2026 12:50;03/03/2026 10:06;03/03/2026 14:13
ALPB003027;MCZ X CGE;Volta;CGE;MCZ;6135;26632;03/03/2026 06:30;03/03/2026 13:29;03/03/2026 06:34;03/03/2026 14:16
MAPE3030.1;SLZ X THE;Ida;PFCXS2;THE;6205;26578;03/03/2026 13:00;03/03/2026 14:30;03/03/2026 12:55;03/03/2026 14:18
12004;REC X CAU;Volta;CAU;REC Tip;6058;26830;03/03/2026 12:30;03/03/2026 14:30;03/03/2026 12:39;03/03/2026 14:22
PBPE003004;JPA X REC;Volta;REC Tip;JPA;6018;26871;03/03/2026 12:00;03/03/2026 14:30;03/03/2026 12:09;03/03/2026 14:23
12044;REC X CAU;Ida;REC Tip;CAU;6249;26951;03/03/2026 11:00;03/03/2026 14:30;03/03/2026 11:18;03/03/2026 14:30
PERN003012;REC X NAT;Ida;REC Tip;NAT;6077;26171;03/03/2026 09:00;03/03/2026 14:50;03/03/2026 09:06;03/03/2026 14:31
16043;REC X BCE;Ida;GUS;BCE;6355;26947;03/03/2026 13:11;03/03/2026 13:49;03/03/2026 13:34;03/03/2026 14:33
16073;REC X TBR;Ida;REC Tip;TBR;6239;26755;03/03/2026 06:20;03/03/2026 14:20;03/03/2026 06:28;03/03/2026 14:36
PERN003012;REC X NAT;Volta;NAT;REC Tip;6059;26805;03/03/2026 09:00;03/03/2026 14:50;03/03/2026 09:13;03/03/2026 14:37
12004;REC X CAU;Ida;REC Tip;CAU;6178;25144;03/03/2026 12:30;03/03/2026 14:30;03/03/2026 12:43;03/03/2026 14:54
PBRN003006;JPA X NAT;Volta;NAT;JPA;6126;26757;03/03/2026 12:00;03/03/2026 15:00;03/03/2026 12:04;03/03/2026 14:56
MAPE3030.1;SLZ X THE;Volta;PFCXS;PERI;6215;26316;03/03/2026 12:50;03/03/2026 15:05;03/03/2026 13:13;03/03/2026 15:00
16059;REC X PNZ;Volta;PNZ;ACVG;6087;26235;03/03/2026 06:00;03/03/2026 14:15;03/03/2026 06:08;03/03/2026 15:10
PERN003035;CAU X NAT;Volta;CGE;CAU;6145;26523;03/03/2026 11:40;03/03/2026 14:00;03/03/2026 12:55;03/03/2026 15:11
12044;REC X CAU;Ida;REC Tip;CAU;6096;26846;03/03/2026 12:00;03/03/2026 15:30;03/03/2026 12:13;03/03/2026 15:13
ALPE003007;MCZ X REC;Volta;MEA;MCZ;6099;26859;03/03/2026 13:50;03/03/2026 14:30;03/03/2026 14:19;03/03/2026 15:19
PERN003035;CAU X NAT;Ida;CAU;CGE;6086;25504;03/03/2026 13:00;03/03/2026 15:00;03/03/2026 13:08;03/03/2026 15:28
PERN003035;CAU X NAT;Ida;CGE;NAT;6025;26529;03/03/2026 10:00;03/03/2026 13:30;03/03/2026 09:57;03/03/2026 15:47
16043;REC X BCE;Volta;BCE;GUS;6355;26947;03/03/2026 14:00;03/03/2026 15:00;03/03/2026 14:57;03/03/2026 15:59
PBPE003005;CGE X REC;Volta;REC Tip;CGE;6088;26478;03/03/2026 11:30;03/03/2026 16:00;03/03/2026 11:48;03/03/2026 16:00
16073;REC X TBR;Volta;TBR;REC Tip;6048;26752;03/03/2026 07:00;03/03/2026 15:30;03/03/2026 07:04;03/03/2026 16:09
16024;REC X ACV;Ida;REC Tip;ACVG;6116;26944;03/03/2026 09:30;03/03/2026 14:15;03/03/2026 11:02;03/03/2026 16:10
12044;REC X CAU;Ida;REC Tip;CAU;6158;26963;03/03/2026 13:00;03/03/2026 16:30;03/03/2026 13:08;03/03/2026 16:11
MARN3026.2;THE X JDO;Volta;PCZ.R;THE;6324;26068;03/03/2026 12:20;03/03/2026 17:00;03/03/2026 11:40;03/03/2026 16:21
PBPE003004;JPA X REC;Ida;JPA;REC Tip;6345;26735;03/03/2026 14:00;03/03/2026 16:30;03/03/2026 14:02;03/03/2026 16:27
PBPE003020;CGE x REC;Ida;CGE;REC Tip;6156;26625;03/03/2026 13:00;03/03/2026 16:50;03/03/2026 12:54;03/03/2026 16:38
12004;REC X CAU;Ida;REC Tip;CAU;6228;26646;03/03/2026 14:30;03/03/2026 16:20;03/03/2026 14:43;03/03/2026 16:47
16061;REC X SGI;Ida;REC Tip;ACVG;6325;25282;03/03/2026 11:30;03/03/2026 15:30;03/03/2026 12:08;03/03/2026 16:51
PBRN003006;JPA X NAT;Ida;JPA;NAT;6128;26831;03/03/2026 13:00;03/03/2026 16:00;03/03/2026 13:09;03/03/2026 16:53
PBPE003005;CGE X REC;Ida;CGE;REC Tip;6075;25926;03/03/2026 11:30;03/03/2026 16:00;03/03/2026 11:33;03/03/2026 16:57
16075;REC X TAMA;Volta;TAMA;GREC;2272;26508;03/03/2026 14:20;03/03/2026 17:20;03/03/2026 14:19;03/03/2026 17:05
16047;REC X GUS;Volta;GUS;REC Tip;6275;26537;03/03/2026 13:00;03/03/2026 18:48;03/03/2026 13:02;03/03/2026 17:06
12044;REC X CAU;Ida;REC Tip;CAU;6026;26942;03/03/2026 14:00;03/03/2026 17:30;03/03/2026 14:16;03/03/2026 17:08
PBPE003020;CGE x REC;Volta;REC Tip;CGE;6066;26198;03/03/2026 13:00;03/03/2026 16:50;03/03/2026 13:03;03/03/2026 17:09
PBPE003004;JPA X REC;Volta;REC Tip;JPA;6035;26952;03/03/2026 14:00;03/03/2026 16:30;03/03/2026 14:36;03/03/2026 17:09
12004;REC X CAU;Volta;CAU;REC Tip;6168;26102;03/03/2026 15:30;03/03/2026 17:30;03/03/2026 15:33;03/03/2026 17:13
16061;REC X SGI;Volta;ACV.;REC Tip;6265;26535;03/03/2026 12:23;03/03/2026 16:50;03/03/2026 12:16;03/03/2026 17:21
16064;REC X SEC;Volta;SEC;DBT;6224;26131;03/03/2026 13:00;03/03/2026 17:30;03/03/2026 13:04;03/03/2026 17:22
PERN003012;REC X NAT;Volta;NAT;REC Tip;6129;26949;03/03/2026 11:00;03/03/2026 16:50;03/03/2026 11:24;03/03/2026 17:27
12044;REC X CAU;Volta;CAU;REC Tip;6036;26934;03/03/2026 14:00;03/03/2026 17:30;03/03/2026 14:18;03/03/2026 17:28
12044;REC X CAU;Volta;CAU;REC Tip;6248;26932;03/03/2026 13:00;03/03/2026 16:30;03/03/2026 14:06;03/03/2026 17:32
16064;REC X SEC;Volta;SEC;DBT;2222;21883;03/03/2026 14:30;03/03/2026 17:10;03/03/2026 14:32;03/03/2026 17:37
PERN003012;REC X NAT;Ida;REC Tip;NAT;6037;25916;03/03/2026 11:00;03/03/2026 16:50;03/03/2026 11:37;03/03/2026 17:43
MARN3026.1;SLZ X THE;Volta;THE;CXS;6324;26660;03/03/2026 17:20;03/03/2026 18:00;03/03/2026 16:33;03/03/2026 17:52
PEPI003011;REC X PCZ;Volta;PCZ;ARRP;6039;26665;03/03/2026 15:30;03/03/2026 19:00;03/03/2026 15:34;03/03/2026 18:01
PBRN003006;JPA X NAT;Ida;JPA;NAT;6018;26052;03/03/2026 15:00;03/03/2026 18:00;03/03/2026 15:15;03/03/2026 18:07
16064;REC X SEC;Ida;DBT;SEC;2212;26926;03/03/2026 13:40;03/03/2026 16:40;03/03/2026 13:42;03/03/2026 18:15
PBPE003004;JPA X REC;Volta;REC Tip;JPA;6054;26249;03/03/2026 16:00;03/03/2026 18:30;03/03/2026 16:08;03/03/2026 18:22
MARN3026.1;SLZ X THE;Ida;PERI;PFCXS2;6255;26238;03/03/2026 16:35;03/03/2026 18:10;03/03/2026 16:35;03/03/2026 18:25
12044;REC X CAU;Ida;REC Tip;CAU;6148;26941;03/03/2026 15:00;03/03/2026 18:30;03/03/2026 15:07;03/03/2026 18:27
PERN003035;CAU X NAT;Volta;NAT;CGE;6309;26889;03/03/2026 13:00;03/03/2026 17:00;03/03/2026 13:05;03/03/2026 18:32
12044;REC X CAU;Volta;CAU;REC Tip;6249;26951;03/03/2026 15:00;03/03/2026 18:30;03/03/2026 15:04;03/03/2026 18:33
16024;REC X ACV;Ida;REC Tip;ACVG;6229;26939;03/03/2026 13:30;03/03/2026 17:30;03/03/2026 13:55;03/03/2026 18:37
12004;REC X CAU;Ida;REC Tip;CAU;6058;25293;03/03/2026 16:30;03/03/2026 18:30;03/03/2026 16:34;03/03/2026 18:37
MAPE3030.1;SLZ X THE;Volta;PERI;SLZ;6215;26316;03/03/2026 15:25;03/03/2026 19:15;03/03/2026 15:06;03/03/2026 18:42
16047.1;REC X GUS;Ida;REC;GUS;6014;26912;03/03/2026 10:00;03/03/2026 16:48;03/03/2026 09:15;03/03/2026 18:43
12004;REC X CAU;Volta;CAU;REC Tip;6228;26646;03/03/2026 16:30;03/03/2026 19:00;03/03/2026 16:59;03/03/2026 18:44
PBPE003004;JPA X REC;Ida;JPA;REC Tip;6085;26871;03/03/2026 16:00;03/03/2026 18:30;03/03/2026 16:06;03/03/2026 18:48
ALPE003007;MCZ X REC;Ida;MCZ;MEA;6199;26859;03/03/2026 17:30;03/03/2026 18:30;03/03/2026 17:38;03/03/2026 18:49
PERN003012;REC X NAT;Ida;REC Tip;NAT;6119;26421;03/03/2026 13:00;03/03/2026 18:50;03/03/2026 13:01;03/03/2026 18:58
12044;REC X CAU;Volta;CAU;REC Tip;6145;26846;03/03/2026 16:00;03/03/2026 19:30;03/03/2026 16:02;03/03/2026 19:01
1;TFD IDA;Ida;REC;REC;6146;26595;03/03/2026 15:00;03/03/2026 19:00;03/03/2026 16:17;03/03/2026 19:02
PERN003012;REC X NAT;Volta;NAT;REC Tip;6137;26480;03/03/2026 13:00;03/03/2026 18:50;03/03/2026 13:05;03/03/2026 19:04
MAPE3030.4;ACV X REC;Volta;REC Tip;ACVG;6335;26381;03/03/2026 14:30;03/03/2026 19:17;03/03/2026 14:36;03/03/2026 19:04
MAPE3030.2;THE X ARRP;Ida;THE;PCZ.R;6205;26521;03/03/2026 14:35;03/03/2026 20:00;03/03/2026 14:42;03/03/2026 19:14
PBPE003020;CGE x REC;Volta;REC Tip;CGE;6194;26126;03/03/2026 15:00;03/03/2026 18:50;03/03/2026 15:09;03/03/2026 19:14
16041;REC X AGB;Ida;REC Tip;AGB;6069;26919;03/03/2026 13:30;03/03/2026 19:50;03/03/2026 13:41;03/03/2026 19:22
12044;REC X CAU;Ida;REC Tip;CAU;6056;26830;03/03/2026 16:00;03/03/2026 19:30;03/03/2026 15:51;03/03/2026 19:27
12003-2;REC X SCZ;Volta;SCZ;REC Tip;6178;25144;03/03/2026 16:30;03/03/2026 19:30;03/03/2026 16:31;03/03/2026 19:33
16043;REC X BCE;Ida;REC Tip;GUS;6029;26918;03/03/2026 15:00;03/03/2026 19:30;03/03/2026 15:27;03/03/2026 19:37
MARN3026.4;CGE X NAT;Ida;CGE.G;NAT;6073;26037;03/03/2026 14:50;03/03/2026 20:00;03/03/2026 15:13;03/03/2026 19:41
MARN3026.4;CGE X NAT;Volta;NAT;PFCGEV;6083;26385;03/03/2026 14:30;03/03/2026 19:30;03/03/2026 14:35;03/03/2026 19:46
CEPE003024;IAU X REC;Ida;IAU;CZS.R;6225;25902;03/03/2026 17:15;03/03/2026 20:00;03/03/2026 17:22;03/03/2026 19:52
12004;REC X CAU;Ida;REC Tip;CAU;6208;26102;03/03/2026 17:30;03/03/2026 19:30;03/03/2026 17:42;03/03/2026 19:57
16043;REC X BCE;Volta;GUS;REC Tip;6355;26947;03/03/2026 15:20;03/03/2026 19:30;03/03/2026 16:09;03/03/2026 19:59
12044;REC X CAU;Volta;CAU;REC Tip;6158;26963;03/03/2026 17:00;03/03/2026 20:30;03/03/2026 17:03;03/03/2026 20:09
MARN3026.1;SLZ X THE;Ida;PFCXS2;THE;6255;26238;03/03/2026 18:50;03/03/2026 20:10;03/03/2026 18:56;03/03/2026 20:12
MARN3026.1;SLZ X THE;Volta;CXS;PERI;6324;26660;03/03/2026 18:40;03/03/2026 20:05;03/03/2026 17:54;03/03/2026 20:14
PERN003035;CAU X NAT;Ida;CGE;NAT;6086;25504;03/03/2026 15:30;03/03/2026 19:00;03/03/2026 15:39;03/03/2026 20:16
PERN003012;REC X NAT;Volta;NAT;REC Tip;6285;26365;03/03/2026 15:00;03/03/2026 20:50;03/03/2026 15:07;03/03/2026 20:26
PERN003012;REC X NAT;Ida;REC Tip;NAT;6047;26766;03/03/2026 15:00;03/03/2026 20:50;03/03/2026 15:02;03/03/2026 20:37
PBPE003004;JPA X REC;Ida;JPA;REC Tip;6098;26952;03/03/2026 18:00;03/03/2026 20:30;03/03/2026 18:50;03/03/2026 20:38
16059;REC X PNZ;Volta;ACVG;REC Tip;6087;26872;03/03/2026 14:25;03/03/2026 19:16;03/03/2026 15:47;03/03/2026 20:41
16064;REC X SEC;Ida;DBT;BAR;6224;26131;03/03/2026 18:10;03/03/2026 21:30;03/03/2026 17:32;03/03/2026 20:41
16059;REC X PNZ;Ida;ACVG;PNZ;6127;26876;03/03/2026 10:54;03/03/2026 19:10;03/03/2026 12:00;03/03/2026 20:43
16067;REC X SJG;Ida;REC Tip;SJG;6024;26376;03/03/2026 12:15;03/03/2026 19:20;03/03/2026 12:22;03/03/2026 20:48
16043;REC X BCE;Ida;GUS;BCE;6029;26918;03/03/2026 19:50;03/03/2026 20:30;03/03/2026 19:43;03/03/2026 20:49
16075;REC X TAMA;Ida;REC DTB;SEC2;2222;21883;03/03/2026 17:40;03/03/2026 21:30;03/03/2026 17:37;03/03/2026 20:51
12044;REC X CAU;Ida;REC Tip;CAU;6036;26934;03/03/2026 18:00;03/03/2026 21:30;03/03/2026 17:56;03/03/2026 20:54
12044;REC X CAU;Ida;REC Tip;CAU;6248;26932;03/03/2026 17:00;03/03/2026 20:30;03/03/2026 18:03;03/03/2026 20:54
16064;REC X SEC;Volta;SEC;GREC;2212;26926;03/03/2026 18:00;03/03/2026 21:00;03/03/2026 18:15;03/03/2026 21:20
PBPE003004;JPA X REC;Volta;REC Tip;JPA;6155;26735;03/03/2026 18:00;03/03/2026 20:30;03/03/2026 18:03;03/03/2026 21:28
16024;REC X ACV;Volta;ACV;REC Tip;6116;26944;03/03/2026 17:00;03/03/2026 21:23;03/03/2026 17:03;03/03/2026 21:55
PERN003012;REC X NAT;Volta;NAT;REC Tip;6077;26171;03/03/2026 17:00;03/03/2026 22:50;03/03/2026 17:12;03/03/2026 22:05
16047.1;REC X GUS;Ida;REC;GUS;6147;26482;03/03/2026 15:00;03/03/2026 21:48;03/03/2026 15:28;03/03/2026 22:22
ALPE003007;MCZ X REC;Ida;MEA;REC Tip;6199;26859;03/03/2026 18:50;03/03/2026 22:30;03/03/2026 18:50;03/03/2026 22:24
PBPE003015;CGE X PNZ;Ida;CGE;ACVG;6109;26890;03/03/2026 17:00;03/03/2026 21:25;03/03/2026 17:03;03/03/2026 22:29
MAPE3030.2;THE X ARRP;Ida;PCZ;ARRP;6205;26521;03/03/2026 20:20;03/03/2026 22:20;03/03/2026 20:20;03/03/2026 22:33
16061;REC X SGI;Ida;ACVG;SGI;6325;25282;03/03/2026 15:50;03/03/2026 20:38;03/03/2026 17:17;03/03/2026 22:35
CEPE012006;CTO X REC;Volta;REC Tip;ACVG;6345;26670;03/03/2026 18:00;03/03/2026 22:30;03/03/2026 18:18;03/03/2026 22:43
PERN003035;CAU X NAT;Volta;CGE;CAU;6309;26889;03/03/2026 17:20;03/03/2026 20:00;03/03/2026 18:40;03/03/2026 22:47
PBPE003005;CGE X REC;Ida;CGE;REC Tip;6204;26478;03/03/2026 19:00;03/03/2026 23:00;03/03/2026 18:47;03/03/2026 22:52
CEPE003024;IAU X REC;Ida;CZS.R;PTCE;6225;25902;03/03/2026 20:30;03/03/2026 23:30;03/03/2026 20:25;03/03/2026 22:55
16021.1;REC X ARRP;Ida;REC;ACVG;6168;26865;03/03/2026 18:00;03/03/2026 23:53;03/03/2026 19:41;03/03/2026 23:06
MARN3026.3;JDO X CGE;Volta;CGE;PTCE;6083;25608;03/03/2026 19:31;03/03/2026 23:30;03/03/2026 19:31;03/03/2026 23:16
16056.2;REC X PNZ;Ida;REC Tip;ACVG;6265;26663;03/03/2026 19:30;03/03/2026 23:30;03/03/2026 19:37;03/03/2026 23:33
16056-3;REC X PNZ;Ida;REC;ACVG;6344;26856;03/03/2026 17:00;03/03/2026 22:30;03/03/2026 16:51;03/03/2026 23:34
16073;REC X TBR;Ida;REC Tip;TBR;6269;26750;03/03/2026 15:30;03/03/2026 23:50;03/03/2026 15:35;03/03/2026 23:37
30;SLZ X BLA;Ida;SLZ;SLOP;6175;25871;03/03/2026 19:00;04/03/2026 00:04;03/03/2026 19:02;03/03/2026 23:37
PERN003012;REC X NAT;Ida;REC Tip;NAT;6139;26805;03/03/2026 17:30;03/03/2026 22:50;03/03/2026 17:34;03/03/2026 23:48
ALPE003018;MCZ X PNZ;Ida;MCZ;PAF;6099;25697;03/03/2026 17:00;03/03/2026 23:15;03/03/2026 17:18;03/03/2026 23:49
16056-3;REC X PNZ;Volta;PNZ.G;ACVG;6334;26753;03/03/2026 16:30;03/03/2026 23:50;03/03/2026 15:58;03/03/2026 23:53
16056;REC X PNZ;Ida;REC Tip;ACVG;6275;26656;03/03/2026 19:40;04/03/2026 00:20;03/03/2026 19:59;03/03/2026 23:54
CEPE012001;CTO X REC;Volta;REC Tip;ACVG;6063;26875;03/03/2026 20:00;04/03/2026 01:00;03/03/2026 20:00;03/03/2026 23:54
ALCE003017;MCZ X CTO;Ida;MCZ;PAF;6103;26432;03/03/2026 17:00;03/03/2026 23:15;03/03/2026 17:21;03/03/2026 23:58
50;SLZ X ITZ;Ida;SLZ;SIS;6274;24582;03/03/2026 20:00;04/03/2026 01:00;03/03/2026 19:56;03/03/2026 23:58
ALPE003018;MCZ X PNZ;Volta;PNZ;PAF;6017;26179;03/03/2026 17:00;03/03/2026 23:50;03/03/2026 17:03;04/03/2026 00:04
MARN3026.1;SLZ X THE;Volta;PERI;SLZ;6324;26660;03/03/2026 20:25;04/03/2026 00:30;03/03/2026 20:20;04/03/2026 00:11
16073;REC X TBR;Volta;TBR;REC Tip;6239;25748;03/03/2026 16:10;04/03/2026 00:10;03/03/2026 16:10;04/03/2026 00:21
BAPB003013;SSA X JPA;Volta;JPA;MEA;6093;25744;03/03/2026 18:00;03/03/2026 23:57;03/03/2026 18:18;04/03/2026 00:24
60;SLZ X ETO;Ida;SLZ;SLOP;6254;26066;03/03/2026 20:30;04/03/2026 01:00;03/03/2026 20:36;04/03/2026 00:45
PERN003035;CAU X NAT;Ida;CAU;CGE;6058;26950;03/03/2026 22:00;04/03/2026 01:00;03/03/2026 22:20;04/03/2026 00:46
PERN003035;CAU X NAT;Volta;NAT;CAU;6299;26868;03/03/2026 17:00;04/03/2026 01:00;03/03/2026 16:38;04/03/2026 00:53
16023;REC X ARRP;Ida;REC Tip;ACVG;6059;26364;03/03/2026 19:30;03/03/2026 23:40;03/03/2026 20:23;04/03/2026 01:01
ALCE003017;MCZ X CTO;Volta;CTO;PAF.G;6107;26439;03/03/2026 17:00;03/03/2026 23:15;03/03/2026 17:17;04/03/2026 01:04
MARN3026.2;THE X JDO;Ida;THE;PCZ.R;6255;26488;03/03/2026 20:30;04/03/2026 01:10;03/03/2026 20:29;04/03/2026 01:06
16037;REC X BOO;Volta;BOO;ACVG;6067;26380;03/03/2026 18:00;04/03/2026 00:16;03/03/2026 17:58;04/03/2026 01:07
16033;REC X COO;Ida;REC Tip;ACVG;6118;25905;03/03/2026 21:00;04/03/2026 01:28;03/03/2026 21:05;04/03/2026 01:14
16037;REC X BOO;Ida;REC Tip;ACVG;6129;26035;03/03/2026 20:50;04/03/2026 00:45;03/03/2026 21:09;04/03/2026 01:14
16049;REC X PTR;Volta;PTR;GUS;6169;26354;03/03/2026 20:10;04/03/2026 02:00;03/03/2026 20:12;04/03/2026 01:15
60;SLZ X ETO;Volta;ETO;SLOP;6294;26499;03/03/2026 17:45;04/03/2026 01:00;03/03/2026 17:14;04/03/2026 01:18
CEPE003024;IAU X REC;Volta;REC Tip;PFCGEV;6314;26625;03/03/2026 20:15;04/03/2026 00:30;03/03/2026 21:08;04/03/2026 01:25
ALPE003008;AIR X REC;Ida;AIR;GUS;6019;26858;03/03/2026 22:40;04/03/2026 01:00;03/03/2026 22:15;04/03/2026 01:27
16033;REC X COO;Volta;COO;ACVG;6023;26802;03/03/2026 21:00;04/03/2026 01:52;03/03/2026 20:58;04/03/2026 01:54
ALPE012003;PND X REC;Volta;REC Tip;GUS;6159;26239;03/03/2026 22:30;04/03/2026 00:30;03/03/2026 22:35;04/03/2026 01:58
50;SLZ X ITZ;Volta;ITZ;SIS;6264;26961;03/03/2026 20:00;04/03/2026 01:55;03/03/2026 19:52;04/03/2026 02:04
CEPE012001;CTO X REC;Ida;CTO;ACVG;6053;26440;03/03/2026 20:00;04/03/2026 01:50;03/03/2026 19:54;04/03/2026 02:04
16056;REC X PNZ;Volta;PNZ;ACVG;6235;26191;03/03/2026 18:30;04/03/2026 01:48;03/03/2026 18:31;04/03/2026 02:10
PEPI003011;REC X PCZ;Volta;ARRP;ACVG;6039;26628;03/03/2026 19:10;04/03/2026 01:49;03/03/2026 18:53;04/03/2026 02:10
CEPE003024;IAU X REC;Ida;PTCE;CGE.G;6225;25902;03/03/2026 23:50;04/03/2026 02:00;03/03/2026 23:05;04/03/2026 02:11
BAPE003014;PAF X REC;Volta;REC Tip;GUS;6285;26769;03/03/2026 22:30;04/03/2026 02:10;03/03/2026 22:52;04/03/2026 02:15
16049;REC X PTR;Ida;REC Tip;GUS;6087;26798;03/03/2026 21:30;04/03/2026 01:06;03/03/2026 23:01;04/03/2026 02:15
BAPE003014;PAF X REC;Ida;PAF;GUS;6245;26468;03/03/2026 22:30;04/03/2026 02:29;03/03/2026 22:33;04/03/2026 02:19
16056.2;REC X PNZ;Volta;PNZ;ACVG;6305;26867;03/03/2026 19:15;04/03/2026 02:58;03/03/2026 19:18;04/03/2026 02:22
CEPE012006;CTO X REC;Ida;CTO;ACVG;6185;25973;03/03/2026 18:00;04/03/2026 01:30;03/03/2026 17:59;04/03/2026 02:27
30;SLZ X BLA;Volta;BLA;SLOP;6195;26498;03/03/2026 19:00;04/03/2026 02:25;03/03/2026 19:06;04/03/2026 02:48
MAPE3030.3;ARRP X ACV;Volta;ACVG;ARRP;6335;25964;03/03/2026 19:37;04/03/2026 02:45;03/03/2026 19:28;04/03/2026 03:28
PESE003002;REC X AJU;Ida;REC Tip;MEA;6077;26412;03/03/2026 22:30;04/03/2026 02:30;03/03/2026 23:54;04/03/2026 03:34
BAPB003013;SSA X JPA;Volta;MEA;PPI;6093;25744;04/03/2026 00:17;04/03/2026 05:15;04/03/2026 01:02;04/03/2026 03:35
PBPE003015;CGE X PNZ;Volta;PNZ;ACVG;6157;26024;03/03/2026 19:30;04/03/2026 03:28;03/03/2026 19:30;04/03/2026 03:47
PERN003012;REC X NAT;Volta;NAT;REC Tip;6057;26661;03/03/2026 23:55;04/03/2026 05:45;04/03/2026 00:02;04/03/2026 04:14
16048;REC X IKM;Ida;REC Tip;IKM;6048;25326;03/03/2026 22:00;04/03/2026 05:20;03/03/2026 20:05;04/03/2026 04:16
16077;REC X TFN;Ida;REC Tip;TFN;6259;26060;03/03/2026 21:00;04/03/2026 04:25;03/03/2026 21:14;04/03/2026 04:37
16047.1;REC X GUS;Volta;RCL;REC;6045;26912;03/03/2026 23:30;04/03/2026 05:16;03/03/2026 23:59;04/03/2026 04:47
16047.1;REC X GUS;Volta;GUS;REC;6147;26482;03/03/2026 23:30;04/03/2026 05:16;03/03/2026 23:16;04/03/2026 04:50
CEPE012006;CTO X REC;Volta;ACVG;CTO;6345;24686;03/03/2026 22:50;04/03/2026 05:30;03/03/2026 23:08;04/03/2026 04:52
ALPB003027;MCZ X CGE;Ida;MCZ;CGE;6138;26580;03/03/2026 23:30;04/03/2026 06:18;03/03/2026 23:35;04/03/2026 05:01
ALPE003008;AIR X REC;Ida;GUS;REC Tip;6019;26858;04/03/2026 02:00;04/03/2026 06:30;04/03/2026 01:44;04/03/2026 05:05
16048;REC X IKM;Volta;IKM;REC Tip;6289;26776;03/03/2026 22:00;04/03/2026 06:20;03/03/2026 21:36;04/03/2026 05:12
16077;REC X TFN;Volta;TFN;REC Tip;6028;26736;03/03/2026 21:00;04/03/2026 04:30;03/03/2026 21:23;04/03/2026 05:19
ALPB003027;MCZ X CGE;Volta;CGE;MCZ;6108;26536;03/03/2026 23:30;04/03/2026 05:29;03/03/2026 23:29;04/03/2026 05:19
16049;REC X PTR;Volta;GUS;REC Tip;6169;26354;04/03/2026 02:20;04/03/2026 05:56;04/03/2026 01:44;04/03/2026 05:29
PERN003012;REC X NAT;Ida;REC Tip;NAT;6199;26203;03/03/2026 23:55;04/03/2026 05:45;04/03/2026 00:21;04/03/2026 05:39
MAPE3030.3;ARRP X ACV;Ida;ARRP;ACVG;6205;26908;03/03/2026 22:25;04/03/2026 05:25;03/03/2026 23:01;04/03/2026 05:41
16037;REC X BOO;Volta;ACVG;REC Tip;6067;26035;04/03/2026 00:36;04/03/2026 04:31;04/03/2026 01:44;04/03/2026 05:49
ALPE003018;MCZ X PNZ;Volta;PAF;MCZ;6017;26377;03/03/2026 23:55;04/03/2026 05:10;04/03/2026 00:13;04/03/2026 05:57
ALPE003018;MCZ X PNZ;Ida;PAF;PNZ;6099;26525;03/03/2026 23:20;04/03/2026 06:00;04/03/2026 00:00;04/03/2026 05:58
16056;REC X PNZ;Volta;ACVG;REC Tip;6235;26656;04/03/2026 02:08;04/03/2026 06:35;04/03/2026 02:27;04/03/2026 06:00
16067.1;REC X SJG;Volta;SJG;REC Tip;6024;26768;03/03/2026 21:50;04/03/2026 05:00;03/03/2026 21:46;04/03/2026 06:07
16067.1;REC X SJG;Ida;REC Tip;SJG;6033;26469;03/03/2026 22:50;04/03/2026 06:00;03/03/2026 22:12;04/03/2026 06:14
CEPE012001;CTO X REC;Volta;ACVG;JDO;6063;26025;04/03/2026 01:30;04/03/2026 06:00;04/03/2026 00:15;04/03/2026 06:16
CEPE012006;CTO X REC;Ida;ACVG;REC Tip;6185;26856;04/03/2026 01:50;04/03/2026 05:30;04/03/2026 02:32;04/03/2026 06:16
MARN3026.3;JDO X CGE;Volta;PTCE;JDO;6083;25608;03/03/2026 23:50;04/03/2026 06:00;03/03/2026 23:17;04/03/2026 06:17
16061.1;REC X SGI;Volta;SGI;REC Tip;6325;25920;03/03/2026 22:30;04/03/2026 05:53;03/03/2026 22:35;04/03/2026 06:20
CEPE012001;CTO X REC;Ida;ACVG;REC Tip;6053;26875;04/03/2026 02:10;04/03/2026 05:30;04/03/2026 02:44;04/03/2026 06:22
16056-3;REC X PNZ;Volta;ACVG;REC;6334;26670;04/03/2026 00:18;04/03/2026 05:00;04/03/2026 00:25;04/03/2026 06:27
16061.1;REC X SGI;Ida;REC Tip;SGI;6355;26133;03/03/2026 22:00;04/03/2026 05:15;03/03/2026 22:08;04/03/2026 06:35
PEPI003011;REC X PCZ;Volta;ACVG;REC Tip;6039;26364;04/03/2026 02:15;04/03/2026 06:21;04/03/2026 02:35;04/03/2026 06:36
16033;REC X COO;Ida;ACVG;COO;6118;26802;04/03/2026 01:28;04/03/2026 06:20;04/03/2026 02:09;04/03/2026 06:39
BAPE003014;PAF X REC;Volta;GUS;PAF;6285;26769;04/03/2026 02:30;04/03/2026 06:29;04/03/2026 02:36;04/03/2026 06:39
16056-3;REC X PNZ;Ida;ACVG;PNZ.G;6344;24830;03/03/2026 23:00;04/03/2026 05:35;03/03/2026 23:57;04/03/2026 06:40
16021.1;REC X ARRP;Ida;ACVG;ARRP;6168;26466;04/03/2026 00:13;04/03/2026 07:06;03/03/2026 23:26;04/03/2026 06:43
ALCE003017;MCZ X CTO;Volta;PAF.G;MCZ;6107;26406;03/03/2026 23:16;04/03/2026 05:30;04/03/2026 01:23;04/03/2026 06:47
16033;REC X COO;Volta;ACVG;REC Tip;6023;25905;04/03/2026 01:52;04/03/2026 06:20;04/03/2026 02:12;04/03/2026 06:47
MARN3026.2;THE X JDO;Ida;PCZ;JDO;6255;26488;04/03/2026 01:30;04/03/2026 05:50;04/03/2026 01:35;04/03/2026 06:48
BAPE003014;PAF X REC;Ida;GUS;REC Tip;6245;26468;04/03/2026 02:59;04/03/2026 07:20;04/03/2026 02:50;04/03/2026 06:49
PBPE003015;CGE X PNZ;Ida;ACVG;PNZ;6109;25586;03/03/2026 21:45;04/03/2026 05:20;03/03/2026 22:48;04/03/2026 06:59
PESE003002;REC X AJU;Volta;MEA;REC Tip;6189;26410;04/03/2026 04:30;04/03/2026 07:50;04/03/2026 04:30;04/03/2026 07:05
ALPE012003;PND X REC;Volta;GUS;PND;6159;26239;04/03/2026 01:00;04/03/2026 07:00;04/03/2026 02:22;04/03/2026 07:06
16056.2;REC X PNZ;Ida;ACVG;PNZ;6265;26130;03/03/2026 23:50;04/03/2026 06:50;03/03/2026 23:55;04/03/2026 07:07
16056;REC X PNZ;Ida;ACVG;PNZ;6275;26358;04/03/2026 00:40;04/03/2026 07:30;04/03/2026 00:10;04/03/2026 07:26
ALCE003017;MCZ X CTO;Ida;PAF;CTO;6103;26125;03/03/2026 23:16;04/03/2026 05:30;04/03/2026 00:10;04/03/2026 07:46
PESE003002;REC X AJU;Ida;PPI2;AJU;6077;26412;04/03/2026 06:00;04/03/2026 07:30;04/03/2026 06:00;04/03/2026 08:19
PBPE003015;CGE X PNZ;Volta;ACVG;CGE;6157;26890;04/03/2026 03:48;04/03/2026 09:38;04/03/2026 04:07;04/03/2026 09:04
16023;REC X ARRP;Ida;ACVG;ARRP;6059;26371;04/03/2026 00:04;04/03/2026 07:21;04/03/2026 01:24;04/03/2026 09:47
PBPE003031;JPA X LGP;Volta;ACV.;JPA;6105;26749;01/03/2026 03:20;01/03/2026 10:10;01/03/2026 04:21;01/03/2026 10:10
MARN3026.3;JDO X CGE;Ida;PFPTCES;CGE;6324;25698;01/03/2026 12:25;01/03/2026 14:30;01/03/2026 11:42;01/03/2026 14:30
50;SLZ X ITZ;Volta;ITZ;SIS;6294;25423;01/03/2026 20:00;02/03/2026 01:55;01/03/2026 19:09;02/03/2026 01:55
16049;REC X PTR;Volta;PTR;GUS;6159;26860;01/03/2026 20:10;02/03/2026 02:00;01/03/2026 20:12;02/03/2026 02:00
16048;REC X IKM;Volta;SJG;REC Tip;6169;26776;01/03/2026 22:00;02/03/2026 06:20;01/03/2026 21:43;02/03/2026 06:20
16067.1;REC X SJG;Ida;REC Tip;SJG;6189;26758;01/03/2026 22:50;02/03/2026 08:00;01/03/2026 22:52;02/03/2026 08:00
16024;REC X ACV;Volta;ACVG;REC Tip;6188;26940;02/03/2026 10:30;02/03/2026 14:30;02/03/2026 10:19;02/03/2026 14:30
PBPE003005;CGE X REC;Ida;CGE;REC Tip;6105;25890;02/03/2026 11:30;02/03/2026 16:00;02/03/2026 11:33;02/03/2026 16:00
12044;REC X CAU;Ida;REC Tip;CAU;6016;26941;02/03/2026 14:00;02/03/2026 17:30;02/03/2026 14:07;02/03/2026 17:30
16047.1;REC X GUS;Ida;REC;GUS;6077;26520;02/03/2026 15:00;02/03/2026 21:48;02/03/2026 16:36;02/03/2026 21:48
16075;REC X TAMA;Ida;REC DTB;SEC2;6076;26131;02/03/2026 17:40;02/03/2026 21:30;02/03/2026 17:21;02/03/2026 21:30
MARN3026.3;JDO X CGE;Ida;PFPTCES;CGE;6083;26761;02/03/2026 17:25;02/03/2026 21:30;02/03/2026 17:35;02/03/2026 21:30
CEPE003024;IAU X REC;Volta;REC Tip;CGE;6225;26890;02/03/2026 20:15;03/03/2026 00:30;02/03/2026 20:42;03/03/2026 00:30
60;SLZ X ETO;Ida;SLZ;SLOP;6294;24582;02/03/2026 20:30;03/03/2026 01:00;02/03/2026 20:52;03/03/2026 01:00
16067.1;REC X SJG;Volta;SJG;REC Tip;6033;26758;02/03/2026 21:50;03/03/2026 09:00;02/03/2026 23:21;03/03/2026 09:00
CEPE003024;IAU X REC;Ida;PTCE;CGE;6285;25628;02/03/2026 23:50;03/03/2026 02:00;02/03/2026 23:22;03/03/2026 02:00
CEPE012001;CTO X REC;Volta;ACVG;JDO;6053;25973;03/03/2026 01:30;03/03/2026 06:00;03/03/2026 00:34;03/03/2026 06:00
PERN003035;CAU X NAT;Ida;CGE;NAT;6229;26868;03/03/2026 00:10;03/03/2026 04:30;03/03/2026 00:51;03/03/2026 04:30
PBPE003025;PIL X REC;Volta;REC Tip;PIL;6015;26749;03/03/2026 07:00;03/03/2026 14:53;03/03/2026 07:03;03/03/2026 14:53
PBRN003006;JPA X NAT;Volta;NAT;JPA;6098;26953;03/03/2026 08:00;03/03/2026 11:00;03/03/2026 08:07;03/03/2026 11:00
MARN3026.3;JDO X CGE;Ida;PFPTCES;CGE;6073;26754;03/03/2026 12:25;03/03/2026 14:30;03/03/2026 11:51;03/03/2026 14:30
16067;REC X SJG;Volta;SJG;REC Tip;6043;21982;03/03/2026 11:50;03/03/2026 20:15;03/03/2026 11:54;03/03/2026 20:15
MARN3026.1;SLZ X THE;Ida;SLZ;PERI;6255;26238;03/03/2026 11:50;03/03/2026 16:15;03/03/2026 11:57;03/03/2026 16:15
16024;REC X ACV;Volta;ACVG;REC Tip;6188;26663;03/03/2026 10:30;03/03/2026 14:30;03/03/2026 12:29;03/03/2026 14:30
PBRN003006;JPA X NAT;Volta;NAT;JPA;6057;26855;03/03/2026 14:00;03/03/2026 17:00;03/03/2026 14:06;03/03/2026 17:00
PESE003002;REC X AJU;Volta;AJU;MEA;6189;26410;03/03/2026 22:30;04/03/2026 03:30;03/03/2026 22:28;04/03/2026 03:30
16037;REC X BOO;Ida;ACVG;BOO;6129;24723;04/03/2026 00:45;04/03/2026 09:35;04/03/2026 01:38;04/03/2026 09:35
16049;REC X PTR;Ida;GUS;PTR;6087;26798;04/03/2026 01:26;04/03/2026 06:41;04/03/2026 02:49;04/03/2026 06:41
PESE003002;REC X AJU;Ida;MEA;PPI2;6077;26412;04/03/2026 03:00;04/03/2026 05:30;04/03/2026 03:35;04/03/2026 05:30
16021.1;REC X ARRP;Volta;ACVG;REC;6123;26865;03/03/2026 23:50;04/03/2026 03:47;03/03/2026 23:50;04/03/2026 03:47
16065;REC X SDB;Ida;REC Tip;SDB;3010;26654;03/03/2026 22:30;04/03/2026 07:00;03/03/2026 22:30;04/03/2026 07:00
16065;REC X SDB;Volta;SDB;REC Tip;3020;26386;03/03/2026 22:00;04/03/2026 04:50;03/03/2026 22:00;04/03/2026 04:50
PBPE003005;CGE X REC;Volta;REC Tip;CGE;6016;25926;03/03/2026 21:00;03/03/2026 23:30;03/03/2026 21:00;03/03/2026 23:30
16021.1;REC X ARRP;Volta;ARRP.SE;ACVG;6123;26097;03/03/2026 17:00;03/03/2026 23:40;03/03/2026 17:00;03/03/2026 23:40
16064;REC X SEC;Ida;DBT;SEC;2339;25165;03/03/2026 15:00;03/03/2026 19:00;03/03/2026 15:00;03/03/2026 19:00
PBPE003020;CGE x REC;Ida;CGE;REC Tip;6234;26509;03/03/2026 15:00;03/03/2026 18:50;03/03/2026 15:00;03/03/2026 18:50
12004;REC X CAU;Volta;CAU;REC Tip;3010;26609;03/03/2026 14:30;03/03/2026 16:30;03/03/2026 14:30;03/03/2026 16:30
12004;REC X CAU;Ida;REC Tip;CAU;3010;26609;03/03/2026 11:30;03/03/2026 13:30;03/03/2026 11:30;03/03/2026 13:30
1;TFD IDA;Ida;REC;REC;2339;26595;03/03/2026 07:30;03/03/2026 13:00;03/03/2026 07:30;03/03/2026 13:00
ALPB003027;MCZ X CGE;Ida;MCZ;CGE;6234;25698;03/03/2026 06:30;03/03/2026 14:18;03/03/2026 06:30;03/03/2026 14:18
16047;REC X GUS;Ida;RMR;REC;;;03/03/2026 06:00;03/03/2026 06:30;03/03/2026 06:00;03/03/2026 06:30
16021.1;REC X ARRP;Ida;ACVG;ARRP.SE;6123;;02/03/2026 23:50;03/03/2026 06:15;02/03/2026 23:50;03/03/2026 06:15
16065;REC X SDB;Ida;REC Tip;SDB;3020;26386;02/03/2026 22:30;03/03/2026 07:00;02/03/2026 22:30;03/03/2026 07:00
16065;REC X SDB;Volta;SDB;REC Tip;3010;26469;02/03/2026 22:00;03/03/2026 04:50;02/03/2026 22:00;03/03/2026 04:50
16021.1;REC X ARRP;Ida;REC;ACVG;6123;26865;02/03/2026 18:00;02/03/2026 22:30;02/03/2026 18:00;02/03/2026 22:30
16024;REC X ACV;Volta;ACV;REC Tip;6113;26936;02/03/2026 17:00;02/03/2026 21:23;02/03/2026 17:00;02/03/2026 21:23
MARN3026.4;CGE X NAT;Ida;CGE;NAT;6083;26385;02/03/2026 14:50;02/03/2026 19:00;02/03/2026 14:50;02/03/2026 19:00
16024;REC X ACV;Ida;REC Tip;ACVG;6133;26876;02/03/2026 13:30;02/03/2026 17:30;02/03/2026 13:30;02/03/2026 17:30
12044;REC X CAU;Volta;CAU;REC Tip;3020;26857;02/03/2026 13:00;02/03/2026 16:30;02/03/2026 13:00;02/03/2026 16:30
16024;REC X ACV;Ida;REC Tip;ACVG;6113;26936;02/03/2026 09:30;02/03/2026 14:15;02/03/2026 09:30;02/03/2026 14:15
12044;REC X CAU;Ida;REC Tip;CAU;3020;26857;02/03/2026 09:00;02/03/2026 12:30;02/03/2026 09:00;02/03/2026 12:30
1;TFD IDA;Ida;REC;REC;2339;26595;02/03/2026 07:30;02/03/2026 13:00;02/03/2026 07:30;02/03/2026 13:00
ALPB003027;MCZ X CGE;Volta;CGE;MCZ;6234;25698;02/03/2026 06:30;02/03/2026 13:29;02/03/2026 06:30;02/03/2026 13:29
16047;REC X GUS;Ida;RMR;REC;;26941;02/03/2026 06:00;02/03/2026 06:30;02/03/2026 06:00;02/03/2026 06:30
16064;REC X SEC;Volta;SEC;DBT;2339;21883;02/03/2026 05:10;02/03/2026 09:00;02/03/2026 05:10;02/03/2026 09:00
16049;REC X PTR;Volta;GUS;REC Tip;6159;26860;02/03/2026 02:20;02/03/2026 05:56;02/03/2026 02:20;02/03/2026 05:56
50;SLZ X ITZ;Volta;SIS;SLZ;6294;25871;02/03/2026 02:05;02/03/2026 06:00;02/03/2026 02:05;02/03/2026 06:00
16021.1;REC X ARRP;Volta;ACVG;REC;6123;26865;01/03/2026 23:50;02/03/2026 03:47;01/03/2026 23:50;02/03/2026 03:47
16065;REC X SDB;Ida;REC Tip;SDB;3010;26469;01/03/2026 22:30;02/03/2026 07:00;01/03/2026 22:30;02/03/2026 07:00
16065;REC X SDB;Volta;SDB;REC Tip;3020;26768;01/03/2026 22:00;02/03/2026 04:50;01/03/2026 22:00;02/03/2026 04:50
PBPE003005;CGE X REC;Volta;REC Tip;CGE;6234;26890;01/03/2026 21:00;01/03/2026 23:30;01/03/2026 21:00;01/03/2026 23:30
12044;REC X CAU;Ida;REC Tip;CAU;6158;26937;01/03/2026 18:00;01/03/2026 21:30;01/03/2026 18:00;01/03/2026 21:30
16021.1;REC X ARRP;Volta;ARRP.SE;ACVG;6123;26526;01/03/2026 17:00;01/03/2026 23:40;01/03/2026 17:00;01/03/2026 23:40
16024;REC X ACV;Volta;ACV;REC Tip;6113;26942;01/03/2026 17:00;01/03/2026 21:23;01/03/2026 17:00;01/03/2026 21:23
12004;REC X CAU;Volta;CAU;REC Tip;3014;26920;01/03/2026 16:30;01/03/2026 18:30;01/03/2026 16:30;01/03/2026 18:30
16064;REC X SEC;Ida;DBT;SEC;2339;21883;01/03/2026 16:00;01/03/2026 19:10;01/03/2026 16:00;01/03/2026 19:10
PBPE003004;JPA X REC;Ida;JPA;REC Tip;6016;26757;01/03/2026 16:00;01/03/2026 18:30;01/03/2026 16:00;01/03/2026 18:30
12004;REC X CAU;Ida;REC Tip;CAU;3014;26920;01/03/2026 14:30;01/03/2026 16:30;01/03/2026 14:30;01/03/2026 16:30
16024;REC X ACV;Ida;REC Tip;ACVG;6133;26940;01/03/2026 13:30;01/03/2026 17:30;01/03/2026 13:30;01/03/2026 17:30
PBPE003020;CGE x REC;Ida;CGE;REC Tip;6234;25907;01/03/2026 13:00;01/03/2026 16:50;01/03/2026 13:00;01/03/2026 16:50
16024;REC X ACV;Ida;REC Tip;ACVG;6113;26942;01/03/2026 09:30;01/03/2026 14:15;01/03/2026 09:30;01/03/2026 14:15
PBRN003006;JPA X NAT;Volta;NAT;JPA;6016;26523;01/03/2026 08:00;01/03/2026 11:00;01/03/2026 08:00;01/03/2026 11:00
PBPE003020;CGE x REC;Volta;REC Tip;CGE;6234;26891;01/03/2026 07:00;01/03/2026 10:50;01/03/2026 07:00;01/03/2026 10:50
16064;REC X SEC;Volta;SEC;DBT;2339;21883;01/03/2026 06:10;01/03/2026 09:10;01/03/2026 06:10;01/03/2026 09:10
