Empresa;Linha;Origem;Destino;Serviço;Horario de Saída;Sentido;Dia Operante;Regiao
VIACAO PROGRESSO;ARAPIRACA(AL) - RECIFE(PE);RECIFE(PE);ARAPIRACA(AL);10201590;22:30:00;VOLTA;SEGUNDA-FEIRA;LITORAL
VIACAO PROGRESSO;ARAPIRACA(AL) - RECIFE(PE);RECIFE(PE);ARAPIRACA(AL);10301590;22:30:00;VOLTA;SEGUNDA-FEIRA;LITORAL
VIACAO PROGRESSO;ARAPIRACA(AL) - RECIFE(PE);ARAPIRACA(AL);RECIFE(PE);10201595;22:40:00;IDA;TERCA-FEIRA;LITORAL
VIACAO PROGRESSO;ARAPIRACA(AL) - RECIFE(PE);ARAPIRACA(AL);RECIFE(PE);10301595;22:40:00;IDA;TERCA-FEIRA;LITORAL
VIACAO PROGRESSO;ARARIPINA(PE) - NATAL(RN);ARARIPINA(PE);NATAL(RN);10201805;18:30:00;IDA;SABADO;NORDESTE
VIACAO PROGRESSO;ARARIPINA(PE) - NATAL(RN);NATAL(RN);ARARIPINA(PE);10201800;16:00:00;VOLTA;DOMINGO;NORDESTE
VIACAO PROGRESSO;CAJAZEIRAS(PB) - RECIFE(PE) ;RECIFE(PE);CAJAZEIRAS(PB);10302220;21:00:00;VOLTA;SEXTA-FEIRA;LITORAL
VIACAO PROGRESSO;CAJAZEIRAS(PB) - RECIFE(PE) ;RECIFE(PE);CAJAZEIRAS(PB);10402220;21:00:00;VOLTA;SEXTA-FEIRA;LITORAL
VIACAO PROGRESSO;CAJAZEIRAS(PB) - RECIFE(PE) ;CAJAZEIRAS(PB);RECIFE(PE);10402275;20:30:00;IDA;DOMINGO;LITORAL
VIACAO PROGRESSO;CAJAZEIRAS(PB) - RECIFE(PE) ;CAJAZEIRAS(PB);RECIFE(PE);10302275;20:30:00;IDA;DOMINGO;LITORAL
VIACAO PROGRESSO;CAMPINA GRANDE(PB) - PETROLINA(PE);CAMPINA GRANDE(PB);PETROLINA(PE);10301265;17:00:00;IDA;SEXTA-FEIRA;LITORAL
VIACAO PROGRESSO;CAMPINA GRANDE(PB) - PETROLINA(PE);CAMPINA GRANDE(PB);PETROLINA(PE);10201265;17:00:00;IDA;SEXTA-FEIRA;LITORAL
VIACAO PROGRESSO;CAMPINA GRANDE(PB) - PETROLINA(PE);PETROLINA(PE);CAMPINA GRANDE(PB);10201250;19:30:00;VOLTA;SEXTA-FEIRA;LITORAL
VIACAO PROGRESSO;CAMPINA GRANDE(PB) - PETROLINA(PE);PETROLINA(PE);CAMPINA GRANDE(PB);10301250;19:30:00;VOLTA;SEXTA-FEIRA;LITORAL
VIACAO PROGRESSO;CAMPINA GRANDE(PB) - PETROLINA(PE);CAMPINA GRANDE(PB);PETROLINA(PE);10301265;17:00:00;IDA;SABADO;LITORAL
VIACAO PROGRESSO;CAMPINA GRANDE(PB) - PETROLINA(PE);CAMPINA GRANDE(PB);PETROLINA(PE);10201265;17:00:00;IDA;SABADO;LITORAL
VIACAO PROGRESSO;CAMPINA GRANDE(PB) - PETROLINA(PE);PETROLINA(PE);CAMPINA GRANDE(PB);10201250;19:30:00;VOLTA;SABADO;LITORAL
VIACAO PROGRESSO;CAMPINA GRANDE(PB) - PETROLINA(PE);PETROLINA(PE);CAMPINA GRANDE(PB);10301250;19:30:00;VOLTA;SABADO;LITORAL
VIACAO PROGRESSO;CAMPINA GRANDE(PB) - PETROLINA(PE);CAMPINA GRANDE(PB);PETROLINA(PE);10301265;17:00:00;IDA;DOMINGO;LITORAL
VIACAO PROGRESSO;CAMPINA GRANDE(PB) - PETROLINA(PE);CAMPINA GRANDE(PB);PETROLINA(PE);10201265;17:00:00;IDA;DOMINGO;LITORAL
VIACAO PROGRESSO;CAMPINA GRANDE(PB) - PETROLINA(PE);PETROLINA(PE);CAMPINA GRANDE(PB);10301250;19:30:00;VOLTA;DOMINGO;LITORAL
VIACAO PROGRESSO;CAMPINA GRANDE(PB) - PETROLINA(PE);PETROLINA(PE);CAMPINA GRANDE(PB);10201250;19:30:00;VOLTA;DOMINGO;LITORAL
VIACAO PROGRESSO;CAMPINA GRANDE(PB) - PETROLINA(PE);CAMPINA GRANDE(PB);PETROLINA(PE);10301265;17:00:00;IDA;SEGUNDA-FEIRA;LITORAL
VIACAO PROGRESSO;CAMPINA GRANDE(PB) - PETROLINA(PE);CAMPINA GRANDE(PB);PETROLINA(PE);10201265;17:00:00;IDA;SEGUNDA-FEIRA;LITORAL
VIACAO PROGRESSO;CAMPINA GRANDE(PB) - PETROLINA(PE);PETROLINA(PE);CAMPINA GRANDE(PB);10201250;19:30:00;VOLTA;SEGUNDA-FEIRA;LITORAL
VIACAO PROGRESSO;CAMPINA GRANDE(PB) - PETROLINA(PE);PETROLINA(PE);CAMPINA GRANDE(PB);10301250;19:30:00;VOLTA;SEGUNDA-FEIRA;LITORAL
VIACAO PROGRESSO;CAMPINA GRANDE(PB) - PETROLINA(PE);CAMPINA GRANDE(PB);PETROLINA(PE);10201265;17:00:00;IDA;TERCA-FEIRA;LITORAL
VIACAO PROGRESSO;CAMPINA GRANDE(PB) - PETROLINA(PE);CAMPINA GRANDE(PB);PETROLINA(PE);10301265;17:00:00;IDA;TERCA-FEIRA;LITORAL
VIACAO PROGRESSO;CAMPINA GRANDE(PB) - PETROLINA(PE);PETROLINA(PE);CAMPINA GRANDE(PB);10301250;19:30:00;VOLTA;TERCA-FEIRA;LITORAL
VIACAO PROGRESSO;CAMPINA GRANDE(PB) - PETROLINA(PE);PETROLINA(PE);CAMPINA GRANDE(PB);10201250;19:30:00;VOLTA;TERCA-FEIRA;LITORAL
VIACAO PROGRESSO;CAMPINA GRANDE(PB) - PETROLINA(PE);CAMPINA GRANDE(PB);PETROLINA(PE);10301265;17:00:00;IDA;QUARTA-FEIRA;LITORAL
VIACAO PROGRESSO;CAMPINA GRANDE(PB) - PETROLINA(PE);CAMPINA GRANDE(PB);PETROLINA(PE);10201265;17:00:00;IDA;QUARTA-FEIRA;LITORAL
VIACAO PROGRESSO;CAMPINA GRANDE(PB) - PETROLINA(PE);PETROLINA(PE);CAMPINA GRANDE(PB);10301250;19:30:00;VOLTA;QUARTA-FEIRA;LITORAL
VIACAO PROGRESSO;CAMPINA GRANDE(PB) - PETROLINA(PE);PETROLINA(PE);CAMPINA GRANDE(PB);10201250;19:30:00;VOLTA;QUARTA-FEIRA;LITORAL
VIACAO PROGRESSO;CAMPINA GRANDE(PB) - PETROLINA(PE);CAMPINA GRANDE(PB);PETROLINA(PE);10201265;17:00:00;IDA;QUINTA-FEIRA;LITORAL
VIACAO PROGRESSO;CAMPINA GRANDE(PB) - PETROLINA(PE);CAMPINA GRANDE(PB);PETROLINA(PE);10301265;17:00:00;IDA;QUINTA-FEIRA;LITORAL
VIACAO PROGRESSO;CAMPINA GRANDE(PB) - PETROLINA(PE);PETROLINA(PE);CAMPINA GRANDE(PB);10201250;19:30:00;VOLTA;QUINTA-FEIRA;LITORAL
VIACAO PROGRESSO;CAMPINA GRANDE(PB) - PETROLINA(PE);PETROLINA(PE);CAMPINA GRANDE(PB);10301250;19:30:00;VOLTA;QUINTA-FEIRA;LITORAL
VIACAO PROGRESSO;CAMPINA GRANDE(PB) - RECIFE(PE);RECIFE(PE);CAMPINA GRANDE(PB);10201410;07:00:00;VOLTA;SEXTA-FEIRA;LITORAL
VIACAO PROGRESSO;CAMPINA GRANDE(PB) - RECIFE(PE);CAMPINA GRANDE(PB);RECIFE(PE);10201425;07:00:00;IDA;SEXTA-FEIRA;LITORAL
VIACAO PROGRESSO;CAMPINA GRANDE(PB) - RECIFE(PE);RECIFE(PE);CAMPINA GRANDE(PB);10201420;09:00:00;VOLTA;SEXTA-FEIRA;LITORAL
VIACAO PROGRESSO;CAMPINA GRANDE(PB) - RECIFE(PE);CAMPINA GRANDE(PB);RECIFE(PE);10201435;09:00:00;IDA;SEXTA-FEIRA;LITORAL
VIACAO PROGRESSO;CAMPINA GRANDE(PB) - RECIFE(PE);CAMPINA GRANDE(PB);RECIFE(PE);10201445;13:00:00;IDA;SEXTA-FEIRA;LITORAL
VIACAO PROGRESSO;CAMPINA GRANDE(PB) - RECIFE(PE);RECIFE(PE);CAMPINA GRANDE(PB);10201430;13:00:00;VOLTA;SEXTA-FEIRA;LITORAL
VIACAO PROGRESSO;CAMPINA GRANDE(PB) - RECIFE(PE);RECIFE(PE);CAMPINA GRANDE(PB);10201410;07:00:00;VOLTA;SABADO;LITORAL
VIACAO PROGRESSO;CAMPINA GRANDE(PB) - RECIFE(PE);CAMPINA GRANDE(PB);RECIFE(PE);10201425;07:00:00;IDA;SABADO;LITORAL
VIACAO PROGRESSO;CAMPINA GRANDE(PB) - RECIFE(PE);RECIFE(PE);CAMPINA GRANDE(PB);10201420;09:00:00;VOLTA;SABADO;LITORAL
VIACAO PROGRESSO;CAMPINA GRANDE(PB) - RECIFE(PE);CAMPINA GRANDE(PB);RECIFE(PE);10201435;09:00:00;IDA;SABADO;LITORAL
VIACAO PROGRESSO;CAMPINA GRANDE(PB) - RECIFE(PE);RECIFE(PE);CAMPINA GRANDE(PB);10201430;13:00:00;VOLTA;SABADO;LITORAL
VIACAO PROGRESSO;CAMPINA GRANDE(PB) - RECIFE(PE);CAMPINA GRANDE(PB);RECIFE(PE);10201445;13:00:00;IDA;SABADO;LITORAL
VIACAO PROGRESSO;CAMPINA GRANDE(PB) - RECIFE(PE);RECIFE(PE);CAMPINA GRANDE(PB);10201440;15:00:00;VOLTA;SABADO;LITORAL
VIACAO PROGRESSO;CAMPINA GRANDE(PB) - RECIFE(PE);CAMPINA GRANDE(PB);RECIFE(PE);10201455;15:00:00;IDA;SABADO;LITORAL
VIACAO PROGRESSO;CAMPINA GRANDE(PB) - RECIFE(PE);RECIFE(PE);CAMPINA GRANDE(PB);10201410;07:00:00;VOLTA;DOMINGO;LITORAL
VIACAO PROGRESSO;CAMPINA GRANDE(PB) - RECIFE(PE);CAMPINA GRANDE(PB);RECIFE(PE);10201425;07:00:00;IDA;DOMINGO;LITORAL
VIACAO PROGRESSO;CAMPINA GRANDE(PB) - RECIFE(PE);RECIFE(PE);CAMPINA GRANDE(PB);10201420;09:00:00;VOLTA;DOMINGO;LITORAL
VIACAO PROGRESSO;CAMPINA GRANDE(PB) - RECIFE(PE);CAMPINA GRANDE(PB);RECIFE(PE);10201435;09:00:00;IDA;DOMINGO;LITORAL
VIACAO PROGRESSO;CAMPINA GRANDE(PB) - RECIFE(PE);RECIFE(PE);CAMPINA GRANDE(PB);10201430;13:00:00;VOLTA;DOMINGO;LITORAL
VIACAO PROGRESSO;CAMPINA GRANDE(PB) - RECIFE(PE);CAMPINA GRANDE(PB);RECIFE(PE);10201445;13:00:00;IDA;DOMINGO;LITORAL
VIACAO PROGRESSO;CAMPINA GRANDE(PB) - RECIFE(PE);RECIFE(PE);CAMPINA GRANDE(PB);10201440;15:00:00;VOLTA;DOMINGO;LITORAL
VIACAO PROGRESSO;CAMPINA GRANDE(PB) - RECIFE(PE);CAMPINA GRANDE(PB);RECIFE(PE);10201455;15:00:00;IDA;DOMINGO;LITORAL
VIACAO PROGRESSO;CAMPINA GRANDE(PB) - RECIFE(PE);RECIFE(PE);CAMPINA GRANDE(PB);10201410;07:00:00;VOLTA;SEGUNDA-FEIRA;LITORAL
VIACAO PROGRESSO;CAMPINA GRANDE(PB) - RECIFE(PE);CAMPINA GRANDE(PB);RECIFE(PE);10201425;07:00:00;IDA;SEGUNDA-FEIRA;LITORAL
VIACAO PROGRESSO;CAMPINA GRANDE(PB) - RECIFE(PE);CAMPINA GRANDE(PB);RECIFE(PE);10201435;09:00:00;IDA;SEGUNDA-FEIRA;LITORAL
VIACAO PROGRESSO;CAMPINA GRANDE(PB) - RECIFE(PE);RECIFE(PE);CAMPINA GRANDE(PB);10201420;09:00:00;VOLTA;SEGUNDA-FEIRA;LITORAL
VIACAO PROGRESSO;CAMPINA GRANDE(PB) - RECIFE(PE);CAMPINA GRANDE(PB);RECIFE(PE);10201445;13:00:00;IDA;SEGUNDA-FEIRA;LITORAL
VIACAO PROGRESSO;CAMPINA GRANDE(PB) - RECIFE(PE);RECIFE(PE);CAMPINA GRANDE(PB);10201430;13:00:00;VOLTA;SEGUNDA-FEIRA;LITORAL
VIACAO PROGRESSO;CAMPINA GRANDE(PB) - RECIFE(PE);CAMPINA GRANDE(PB);RECIFE(PE);10201455;15:00:00;IDA;SEGUNDA-FEIRA;LITORAL
VIACAO PROGRESSO;CAMPINA GRANDE(PB) - RECIFE(PE);RECIFE(PE);CAMPINA GRANDE(PB);10201440;15:00:00;VOLTA;SEGUNDA-FEIRA;LITORAL
VIACAO PROGRESSO;CAMPINA GRANDE(PB) - RECIFE(PE);CAMPINA GRANDE(PB);RECIFE(PE);10201425;07:00:00;IDA;TERCA-FEIRA;LITORAL
VIACAO PROGRESSO;CAMPINA GRANDE(PB) - RECIFE(PE);RECIFE(PE);CAMPINA GRANDE(PB);10201410;07:00:00;VOLTA;TERCA-FEIRA;LITORAL
VIACAO PROGRESSO;CAMPINA GRANDE(PB) - RECIFE(PE);CAMPINA GRANDE(PB);RECIFE(PE);10201435;09:00:00;IDA;TERCA-FEIRA;LITORAL
VIACAO PROGRESSO;CAMPINA GRANDE(PB) - RECIFE(PE);RECIFE(PE);CAMPINA GRANDE(PB);10201420;09:00:00;VOLTA;TERCA-FEIRA;LITORAL
VIACAO PROGRESSO;CAMPINA GRANDE(PB) - RECIFE(PE);CAMPINA GRANDE(PB);RECIFE(PE);10201445;13:00:00;IDA;TERCA-FEIRA;LITORAL
VIACAO PROGRESSO;CAMPINA GRANDE(PB) - RECIFE(PE);RECIFE(PE);CAMPINA GRANDE(PB);10201430;13:00:00;VOLTA;TERCA-FEIRA;LITORAL
VIACAO PROGRESSO;CAMPINA GRANDE(PB) - RECIFE(PE);RECIFE(PE);CAMPINA GRANDE(PB);10201440;15:00:00;VOLTA;TERCA-FEIRA;LITORAL
VIACAO PROGRESSO;CAMPINA GRANDE(PB) - RECIFE(PE);CAMPINA GRANDE(PB);RECIFE(PE);10201455;15:00:00;IDA;TERCA-FEIRA;LITORAL
VIACAO PROGRESSO;CAMPINA GRANDE(PB) - RECIFE(PE);RECIFE(PE);CAMPINA GRANDE(PB);10201410;07:00:00;VOLTA;QUARTA-FEIRA;LITORAL
VIACAO PROGRESSO;CAMPINA GRANDE(PB) - RECIFE(PE);CAMPINA GRANDE(PB);RECIFE(PE);10201425;07:00:00;IDA;QUARTA-FEIRA;LITORAL
VIACAO PROGRESSO;CAMPINA GRANDE(PB) - RECIFE(PE);CAMPINA GRANDE(PB);RECIFE(PE);10201435;09:00:00;IDA;QUARTA-FEIRA;LITORAL
VIACAO PROGRESSO;CAMPINA GRANDE(PB) - RECIFE(PE);RECIFE(PE);CAMPINA GRANDE(PB);10201420;09:00:00;VOLTA;QUARTA-FEIRA;LITORAL
VIACAO PROGRESSO;CAMPINA GRANDE(PB) - RECIFE(PE);RECIFE(PE);CAMPINA GRANDE(PB);10201430;13:00:00;VOLTA;QUARTA-FEIRA;LITORAL
VIACAO PROGRESSO;CAMPINA GRANDE(PB) - RECIFE(PE);CAMPINA GRANDE(PB);RECIFE(PE);10201445;13:00:00;IDA;QUARTA-FEIRA;LITORAL
VIACAO PROGRESSO;CAMPINA GRANDE(PB) - RECIFE(PE);RECIFE(PE);CAMPINA GRANDE(PB);10201440;15:00:00;VOLTA;QUARTA-FEIRA;LITORAL
VIACAO PROGRESSO;CAMPINA GRANDE(PB) - RECIFE(PE);CAMPINA GRANDE(PB);RECIFE(PE);10201455;15:00:00;IDA;QUARTA-FEIRA;LITORAL
VIACAO PROGRESSO;CAMPINA GRANDE(PB) - RECIFE(PE);CAMPINA GRANDE(PB);RECIFE(PE);10201425;07:00:00;IDA;QUINTA-FEIRA;LITORAL
VIACAO PROGRESSO;CAMPINA GRANDE(PB) - RECIFE(PE);RECIFE(PE);CAMPINA GRANDE(PB);10201410;07:00:00;VOLTA;QUINTA-FEIRA;LITORAL
VIACAO PROGRESSO;CAMPINA GRANDE(PB) - RECIFE(PE);RECIFE(PE);CAMPINA GRANDE(PB);10201420;09:00:00;VOLTA;QUINTA-FEIRA;LITORAL
VIACAO PROGRESSO;CAMPINA GRANDE(PB) - RECIFE(PE);CAMPINA GRANDE(PB);RECIFE(PE);10201435;09:00:00;IDA;QUINTA-FEIRA;LITORAL
VIACAO PROGRESSO;CAMPINA GRANDE(PB) - RECIFE(PE);CAMPINA GRANDE(PB);RECIFE(PE);10201445;13:00:00;IDA;QUINTA-FEIRA;LITORAL
VIACAO PROGRESSO;CAMPINA GRANDE(PB) - RECIFE(PE);RECIFE(PE);CAMPINA GRANDE(PB);10201430;13:00:00;VOLTA;QUINTA-FEIRA;LITORAL
VIACAO PROGRESSO;CAMPINA GRANDE(PB) - RECIFE(PE);RECIFE(PE);CAMPINA GRANDE(PB);10201440;15:00:00;VOLTA;QUINTA-FEIRA;LITORAL
VIACAO PROGRESSO;CAMPINA GRANDE(PB) - RECIFE(PE);CAMPINA GRANDE(PB);RECIFE(PE);10201455;15:00:00;IDA;QUINTA-FEIRA;LITORAL
VIACAO PROGRESSO;CAMPINA GRANDE(PB) - RECIFE(PE) via CAJÁ(PB);CAMPINA GRANDE(PB);RECIFE(PE);10202985;11:30:00;IDA;SEXTA-FEIRA;LITORAL
VIACAO PROGRESSO;CAMPINA GRANDE(PB) - RECIFE(PE) via CAJÁ(PB);RECIFE(PE);CAMPINA GRANDE(PB);10202920;11:30:00;VOLTA;SEXTA-FEIRA;LITORAL
VIACAO PROGRESSO;CAMPINA GRANDE(PB) - RECIFE(PE) via CAJÁ(PB);CAMPINA GRANDE(PB);RECIFE(PE);10201465;15:00:00;IDA;SEXTA-FEIRA;LITORAL
VIACAO PROGRESSO;CAMPINA GRANDE(PB) - RECIFE(PE) via CAJÁ(PB);RECIFE(PE);CAMPINA GRANDE(PB);10201450;15:00:00;VOLTA;SEXTA-FEIRA;LITORAL
VIACAO PROGRESSO;CAMPINA GRANDE(PB) - RECIFE(PE) via CAJÁ(PB);CAMPINA GRANDE(PB);RECIFE(PE);10202995;19:00:00;IDA;SEXTA-FEIRA;LITORAL
VIACAO PROGRESSO;CAMPINA GRANDE(PB) - RECIFE(PE) via CAJÁ(PB);RECIFE(PE);CAMPINA GRANDE(PB);10202930;21:00:00;VOLTA;SEXTA-FEIRA;LITORAL
VIACAO PROGRESSO;CAMPINA GRANDE(PB) - RECIFE(PE) via CAJÁ(PB);CAMPINA GRANDE(PB);RECIFE(PE);10202985;11:30:00;IDA;SABADO;LITORAL
VIACAO PROGRESSO;CAMPINA GRANDE(PB) - RECIFE(PE) via CAJÁ(PB);RECIFE(PE);CAMPINA GRANDE(PB);10202920;11:30:00;VOLTA;SABADO;LITORAL
VIACAO PROGRESSO;CAMPINA GRANDE(PB) - RECIFE(PE) via CAJÁ(PB);CAMPINA GRANDE(PB);RECIFE(PE);10202995;19:00:00;IDA;SABADO;LITORAL
VIACAO PROGRESSO;CAMPINA GRANDE(PB) - RECIFE(PE) via CAJÁ(PB);RECIFE(PE);CAMPINA GRANDE(PB);10202930;21:00:00;VOLTA;SABADO;LITORAL
VIACAO PROGRESSO;CAMPINA GRANDE(PB) - RECIFE(PE) via CAJÁ(PB);CAMPINA GRANDE(PB);RECIFE(PE);10202985;11:30:00;IDA;DOMINGO;LITORAL
VIACAO PROGRESSO;CAMPINA GRANDE(PB) - RECIFE(PE) via CAJÁ(PB);RECIFE(PE);CAMPINA GRANDE(PB);10202920;11:30:00;VOLTA;DOMINGO;LITORAL
VIACAO PROGRESSO;CAMPINA GRANDE(PB) - RECIFE(PE) via CAJÁ(PB);CAMPINA GRANDE(PB);RECIFE(PE);10202995;19:00:00;IDA;DOMINGO;LITORAL
VIACAO PROGRESSO;CAMPINA GRANDE(PB) - RECIFE(PE) via CAJÁ(PB);RECIFE(PE);CAMPINA GRANDE(PB);10202930;21:00:00;VOLTA;DOMINGO;LITORAL
VIACAO PROGRESSO;CAMPINA GRANDE(PB) - RECIFE(PE) via CAJÁ(PB);CAMPINA GRANDE(PB);RECIFE(PE);10202985;11:30:00;IDA;SEGUNDA-FEIRA;LITORAL
VIACAO PROGRESSO;CAMPINA GRANDE(PB) - RECIFE(PE) via CAJÁ(PB);RECIFE(PE);CAMPINA GRANDE(PB);10202920;11:30:00;VOLTA;SEGUNDA-FEIRA;LITORAL
VIACAO PROGRESSO;CAMPINA GRANDE(PB) - RECIFE(PE) via CAJÁ(PB);CAMPINA GRANDE(PB);RECIFE(PE);10202995;19:00:00;IDA;SEGUNDA-FEIRA;LITORAL
VIACAO PROGRESSO;CAMPINA GRANDE(PB) - RECIFE(PE) via CAJÁ(PB);RECIFE(PE);CAMPINA GRANDE(PB);10202930;21:00:00;VOLTA;SEGUNDA-FEIRA;LITORAL
VIACAO PROGRESSO;CAMPINA GRANDE(PB) - RECIFE(PE) via CAJÁ(PB);CAMPINA GRANDE(PB);RECIFE(PE);10202985;11:30:00;IDA;TERCA-FEIRA;LITORAL
VIACAO PROGRESSO;CAMPINA GRANDE(PB) - RECIFE(PE) via CAJÁ(PB);RECIFE(PE);CAMPINA GRANDE(PB);10202920;11:30:00;VOLTA;TERCA-FEIRA;LITORAL
VIACAO PROGRESSO;CAMPINA GRANDE(PB) - RECIFE(PE) via CAJÁ(PB);CAMPINA GRANDE(PB);RECIFE(PE);10202995;19:00:00;IDA;TERCA-FEIRA;LITORAL
VIACAO PROGRESSO;CAMPINA GRANDE(PB) - RECIFE(PE) via CAJÁ(PB);RECIFE(PE);CAMPINA GRANDE(PB);10202930;21:00:00;VOLTA;TERCA-FEIRA;LITORAL
VIACAO PROGRESSO;CAMPINA GRANDE(PB) - RECIFE(PE) via CAJÁ(PB);CAMPINA GRANDE(PB);RECIFE(PE);10202985;11:30:00;IDA;QUARTA-FEIRA;LITORAL
VIACAO PROGRESSO;CAMPINA GRANDE(PB) - RECIFE(PE) via CAJÁ(PB);RECIFE(PE);CAMPINA GRANDE(PB);10202920;11:30:00;VOLTA;QUARTA-FEIRA;LITORAL
VIACAO PROGRESSO;CAMPINA GRANDE(PB) - RECIFE(PE) via CAJÁ(PB);CAMPINA GRANDE(PB);RECIFE(PE);10202995;19:00:00;IDA;QUARTA-FEIRA;LITORAL
VIACAO PROGRESSO;CAMPINA GRANDE(PB) - RECIFE(PE) via CAJÁ(PB);RECIFE(PE);CAMPINA GRANDE(PB);10202930;21:00:00;VOLTA;QUARTA-FEIRA;LITORAL
VIACAO PROGRESSO;CAMPINA GRANDE(PB) - RECIFE(PE) via CAJÁ(PB);CAMPINA GRANDE(PB);RECIFE(PE);10202985;11:30:00;IDA;QUINTA-FEIRA;LITORAL
VIACAO PROGRESSO;CAMPINA GRANDE(PB) - RECIFE(PE) via CAJÁ(PB);RECIFE(PE);CAMPINA GRANDE(PB);10202920;11:30:00;VOLTA;QUINTA-FEIRA;LITORAL
VIACAO PROGRESSO;CAMPINA GRANDE(PB) - RECIFE(PE) via CAJÁ(PB);CAMPINA GRANDE(PB);RECIFE(PE);10202995;19:00:00;IDA;QUINTA-FEIRA;LITORAL
VIACAO PROGRESSO;CAMPINA GRANDE(PB) - RECIFE(PE) via CAJÁ(PB);RECIFE(PE);CAMPINA GRANDE(PB);10202930;21:00:00;VOLTA;QUINTA-FEIRA;LITORAL
VIACAO PROGRESSO;CARUARU(PE) - NATAL(RN);CARUARU(PE);NATAL(RN);10202235;07:00:00;IDA;SEXTA-FEIRA;NORDESTE
VIACAO PROGRESSO;CARUARU(PE) - NATAL(RN);NATAL(RN);CARUARU(PE);10202190;07:00:00;VOLTA;SEXTA-FEIRA;NORDESTE
VIACAO PROGRESSO;CARUARU(PE) - NATAL(RN);CARUARU(PE);NATAL(RN);10203035;15:00:00;IDA;SEXTA-FEIRA;NORDESTE
VIACAO PROGRESSO;CARUARU(PE) - NATAL(RN);NATAL(RN);CARUARU(PE);10201940;15:00:00;VOLTA;SEXTA-FEIRA;NORDESTE
VIACAO PROGRESSO;CARUARU(PE) - NATAL(RN);CARUARU(PE);NATAL(RN);10202235;07:00:00;IDA;SABADO;NORDESTE
VIACAO PROGRESSO;CARUARU(PE) - NATAL(RN);NATAL(RN);CARUARU(PE);10202190;07:00:00;VOLTA;SABADO;NORDESTE
VIACAO PROGRESSO;CARUARU(PE) - NATAL(RN);NATAL(RN);CARUARU(PE);10201940;15:00:00;VOLTA;SABADO;NORDESTE
VIACAO PROGRESSO;CARUARU(PE) - NATAL(RN);CARUARU(PE);NATAL(RN);10203035;15:00:00;IDA;SABADO;NORDESTE
VIACAO PROGRESSO;CARUARU(PE) - NATAL(RN);NATAL(RN);CARUARU(PE);10202190;07:00:00;VOLTA;DOMINGO;NORDESTE
VIACAO PROGRESSO;CARUARU(PE) - NATAL(RN);CARUARU(PE);NATAL(RN);10202235;07:00:00;IDA;DOMINGO;NORDESTE
VIACAO PROGRESSO;CARUARU(PE) - NATAL(RN);NATAL(RN);CARUARU(PE);10201940;15:00:00;VOLTA;DOMINGO;NORDESTE
VIACAO PROGRESSO;CARUARU(PE) - NATAL(RN);CARUARU(PE);NATAL(RN);10203035;15:00:00;IDA;DOMINGO;NORDESTE
VIACAO PROGRESSO;CARUARU(PE) - NATAL(RN);CARUARU(PE);NATAL(RN);10202235;07:00:00;IDA;SEGUNDA-FEIRA;NORDESTE
VIACAO PROGRESSO;CARUARU(PE) - NATAL(RN);NATAL(RN);CARUARU(PE);10202190;07:00:00;VOLTA;SEGUNDA-FEIRA;NORDESTE
VIACAO PROGRESSO;CARUARU(PE) - NATAL(RN);CARUARU(PE);NATAL(RN);10203035;15:00:00;IDA;SEGUNDA-FEIRA;NORDESTE
VIACAO PROGRESSO;CARUARU(PE) - NATAL(RN);NATAL(RN);CARUARU(PE);10201940;15:00:00;VOLTA;SEGUNDA-FEIRA;NORDESTE
VIACAO PROGRESSO;CARUARU(PE) - NATAL(RN);CARUARU(PE);NATAL(RN);10202235;07:00:00;IDA;TERCA-FEIRA;NORDESTE
VIACAO PROGRESSO;CARUARU(PE) - NATAL(RN);NATAL(RN);CARUARU(PE);10202190;07:00:00;VOLTA;TERCA-FEIRA;NORDESTE
VIACAO PROGRESSO;CARUARU(PE) - NATAL(RN);CARUARU(PE);NATAL(RN);10203035;15:00:00;IDA;TERCA-FEIRA;NORDESTE
VIACAO PROGRESSO;CARUARU(PE) - NATAL(RN);NATAL(RN);CARUARU(PE);10201940;15:00:00;VOLTA;TERCA-FEIRA;NORDESTE
VIACAO PROGRESSO;CARUARU(PE) - NATAL(RN);NATAL(RN);CARUARU(PE);10202190;07:00:00;VOLTA;QUARTA-FEIRA;NORDESTE
VIACAO PROGRESSO;CARUARU(PE) - NATAL(RN);CARUARU(PE);NATAL(RN);10202235;07:00:00;IDA;QUARTA-FEIRA;NORDESTE
VIACAO PROGRESSO;CARUARU(PE) - NATAL(RN);CARUARU(PE);NATAL(RN);10203055;15:00:00;IDA;QUARTA-FEIRA;NORDESTE
VIACAO PROGRESSO;CARUARU(PE) - NATAL(RN);NATAL(RN);CARUARU(PE);10201940;15:00:00;VOLTA;QUARTA-FEIRA;NORDESTE
VIACAO PROGRESSO;CARUARU(PE) - NATAL(RN);NATAL(RN);CARUARU(PE);10202190;07:00:00;VOLTA;QUINTA-FEIRA;NORDESTE
VIACAO PROGRESSO;CARUARU(PE) - NATAL(RN);CARUARU(PE);NATAL(RN);10202235;07:00:00;IDA;QUINTA-FEIRA;NORDESTE
VIACAO PROGRESSO;CARUARU(PE) - NATAL(RN);NATAL(RN);CARUARU(PE);10201940;15:00:00;VOLTA;QUINTA-FEIRA;NORDESTE
VIACAO PROGRESSO;CARUARU(PE) - NATAL(RN);CARUARU(PE);NATAL(RN);10203035;15:00:00;IDA;QUINTA-FEIRA;NORDESTE
VIACAO PROGRESSO;CRATO(CE) - MACEIÓ(AL) via Recife;MACEIÓ(AL);CRATO(CE);10301650;17:00:00;VOLTA;SABADO;NORDESTE
VIACAO PROGRESSO;CRATO(CE) - MACEIÓ(AL) via Recife;CRATO(CE);MACEIÓ(AL);10201655;17:00:00;IDA;SABADO;NORDESTE
VIACAO PROGRESSO;CRATO(CE) - MACEIÓ(AL) via Recife;CRATO(CE);MACEIÓ(AL);10301655;17:00:00;IDA;SABADO;NORDESTE
VIACAO PROGRESSO;CRATO(CE) - MACEIÓ(AL) via Recife;MACEIÓ(AL);CRATO(CE);10201650;17:00:00;VOLTA;SABADO;NORDESTE
VIACAO CRUZEIRO;CRATO(CE) - RECIFE(PE);RECIFE(PE);CRATO(CE);20300150;18:00:00;VOLTA;SEXTA-FEIRA;NORDESTE
VIACAO CRUZEIRO;CRATO(CE) - RECIFE(PE);RECIFE(PE);CRATO(CE);20200150;18:00:00;VOLTA;SEXTA-FEIRA;NORDESTE
VIACAO CRUZEIRO;CRATO(CE) - RECIFE(PE);CRATO(CE);RECIFE(PE);20300155;18:00:00;IDA;SEXTA-FEIRA;NORDESTE
VIACAO CRUZEIRO;CRATO(CE) - RECIFE(PE);CRATO(CE);RECIFE(PE);20200155;18:00:00;IDA;SEXTA-FEIRA;NORDESTE
VIACAO CRUZEIRO;CRATO(CE) - RECIFE(PE);CRATO(CE);RECIFE(PE);20300135;20:00:00;IDA;SEXTA-FEIRA;NORDESTE
VIACAO CRUZEIRO;CRATO(CE) - RECIFE(PE);RECIFE(PE);CRATO(CE);20300130;20:00:00;VOLTA;SEXTA-FEIRA;NORDESTE
VIACAO CRUZEIRO;CRATO(CE) - RECIFE(PE);CRATO(CE);RECIFE(PE);20400135;20:00:00;IDA;SEXTA-FEIRA;NORDESTE
VIACAO CRUZEIRO;CRATO(CE) - RECIFE(PE);RECIFE(PE);CRATO(CE);20400130;20:00:00;VOLTA;SEXTA-FEIRA;NORDESTE
VIACAO CRUZEIRO;CRATO(CE) - RECIFE(PE);CRATO(CE);RECIFE(PE);20300155;18:00:00;IDA;SABADO;NORDESTE
VIACAO CRUZEIRO;CRATO(CE) - RECIFE(PE);RECIFE(PE);CRATO(CE);20200150;18:00:00;VOLTA;SABADO;NORDESTE
VIACAO CRUZEIRO;CRATO(CE) - RECIFE(PE);RECIFE(PE);CRATO(CE);20300150;18:00:00;VOLTA;SABADO;NORDESTE
VIACAO CRUZEIRO;CRATO(CE) - RECIFE(PE);CRATO(CE);RECIFE(PE);20200155;18:00:00;IDA;SABADO;NORDESTE
VIACAO CRUZEIRO;CRATO(CE) - RECIFE(PE);CRATO(CE);RECIFE(PE);20400135;20:00:00;IDA;SABADO;NORDESTE
VIACAO CRUZEIRO;CRATO(CE) - RECIFE(PE);RECIFE(PE);CRATO(CE);20400130;20:00:00;VOLTA;SABADO;NORDESTE
VIACAO CRUZEIRO;CRATO(CE) - RECIFE(PE);RECIFE(PE);CRATO(CE);20300130;20:00:00;VOLTA;SABADO;NORDESTE
VIACAO CRUZEIRO;CRATO(CE) - RECIFE(PE);CRATO(CE);RECIFE(PE);20300135;20:00:00;IDA;SABADO;NORDESTE
VIACAO CRUZEIRO;CRATO(CE) - RECIFE(PE);CRATO(CE);RECIFE(PE);20200155;18:00:00;IDA;DOMINGO;NORDESTE
VIACAO CRUZEIRO;CRATO(CE) - RECIFE(PE);RECIFE(PE);CRATO(CE);20300150;18:00:00;VOLTA;DOMINGO;NORDESTE
VIACAO CRUZEIRO;CRATO(CE) - RECIFE(PE);CRATO(CE);RECIFE(PE);20300155;18:00:00;IDA;DOMINGO;NORDESTE
VIACAO CRUZEIRO;CRATO(CE) - RECIFE(PE);RECIFE(PE);CRATO(CE);20200150;18:00:00;VOLTA;DOMINGO;NORDESTE
VIACAO CRUZEIRO;CRATO(CE) - RECIFE(PE);RECIFE(PE);CRATO(CE);20400130;20:00:00;VOLTA;DOMINGO;NORDESTE
VIACAO CRUZEIRO;CRATO(CE) - RECIFE(PE);CRATO(CE);RECIFE(PE);20300135;20:00:00;IDA;DOMINGO;NORDESTE
VIACAO CRUZEIRO;CRATO(CE) - RECIFE(PE);CRATO(CE);RECIFE(PE);20400135;20:00:00;IDA;DOMINGO;NORDESTE
VIACAO CRUZEIRO;CRATO(CE) - RECIFE(PE);RECIFE(PE);CRATO(CE);20300130;20:00:00;VOLTA;DOMINGO;NORDESTE
VIACAO CRUZEIRO;CRATO(CE) - RECIFE(PE);CRATO(CE);RECIFE(PE);20300155;18:00:00;IDA;SEGUNDA-FEIRA;NORDESTE
VIACAO CRUZEIRO;CRATO(CE) - RECIFE(PE);CRATO(CE);RECIFE(PE);20200155;18:00:00;IDA;SEGUNDA-FEIRA;NORDESTE
VIACAO CRUZEIRO;CRATO(CE) - RECIFE(PE);RECIFE(PE);CRATO(CE);20200150;18:00:00;VOLTA;SEGUNDA-FEIRA;NORDESTE
VIACAO CRUZEIRO;CRATO(CE) - RECIFE(PE);RECIFE(PE);CRATO(CE);20300150;18:00:00;VOLTA;SEGUNDA-FEIRA;NORDESTE
VIACAO CRUZEIRO;CRATO(CE) - RECIFE(PE);CRATO(CE);RECIFE(PE);20400135;20:00:00;IDA;SEGUNDA-FEIRA;NORDESTE
VIACAO CRUZEIRO;CRATO(CE) - RECIFE(PE);RECIFE(PE);CRATO(CE);20300130;20:00:00;VOLTA;SEGUNDA-FEIRA;NORDESTE
VIACAO CRUZEIRO;CRATO(CE) - RECIFE(PE);CRATO(CE);RECIFE(PE);20300135;20:00:00;IDA;SEGUNDA-FEIRA;NORDESTE
VIACAO CRUZEIRO;CRATO(CE) - RECIFE(PE);RECIFE(PE);CRATO(CE);20400130;20:00:00;VOLTA;SEGUNDA-FEIRA;NORDESTE
VIACAO CRUZEIRO;CRATO(CE) - RECIFE(PE);CRATO(CE);RECIFE(PE);20200155;18:00:00;IDA;TERCA-FEIRA;NORDESTE
VIACAO CRUZEIRO;CRATO(CE) - RECIFE(PE);RECIFE(PE);CRATO(CE);20200150;18:00:00;VOLTA;TERCA-FEIRA;NORDESTE
VIACAO CRUZEIRO;CRATO(CE) - RECIFE(PE);CRATO(CE);RECIFE(PE);20300155;18:00:00;IDA;TERCA-FEIRA;NORDESTE
VIACAO CRUZEIRO;CRATO(CE) - RECIFE(PE);RECIFE(PE);CRATO(CE);20300150;18:00:00;VOLTA;TERCA-FEIRA;NORDESTE
VIACAO CRUZEIRO;CRATO(CE) - RECIFE(PE);RECIFE(PE);CRATO(CE);20400130;20:00:00;VOLTA;TERCA-FEIRA;NORDESTE
VIACAO CRUZEIRO;CRATO(CE) - RECIFE(PE);RECIFE(PE);CRATO(CE);20300130;20:00:00;VOLTA;TERCA-FEIRA;NORDESTE
VIACAO CRUZEIRO;CRATO(CE) - RECIFE(PE);CRATO(CE);RECIFE(PE);20400135;20:00:00;IDA;TERCA-FEIRA;NORDESTE
VIACAO CRUZEIRO;CRATO(CE) - RECIFE(PE);CRATO(CE);RECIFE(PE);20300135;20:00:00;IDA;TERCA-FEIRA;NORDESTE
VIACAO CRUZEIRO;CRATO(CE) - RECIFE(PE);RECIFE(PE);CRATO(CE);20200090;18:00:00;VOLTA;QUARTA-FEIRA;NORDESTE
VIACAO CRUZEIRO;CRATO(CE) - RECIFE(PE);CRATO(CE);RECIFE(PE);20200095;18:00:00;IDA;QUARTA-FEIRA;NORDESTE
VIACAO CRUZEIRO;CRATO(CE) - RECIFE(PE);RECIFE(PE);CRATO(CE);20300160;18:00:00;VOLTA;QUARTA-FEIRA;NORDESTE
VIACAO CRUZEIRO;CRATO(CE) - RECIFE(PE);CRATO(CE);RECIFE(PE);20300165;18:00:00;IDA;QUARTA-FEIRA;NORDESTE
VIACAO CRUZEIRO;CRATO(CE) - RECIFE(PE);RECIFE(PE);CRATO(CE);20300130;20:00:00;VOLTA;QUARTA-FEIRA;NORDESTE
VIACAO CRUZEIRO;CRATO(CE) - RECIFE(PE);RECIFE(PE);CRATO(CE);20400130;20:00:00;VOLTA;QUARTA-FEIRA;NORDESTE
VIACAO CRUZEIRO;CRATO(CE) - RECIFE(PE);CRATO(CE);RECIFE(PE);20400135;20:00:00;IDA;QUARTA-FEIRA;NORDESTE
VIACAO CRUZEIRO;CRATO(CE) - RECIFE(PE);CRATO(CE);RECIFE(PE);20300135;20:00:00;IDA;QUARTA-FEIRA;NORDESTE
VIACAO CRUZEIRO;CRATO(CE) - RECIFE(PE);CRATO(CE);RECIFE(PE);20300155;18:00:00;IDA;QUINTA-FEIRA;NORDESTE
VIACAO CRUZEIRO;CRATO(CE) - RECIFE(PE);RECIFE(PE);CRATO(CE);20200150;18:00:00;VOLTA;QUINTA-FEIRA;NORDESTE
VIACAO CRUZEIRO;CRATO(CE) - RECIFE(PE);RECIFE(PE);CRATO(CE);20300150;18:00:00;VOLTA;QUINTA-FEIRA;NORDESTE
VIACAO CRUZEIRO;CRATO(CE) - RECIFE(PE);CRATO(CE);RECIFE(PE);20200155;18:00:00;IDA;QUINTA-FEIRA;NORDESTE
VIACAO CRUZEIRO;CRATO(CE) - RECIFE(PE);RECIFE(PE);CRATO(CE);20400130;20:00:00;VOLTA;QUINTA-FEIRA;NORDESTE
VIACAO CRUZEIRO;CRATO(CE) - RECIFE(PE);RECIFE(PE);CRATO(CE);20300130;20:00:00;VOLTA;QUINTA-FEIRA;NORDESTE
VIACAO CRUZEIRO;CRATO(CE) - RECIFE(PE);CRATO(CE);RECIFE(PE);20400135;20:00:00;IDA;QUINTA-FEIRA;NORDESTE
VIACAO CRUZEIRO;CRATO(CE) - RECIFE(PE);CRATO(CE);RECIFE(PE);20300135;20:00:00;IDA;QUINTA-FEIRA;NORDESTE
VIACAO PROGRESSO;IGUATU(CE) - RECIFE(PE);IGUATU(CE);RECIFE(PE);10201115;17:15:00;IDA;SEXTA-FEIRA;NORDESTE
VIACAO PROGRESSO;IGUATU(CE) - RECIFE(PE);IGUATU(CE);RECIFE(PE);10301115;17:15:00;IDA;SEXTA-FEIRA;NORDESTE
VIACAO PROGRESSO;IGUATU(CE) - RECIFE(PE);RECIFE(PE);IGUATU(CE);10301100;20:15:00;VOLTA;SEXTA-FEIRA;NORDESTE
VIACAO PROGRESSO;IGUATU(CE) - RECIFE(PE);RECIFE(PE);IGUATU(CE);10201100;20:15:00;VOLTA;SEXTA-FEIRA;NORDESTE
VIACAO PROGRESSO;IGUATU(CE) - RECIFE(PE);IGUATU(CE);RECIFE(PE);10301115;17:15:00;IDA;SABADO;NORDESTE
VIACAO PROGRESSO;IGUATU(CE) - RECIFE(PE);IGUATU(CE);RECIFE(PE);10201115;17:15:00;IDA;SABADO;NORDESTE
VIACAO PROGRESSO;IGUATU(CE) - RECIFE(PE);RECIFE(PE);IGUATU(CE);10201100;20:15:00;VOLTA;SABADO;NORDESTE
VIACAO PROGRESSO;IGUATU(CE) - RECIFE(PE);RECIFE(PE);IGUATU(CE);10301100;20:15:00;VOLTA;SABADO;NORDESTE
VIACAO PROGRESSO;IGUATU(CE) - RECIFE(PE);IGUATU(CE);RECIFE(PE);10201115;17:15:00;IDA;DOMINGO;NORDESTE
VIACAO PROGRESSO;IGUATU(CE) - RECIFE(PE);IGUATU(CE);RECIFE(PE);10301115;17:15:00;IDA;DOMINGO;NORDESTE
VIACAO PROGRESSO;IGUATU(CE) - RECIFE(PE);RECIFE(PE);IGUATU(CE);10301100;20:15:00;VOLTA;DOMINGO;NORDESTE
VIACAO PROGRESSO;IGUATU(CE) - RECIFE(PE);RECIFE(PE);IGUATU(CE);10201100;20:15:00;VOLTA;DOMINGO;NORDESTE
VIACAO PROGRESSO;IGUATU(CE) - RECIFE(PE);IGUATU(CE);RECIFE(PE);10301115;17:15:00;IDA;SEGUNDA-FEIRA;NORDESTE
VIACAO PROGRESSO;IGUATU(CE) - RECIFE(PE);IGUATU(CE);RECIFE(PE);10201115;17:15:00;IDA;SEGUNDA-FEIRA;NORDESTE
VIACAO PROGRESSO;IGUATU(CE) - RECIFE(PE);RECIFE(PE);IGUATU(CE);10201100;20:15:00;VOLTA;SEGUNDA-FEIRA;NORDESTE
VIACAO PROGRESSO;IGUATU(CE) - RECIFE(PE);RECIFE(PE);IGUATU(CE);10301100;20:15:00;VOLTA;SEGUNDA-FEIRA;NORDESTE
VIACAO PROGRESSO;IGUATU(CE) - RECIFE(PE);IGUATU(CE);RECIFE(PE);10201115;17:15:00;IDA;TERCA-FEIRA;NORDESTE
VIACAO PROGRESSO;IGUATU(CE) - RECIFE(PE);IGUATU(CE);RECIFE(PE);10301115;17:15:00;IDA;TERCA-FEIRA;NORDESTE
VIACAO PROGRESSO;IGUATU(CE) - RECIFE(PE);RECIFE(PE);IGUATU(CE);10201100;20:15:00;VOLTA;TERCA-FEIRA;NORDESTE
VIACAO PROGRESSO;IGUATU(CE) - RECIFE(PE);RECIFE(PE);IGUATU(CE);10301100;20:15:00;VOLTA;TERCA-FEIRA;NORDESTE
VIACAO PROGRESSO;IGUATU(CE) - RECIFE(PE);RECIFE(PE);IGUATU(CE);10202180;06:00:00;VOLTA;QUARTA-FEIRA;NORDESTE
VIACAO PROGRESSO;IGUATU(CE) - RECIFE(PE);IGUATU(CE);RECIFE(PE);10301115;17:15:00;IDA;QUARTA-FEIRA;NORDESTE
VIACAO PROGRESSO;IGUATU(CE) - RECIFE(PE);IGUATU(CE);RECIFE(PE);10201115;17:15:00;IDA;QUARTA-FEIRA;NORDESTE
VIACAO PROGRESSO;IGUATU(CE) - RECIFE(PE);RECIFE(PE);IGUATU(CE);10301100;20:15:00;VOLTA;QUARTA-FEIRA;NORDESTE
VIACAO PROGRESSO;IGUATU(CE) - RECIFE(PE);RECIFE(PE);IGUATU(CE);10201100;20:15:00;VOLTA;QUARTA-FEIRA;NORDESTE
VIACAO PROGRESSO;IGUATU(CE) - RECIFE(PE);IGUATU(CE);RECIFE(PE);10202225;06:00:00;IDA;QUINTA-FEIRA;NORDESTE
VIACAO PROGRESSO;IGUATU(CE) - RECIFE(PE);IGUATU(CE);RECIFE(PE);10201115;17:15:00;IDA;QUINTA-FEIRA;NORDESTE
VIACAO PROGRESSO;IGUATU(CE) - RECIFE(PE);IGUATU(CE);RECIFE(PE);10301115;17:15:00;IDA;QUINTA-FEIRA;NORDESTE
VIACAO PROGRESSO;IGUATU(CE) - RECIFE(PE);RECIFE(PE);IGUATU(CE);10301100;20:15:00;VOLTA;QUINTA-FEIRA;NORDESTE
VIACAO PROGRESSO;IGUATU(CE) - RECIFE(PE);RECIFE(PE);IGUATU(CE);10201100;20:15:00;VOLTA;QUINTA-FEIRA;NORDESTE
VIACAO PROGRESSO;IGUATU(CE) - RECIFE(PE) - Via CRATO(CE);RECIFE(PE);IGUATU(CE);10202170;06:00:00;VOLTA;SABADO;NORDESTE
VIACAO PROGRESSO;IGUATU(CE) - RECIFE(PE) - Via CRATO(CE);IGUATU(CE);RECIFE(PE);10202215;06:00:00;IDA;DOMINGO;NORDESTE
VIACAO PROGRESSO;JOÃO PESSOA(PB) - NATAL(RN);NATAL(RN);JOÃO PESSOA(PB);10201720;06:00:00;VOLTA;SEXTA-FEIRA;LITORAL
VIACAO PROGRESSO;JOÃO PESSOA(PB) - NATAL(RN);JOÃO PESSOA(PB);NATAL(RN);10201275;07:00:00;IDA;SEXTA-FEIRA;LITORAL
VIACAO PROGRESSO;JOÃO PESSOA(PB) - NATAL(RN);NATAL(RN);JOÃO PESSOA(PB);10201260;08:00:00;VOLTA;SEXTA-FEIRA;LITORAL
VIACAO PROGRESSO;JOÃO PESSOA(PB) - NATAL(RN);JOÃO PESSOA(PB);NATAL(RN);10201285;09:00:00;IDA;SEXTA-FEIRA;LITORAL
VIACAO PROGRESSO;JOÃO PESSOA(PB) - NATAL(RN);NATAL(RN);JOÃO PESSOA(PB);10201270;10:00:00;VOLTA;SEXTA-FEIRA;LITORAL
VIACAO PROGRESSO;JOÃO PESSOA(PB) - NATAL(RN);JOÃO PESSOA(PB);NATAL(RN);10201295;11:00:00;IDA;SEXTA-FEIRA;LITORAL
VIACAO PROGRESSO;JOÃO PESSOA(PB) - NATAL(RN);NATAL(RN);JOÃO PESSOA(PB);10201280;12:00:00;VOLTA;SEXTA-FEIRA;LITORAL
VIACAO PROGRESSO;JOÃO PESSOA(PB) - NATAL(RN);JOÃO PESSOA(PB);NATAL(RN);10201305;13:00:00;IDA;SEXTA-FEIRA;LITORAL
VIACAO PROGRESSO;JOÃO PESSOA(PB) - NATAL(RN);NATAL(RN);JOÃO PESSOA(PB);10201290;14:00:00;VOLTA;SEXTA-FEIRA;LITORAL
VIACAO PROGRESSO;JOÃO PESSOA(PB) - NATAL(RN);JOÃO PESSOA(PB);NATAL(RN);10201315;15:00:00;IDA;SEXTA-FEIRA;LITORAL
VIACAO PROGRESSO;JOÃO PESSOA(PB) - NATAL(RN);NATAL(RN);JOÃO PESSOA(PB);10201720;06:00:00;VOLTA;SABADO;LITORAL
VIACAO PROGRESSO;JOÃO PESSOA(PB) - NATAL(RN);JOÃO PESSOA(PB);NATAL(RN);10201275;07:00:00;IDA;SABADO;LITORAL
VIACAO PROGRESSO;JOÃO PESSOA(PB) - NATAL(RN);NATAL(RN);JOÃO PESSOA(PB);10201260;08:00:00;VOLTA;SABADO;LITORAL
VIACAO PROGRESSO;JOÃO PESSOA(PB) - NATAL(RN);JOÃO PESSOA(PB);NATAL(RN);10201285;09:00:00;IDA;SABADO;LITORAL
VIACAO PROGRESSO;JOÃO PESSOA(PB) - NATAL(RN);NATAL(RN);JOÃO PESSOA(PB);10201270;10:00:00;VOLTA;SABADO;LITORAL
VIACAO PROGRESSO;JOÃO PESSOA(PB) - NATAL(RN);JOÃO PESSOA(PB);NATAL(RN);10201295;11:00:00;IDA;SABADO;LITORAL
VIACAO PROGRESSO;JOÃO PESSOA(PB) - NATAL(RN);NATAL(RN);JOÃO PESSOA(PB);10201280;12:00:00;VOLTA;SABADO;LITORAL
VIACAO PROGRESSO;JOÃO PESSOA(PB) - NATAL(RN);JOÃO PESSOA(PB);NATAL(RN);10201305;13:00:00;IDA;SABADO;LITORAL
VIACAO PROGRESSO;JOÃO PESSOA(PB) - NATAL(RN);NATAL(RN);JOÃO PESSOA(PB);10201290;14:00:00;VOLTA;SABADO;LITORAL
VIACAO PROGRESSO;JOÃO PESSOA(PB) - NATAL(RN);JOÃO PESSOA(PB);NATAL(RN);10201315;15:00:00;IDA;SABADO;LITORAL
VIACAO PROGRESSO;JOÃO PESSOA(PB) - NATAL(RN);NATAL(RN);JOÃO PESSOA(PB);10201720;06:00:00;VOLTA;DOMINGO;LITORAL
VIACAO PROGRESSO;JOÃO PESSOA(PB) - NATAL(RN);JOÃO PESSOA(PB);NATAL(RN);10201275;07:00:00;IDA;DOMINGO;LITORAL
VIACAO PROGRESSO;JOÃO PESSOA(PB) - NATAL(RN);NATAL(RN);JOÃO PESSOA(PB);10201260;08:00:00;VOLTA;DOMINGO;LITORAL
VIACAO PROGRESSO;JOÃO PESSOA(PB) - NATAL(RN);JOÃO PESSOA(PB);NATAL(RN);10201285;09:00:00;IDA;DOMINGO;LITORAL
VIACAO PROGRESSO;JOÃO PESSOA(PB) - NATAL(RN);NATAL(RN);JOÃO PESSOA(PB);10201270;10:00:00;VOLTA;DOMINGO;LITORAL
VIACAO PROGRESSO;JOÃO PESSOA(PB) - NATAL(RN);JOÃO PESSOA(PB);NATAL(RN);10201295;11:00:00;IDA;DOMINGO;LITORAL
VIACAO PROGRESSO;JOÃO PESSOA(PB) - NATAL(RN);NATAL(RN);JOÃO PESSOA(PB);10201280;12:00:00;VOLTA;DOMINGO;LITORAL
VIACAO PROGRESSO;JOÃO PESSOA(PB) - NATAL(RN);JOÃO PESSOA(PB);NATAL(RN);10201305;13:00:00;IDA;DOMINGO;LITORAL
VIACAO PROGRESSO;JOÃO PESSOA(PB) - NATAL(RN);NATAL(RN);JOÃO PESSOA(PB);10201290;14:00:00;VOLTA;DOMINGO;LITORAL
VIACAO PROGRESSO;JOÃO PESSOA(PB) - NATAL(RN);JOÃO PESSOA(PB);NATAL(RN);10201315;15:00:00;IDA;DOMINGO;LITORAL
VIACAO PROGRESSO;JOÃO PESSOA(PB) - NATAL(RN);NATAL(RN);JOÃO PESSOA(PB);10201720;06:00:00;VOLTA;SEGUNDA-FEIRA;LITORAL
VIACAO PROGRESSO;JOÃO PESSOA(PB) - NATAL(RN);JOÃO PESSOA(PB);NATAL(RN);10201275;07:00:00;IDA;SEGUNDA-FEIRA;LITORAL
VIACAO PROGRESSO;JOÃO PESSOA(PB) - NATAL(RN);NATAL(RN);JOÃO PESSOA(PB);10201260;08:00:00;VOLTA;SEGUNDA-FEIRA;LITORAL
VIACAO PROGRESSO;JOÃO PESSOA(PB) - NATAL(RN);JOÃO PESSOA(PB);NATAL(RN);10201285;09:00:00;IDA;SEGUNDA-FEIRA;LITORAL
VIACAO PROGRESSO;JOÃO PESSOA(PB) - NATAL(RN);NATAL(RN);JOÃO PESSOA(PB);10201270;10:00:00;VOLTA;SEGUNDA-FEIRA;LITORAL
VIACAO PROGRESSO;JOÃO PESSOA(PB) - NATAL(RN);JOÃO PESSOA(PB);NATAL(RN);10201295;11:00:00;IDA;SEGUNDA-FEIRA;LITORAL
VIACAO PROGRESSO;JOÃO PESSOA(PB) - NATAL(RN);NATAL(RN);JOÃO PESSOA(PB);10201280;12:00:00;VOLTA;SEGUNDA-FEIRA;LITORAL
VIACAO PROGRESSO;JOÃO PESSOA(PB) - NATAL(RN);JOÃO PESSOA(PB);NATAL(RN);10201305;13:00:00;IDA;SEGUNDA-FEIRA;LITORAL
VIACAO PROGRESSO;JOÃO PESSOA(PB) - NATAL(RN);NATAL(RN);JOÃO PESSOA(PB);10201290;14:00:00;VOLTA;SEGUNDA-FEIRA;LITORAL
VIACAO PROGRESSO;JOÃO PESSOA(PB) - NATAL(RN);JOÃO PESSOA(PB);NATAL(RN);10201315;15:00:00;IDA;SEGUNDA-FEIRA;LITORAL
VIACAO PROGRESSO;JOÃO PESSOA(PB) - NATAL(RN);NATAL(RN);JOÃO PESSOA(PB);10201720;06:00:00;VOLTA;TERCA-FEIRA;LITORAL
VIACAO PROGRESSO;JOÃO PESSOA(PB) - NATAL(RN);JOÃO PESSOA(PB);NATAL(RN);10201275;07:00:00;IDA;TERCA-FEIRA;LITORAL
VIACAO PROGRESSO;JOÃO PESSOA(PB) - NATAL(RN);NATAL(RN);JOÃO PESSOA(PB);10201260;08:00:00;VOLTA;TERCA-FEIRA;LITORAL
VIACAO PROGRESSO;JOÃO PESSOA(PB) - NATAL(RN);JOÃO PESSOA(PB);NATAL(RN);10201285;09:00:00;IDA;TERCA-FEIRA;LITORAL
VIACAO PROGRESSO;JOÃO PESSOA(PB) - NATAL(RN);NATAL(RN);JOÃO PESSOA(PB);10201270;10:00:00;VOLTA;TERCA-FEIRA;LITORAL
VIACAO PROGRESSO;JOÃO PESSOA(PB) - NATAL(RN);JOÃO PESSOA(PB);NATAL(RN);10201295;11:00:00;IDA;TERCA-FEIRA;LITORAL
VIACAO PROGRESSO;JOÃO PESSOA(PB) - NATAL(RN);NATAL(RN);JOÃO PESSOA(PB);10201280;12:00:00;VOLTA;TERCA-FEIRA;LITORAL
VIACAO PROGRESSO;JOÃO PESSOA(PB) - NATAL(RN);JOÃO PESSOA(PB);NATAL(RN);10201305;13:00:00;IDA;TERCA-FEIRA;LITORAL
VIACAO PROGRESSO;JOÃO PESSOA(PB) - NATAL(RN);NATAL(RN);JOÃO PESSOA(PB);10201290;14:00:00;VOLTA;TERCA-FEIRA;LITORAL
VIACAO PROGRESSO;JOÃO PESSOA(PB) - NATAL(RN);JOÃO PESSOA(PB);NATAL(RN);10201315;15:00:00;IDA;TERCA-FEIRA;LITORAL
VIACAO PROGRESSO;JOÃO PESSOA(PB) - NATAL(RN);NATAL(RN);JOÃO PESSOA(PB);10201720;06:00:00;VOLTA;QUARTA-FEIRA;LITORAL
VIACAO PROGRESSO;JOÃO PESSOA(PB) - NATAL(RN);JOÃO PESSOA(PB);NATAL(RN);10201275;07:00:00;IDA;QUARTA-FEIRA;LITORAL
VIACAO PROGRESSO;JOÃO PESSOA(PB) - NATAL(RN);NATAL(RN);JOÃO PESSOA(PB);10201260;08:00:00;VOLTA;QUARTA-FEIRA;LITORAL
VIACAO PROGRESSO;JOÃO PESSOA(PB) - NATAL(RN);JOÃO PESSOA(PB);NATAL(RN);10201285;09:00:00;IDA;QUARTA-FEIRA;LITORAL
VIACAO PROGRESSO;JOÃO PESSOA(PB) - NATAL(RN);NATAL(RN);JOÃO PESSOA(PB);10201270;10:00:00;VOLTA;QUARTA-FEIRA;LITORAL
VIACAO PROGRESSO;JOÃO PESSOA(PB) - NATAL(RN);JOÃO PESSOA(PB);NATAL(RN);10201295;11:00:00;IDA;QUARTA-FEIRA;LITORAL
VIACAO PROGRESSO;JOÃO PESSOA(PB) - NATAL(RN);NATAL(RN);JOÃO PESSOA(PB);10201280;12:00:00;VOLTA;QUARTA-FEIRA;LITORAL
VIACAO PROGRESSO;JOÃO PESSOA(PB) - NATAL(RN);JOÃO PESSOA(PB);NATAL(RN);10201305;13:00:00;IDA;QUARTA-FEIRA;LITORAL
VIACAO PROGRESSO;JOÃO PESSOA(PB) - NATAL(RN);NATAL(RN);JOÃO PESSOA(PB);10201290;14:00:00;VOLTA;QUARTA-FEIRA;LITORAL
VIACAO PROGRESSO;JOÃO PESSOA(PB) - NATAL(RN);JOÃO PESSOA(PB);NATAL(RN);10201315;15:00:00;IDA;QUARTA-FEIRA;LITORAL
VIACAO PROGRESSO;JOÃO PESSOA(PB) - NATAL(RN);NATAL(RN);JOÃO PESSOA(PB);10201720;06:00:00;VOLTA;QUINTA-FEIRA;LITORAL
VIACAO PROGRESSO;JOÃO PESSOA(PB) - NATAL(RN);JOÃO PESSOA(PB);NATAL(RN);10201275;07:00:00;IDA;QUINTA-FEIRA;LITORAL
VIACAO PROGRESSO;JOÃO PESSOA(PB) - NATAL(RN);NATAL(RN);JOÃO PESSOA(PB);10201260;08:00:00;VOLTA;QUINTA-FEIRA;LITORAL
VIACAO PROGRESSO;JOÃO PESSOA(PB) - NATAL(RN);JOÃO PESSOA(PB);NATAL(RN);10201285;09:00:00;IDA;QUINTA-FEIRA;LITORAL
VIACAO PROGRESSO;JOÃO PESSOA(PB) - NATAL(RN);NATAL(RN);JOÃO PESSOA(PB);10201270;10:00:00;VOLTA;QUINTA-FEIRA;LITORAL
VIACAO PROGRESSO;JOÃO PESSOA(PB) - NATAL(RN);JOÃO PESSOA(PB);NATAL(RN);10201295;11:00:00;IDA;QUINTA-FEIRA;LITORAL
VIACAO PROGRESSO;JOÃO PESSOA(PB) - NATAL(RN);NATAL(RN);JOÃO PESSOA(PB);10201280;12:00:00;VOLTA;QUINTA-FEIRA;LITORAL
VIACAO PROGRESSO;JOÃO PESSOA(PB) - NATAL(RN);JOÃO PESSOA(PB);NATAL(RN);10201305;13:00:00;IDA;QUINTA-FEIRA;LITORAL
VIACAO PROGRESSO;JOÃO PESSOA(PB) - NATAL(RN);NATAL(RN);JOÃO PESSOA(PB);10201290;14:00:00;VOLTA;QUINTA-FEIRA;LITORAL
VIACAO PROGRESSO;JOÃO PESSOA(PB) - NATAL(RN);JOÃO PESSOA(PB);NATAL(RN);10201315;15:00:00;IDA;QUINTA-FEIRA;LITORAL
VIACAO PROGRESSO;JOÃO PESSOA(PB) - RECIFE(PE);RECIFE(PE);JOÃO PESSOA(PB);10201180;06:00:00;VOLTA;SEXTA-FEIRA;LITORAL
VIACAO PROGRESSO;JOÃO PESSOA(PB) - RECIFE(PE);JOÃO PESSOA(PB);RECIFE(PE);10201195;06:00:00;IDA;SEXTA-FEIRA;LITORAL
VIACAO PROGRESSO;JOÃO PESSOA(PB) - RECIFE(PE);RECIFE(PE);JOÃO PESSOA(PB);10201190;08:00:00;VOLTA;SEXTA-FEIRA;LITORAL
VIACAO PROGRESSO;JOÃO PESSOA(PB) - RECIFE(PE);JOÃO PESSOA(PB);RECIFE(PE);10201205;08:00:00;IDA;SEXTA-FEIRA;LITORAL
VIACAO PROGRESSO;JOÃO PESSOA(PB) - RECIFE(PE);RECIFE(PE);JOÃO PESSOA(PB);10201200;10:00:00;VOLTA;SEXTA-FEIRA;LITORAL
VIACAO PROGRESSO;JOÃO PESSOA(PB) - RECIFE(PE);JOÃO PESSOA(PB);RECIFE(PE);10201215;10:00:00;IDA;SEXTA-FEIRA;LITORAL
VIACAO PROGRESSO;JOÃO PESSOA(PB) - RECIFE(PE);RECIFE(PE);JOÃO PESSOA(PB);10201210;12:00:00;VOLTA;SEXTA-FEIRA;LITORAL
VIACAO PROGRESSO;JOÃO PESSOA(PB) - RECIFE(PE);JOÃO PESSOA(PB);RECIFE(PE);10201225;12:00:00;IDA;SEXTA-FEIRA;LITORAL
VIACAO PROGRESSO;JOÃO PESSOA(PB) - RECIFE(PE);JOÃO PESSOA(PB);RECIFE(PE);10201235;14:00:00;IDA;SEXTA-FEIRA;LITORAL
VIACAO PROGRESSO;JOÃO PESSOA(PB) - RECIFE(PE);RECIFE(PE);JOÃO PESSOA(PB);10201220;14:00:00;VOLTA;SEXTA-FEIRA;LITORAL
VIACAO PROGRESSO;JOÃO PESSOA(PB) - RECIFE(PE);JOÃO PESSOA(PB);RECIFE(PE);10201245;16:00:00;IDA;SEXTA-FEIRA;LITORAL
VIACAO PROGRESSO;JOÃO PESSOA(PB) - RECIFE(PE);RECIFE(PE);JOÃO PESSOA(PB);10201230;16:00:00;VOLTA;SEXTA-FEIRA;LITORAL
VIACAO PROGRESSO;JOÃO PESSOA(PB) - RECIFE(PE);RECIFE(PE);JOÃO PESSOA(PB);10201240;18:00:00;VOLTA;SEXTA-FEIRA;LITORAL
VIACAO PROGRESSO;JOÃO PESSOA(PB) - RECIFE(PE);JOÃO PESSOA(PB);RECIFE(PE);10201255;18:00:00;IDA;SEXTA-FEIRA;LITORAL
VIACAO PROGRESSO;JOÃO PESSOA(PB) - RECIFE(PE);RECIFE(PE);JOÃO PESSOA(PB);10201180;06:00:00;VOLTA;SABADO;LITORAL
VIACAO PROGRESSO;JOÃO PESSOA(PB) - RECIFE(PE);JOÃO PESSOA(PB);RECIFE(PE);10201195;06:00:00;IDA;SABADO;LITORAL
VIACAO PROGRESSO;JOÃO PESSOA(PB) - RECIFE(PE);RECIFE(PE);JOÃO PESSOA(PB);10201190;08:00:00;VOLTA;SABADO;LITORAL
VIACAO PROGRESSO;JOÃO PESSOA(PB) - RECIFE(PE);JOÃO PESSOA(PB);RECIFE(PE);10201205;08:00:00;IDA;SABADO;LITORAL
VIACAO PROGRESSO;JOÃO PESSOA(PB) - RECIFE(PE);JOÃO PESSOA(PB);RECIFE(PE);10201215;10:00:00;IDA;SABADO;LITORAL
VIACAO PROGRESSO;JOÃO PESSOA(PB) - RECIFE(PE);RECIFE(PE);JOÃO PESSOA(PB);10201200;10:00:00;VOLTA;SABADO;LITORAL
VIACAO PROGRESSO;JOÃO PESSOA(PB) - RECIFE(PE);JOÃO PESSOA(PB);RECIFE(PE);10201225;12:00:00;IDA;SABADO;LITORAL
VIACAO PROGRESSO;JOÃO PESSOA(PB) - RECIFE(PE);RECIFE(PE);JOÃO PESSOA(PB);10201210;12:00:00;VOLTA;SABADO;LITORAL
VIACAO PROGRESSO;JOÃO PESSOA(PB) - RECIFE(PE);RECIFE(PE);JOÃO PESSOA(PB);10201220;14:00:00;VOLTA;SABADO;LITORAL
VIACAO PROGRESSO;JOÃO PESSOA(PB) - RECIFE(PE);JOÃO PESSOA(PB);RECIFE(PE);10201235;14:00:00;IDA;SABADO;LITORAL
VIACAO PROGRESSO;JOÃO PESSOA(PB) - RECIFE(PE);RECIFE(PE);JOÃO PESSOA(PB);10201230;16:00:00;VOLTA;SABADO;LITORAL
VIACAO PROGRESSO;JOÃO PESSOA(PB) - RECIFE(PE);JOÃO PESSOA(PB);RECIFE(PE);10201245;16:00:00;IDA;SABADO;LITORAL
VIACAO PROGRESSO;JOÃO PESSOA(PB) - RECIFE(PE);JOÃO PESSOA(PB);RECIFE(PE);10201255;18:00:00;IDA;SABADO;LITORAL
VIACAO PROGRESSO;JOÃO PESSOA(PB) - RECIFE(PE);RECIFE(PE);JOÃO PESSOA(PB);10201240;18:00:00;VOLTA;SABADO;LITORAL
VIACAO PROGRESSO;JOÃO PESSOA(PB) - RECIFE(PE);JOÃO PESSOA(PB);RECIFE(PE);10201195;06:00:00;IDA;DOMINGO;LITORAL
VIACAO PROGRESSO;JOÃO PESSOA(PB) - RECIFE(PE);RECIFE(PE);JOÃO PESSOA(PB);10201180;06:00:00;VOLTA;DOMINGO;LITORAL
VIACAO PROGRESSO;JOÃO PESSOA(PB) - RECIFE(PE);RECIFE(PE);JOÃO PESSOA(PB);10201190;08:00:00;VOLTA;DOMINGO;LITORAL
VIACAO PROGRESSO;JOÃO PESSOA(PB) - RECIFE(PE);JOÃO PESSOA(PB);RECIFE(PE);10201205;08:00:00;IDA;DOMINGO;LITORAL
VIACAO PROGRESSO;JOÃO PESSOA(PB) - RECIFE(PE);JOÃO PESSOA(PB);RECIFE(PE);10201215;10:00:00;IDA;DOMINGO;LITORAL
VIACAO PROGRESSO;JOÃO PESSOA(PB) - RECIFE(PE);RECIFE(PE);JOÃO PESSOA(PB);10201200;10:00:00;VOLTA;DOMINGO;LITORAL
VIACAO PROGRESSO;JOÃO PESSOA(PB) - RECIFE(PE);JOÃO PESSOA(PB);RECIFE(PE);10201225;12:00:00;IDA;DOMINGO;LITORAL
VIACAO PROGRESSO;JOÃO PESSOA(PB) - RECIFE(PE);RECIFE(PE);JOÃO PESSOA(PB);10201210;12:00:00;VOLTA;DOMINGO;LITORAL
VIACAO PROGRESSO;JOÃO PESSOA(PB) - RECIFE(PE);JOÃO PESSOA(PB);RECIFE(PE);10201235;14:00:00;IDA;DOMINGO;LITORAL
VIACAO PROGRESSO;JOÃO PESSOA(PB) - RECIFE(PE);RECIFE(PE);JOÃO PESSOA(PB);10201220;14:00:00;VOLTA;DOMINGO;LITORAL
VIACAO PROGRESSO;JOÃO PESSOA(PB) - RECIFE(PE);JOÃO PESSOA(PB);RECIFE(PE);10201245;16:00:00;IDA;DOMINGO;LITORAL
VIACAO PROGRESSO;JOÃO PESSOA(PB) - RECIFE(PE);RECIFE(PE);JOÃO PESSOA(PB);10201230;16:00:00;VOLTA;DOMINGO;LITORAL
VIACAO PROGRESSO;JOÃO PESSOA(PB) - RECIFE(PE);RECIFE(PE);JOÃO PESSOA(PB);10201240;18:00:00;VOLTA;DOMINGO;LITORAL
VIACAO PROGRESSO;JOÃO PESSOA(PB) - RECIFE(PE);JOÃO PESSOA(PB);RECIFE(PE);10201255;18:00:00;IDA;DOMINGO;LITORAL
VIACAO PROGRESSO;JOÃO PESSOA(PB) - RECIFE(PE);JOÃO PESSOA(PB);RECIFE(PE);10201195;06:00:00;IDA;SEGUNDA-FEIRA;LITORAL
VIACAO PROGRESSO;JOÃO PESSOA(PB) - RECIFE(PE);RECIFE(PE);JOÃO PESSOA(PB);10201180;06:00:00;VOLTA;SEGUNDA-FEIRA;LITORAL
VIACAO PROGRESSO;JOÃO PESSOA(PB) - RECIFE(PE);JOÃO PESSOA(PB);RECIFE(PE);10201205;08:00:00;IDA;SEGUNDA-FEIRA;LITORAL
VIACAO PROGRESSO;JOÃO PESSOA(PB) - RECIFE(PE);RECIFE(PE);JOÃO PESSOA(PB);10201190;08:00:00;VOLTA;SEGUNDA-FEIRA;LITORAL
VIACAO PROGRESSO;JOÃO PESSOA(PB) - RECIFE(PE);RECIFE(PE);JOÃO PESSOA(PB);10201200;10:00:00;VOLTA;SEGUNDA-FEIRA;LITORAL
VIACAO PROGRESSO;JOÃO PESSOA(PB) - RECIFE(PE);JOÃO PESSOA(PB);RECIFE(PE);10201215;10:00:00;IDA;SEGUNDA-FEIRA;LITORAL
VIACAO PROGRESSO;JOÃO PESSOA(PB) - RECIFE(PE);JOÃO PESSOA(PB);RECIFE(PE);10201225;12:00:00;IDA;SEGUNDA-FEIRA;LITORAL
VIACAO PROGRESSO;JOÃO PESSOA(PB) - RECIFE(PE);RECIFE(PE);JOÃO PESSOA(PB);10201210;12:00:00;VOLTA;SEGUNDA-FEIRA;LITORAL
VIACAO PROGRESSO;JOÃO PESSOA(PB) - RECIFE(PE);JOÃO PESSOA(PB);RECIFE(PE);10201235;14:00:00;IDA;SEGUNDA-FEIRA;LITORAL
VIACAO PROGRESSO;JOÃO PESSOA(PB) - RECIFE(PE);RECIFE(PE);JOÃO PESSOA(PB);10201220;14:00:00;VOLTA;SEGUNDA-FEIRA;LITORAL
VIACAO PROGRESSO;JOÃO PESSOA(PB) - RECIFE(PE);JOÃO PESSOA(PB);RECIFE(PE);10201245;16:00:00;IDA;SEGUNDA-FEIRA;LITORAL
VIACAO PROGRESSO;JOÃO PESSOA(PB) - RECIFE(PE);RECIFE(PE);JOÃO PESSOA(PB);10201230;16:00:00;VOLTA;SEGUNDA-FEIRA;LITORAL
VIACAO PROGRESSO;JOÃO PESSOA(PB) - RECIFE(PE);JOÃO PESSOA(PB);RECIFE(PE);10201255;18:00:00;IDA;SEGUNDA-FEIRA;LITORAL
VIACAO PROGRESSO;JOÃO PESSOA(PB) - RECIFE(PE);RECIFE(PE);JOÃO PESSOA(PB);10201240;18:00:00;VOLTA;SEGUNDA-FEIRA;LITORAL
VIACAO PROGRESSO;JOÃO PESSOA(PB) - RECIFE(PE);JOÃO PESSOA(PB);RECIFE(PE);10201195;06:00:00;IDA;TERCA-FEIRA;LITORAL
VIACAO PROGRESSO;JOÃO PESSOA(PB) - RECIFE(PE);RECIFE(PE);JOÃO PESSOA(PB);10201180;06:00:00;VOLTA;TERCA-FEIRA;LITORAL
VIACAO PROGRESSO;JOÃO PESSOA(PB) - RECIFE(PE);RECIFE(PE);JOÃO PESSOA(PB);10201190;08:00:00;VOLTA;TERCA-FEIRA;LITORAL
VIACAO PROGRESSO;JOÃO PESSOA(PB) - RECIFE(PE);JOÃO PESSOA(PB);RECIFE(PE);10201205;08:00:00;IDA;TERCA-FEIRA;LITORAL
VIACAO PROGRESSO;JOÃO PESSOA(PB) - RECIFE(PE);JOÃO PESSOA(PB);RECIFE(PE);10201215;10:00:00;IDA;TERCA-FEIRA;LITORAL
VIACAO PROGRESSO;JOÃO PESSOA(PB) - RECIFE(PE);RECIFE(PE);JOÃO PESSOA(PB);10201200;10:00:00;VOLTA;TERCA-FEIRA;LITORAL
VIACAO PROGRESSO;JOÃO PESSOA(PB) - RECIFE(PE);JOÃO PESSOA(PB);RECIFE(PE);10201225;12:00:00;IDA;TERCA-FEIRA;LITORAL
VIACAO PROGRESSO;JOÃO PESSOA(PB) - RECIFE(PE);RECIFE(PE);JOÃO PESSOA(PB);10201210;12:00:00;VOLTA;TERCA-FEIRA;LITORAL
VIACAO PROGRESSO;JOÃO PESSOA(PB) - RECIFE(PE);JOÃO PESSOA(PB);RECIFE(PE);10201235;14:00:00;IDA;TERCA-FEIRA;LITORAL
VIACAO PROGRESSO;JOÃO PESSOA(PB) - RECIFE(PE);RECIFE(PE);JOÃO PESSOA(PB);10201220;14:00:00;VOLTA;TERCA-FEIRA;LITORAL
VIACAO PROGRESSO;JOÃO PESSOA(PB) - RECIFE(PE);RECIFE(PE);JOÃO PESSOA(PB);10201230;16:00:00;VOLTA;TERCA-FEIRA;LITORAL
VIACAO PROGRESSO;JOÃO PESSOA(PB) - RECIFE(PE);JOÃO PESSOA(PB);RECIFE(PE);10201245;16:00:00;IDA;TERCA-FEIRA;LITORAL
VIACAO PROGRESSO;JOÃO PESSOA(PB) - RECIFE(PE);JOÃO PESSOA(PB);RECIFE(PE);10201255;18:00:00;IDA;TERCA-FEIRA;LITORAL
VIACAO PROGRESSO;JOÃO PESSOA(PB) - RECIFE(PE);RECIFE(PE);JOÃO PESSOA(PB);10201240;18:00:00;VOLTA;TERCA-FEIRA;LITORAL
VIACAO PROGRESSO;JOÃO PESSOA(PB) - RECIFE(PE);RECIFE(PE);JOÃO PESSOA(PB);10201180;06:00:00;VOLTA;QUARTA-FEIRA;LITORAL
VIACAO PROGRESSO;JOÃO PESSOA(PB) - RECIFE(PE);JOÃO PESSOA(PB);RECIFE(PE);10201195;06:00:00;IDA;QUARTA-FEIRA;LITORAL
VIACAO PROGRESSO;JOÃO PESSOA(PB) - RECIFE(PE);JOÃO PESSOA(PB);RECIFE(PE);10201205;08:00:00;IDA;QUARTA-FEIRA;LITORAL
VIACAO PROGRESSO;JOÃO PESSOA(PB) - RECIFE(PE);RECIFE(PE);JOÃO PESSOA(PB);10201190;08:00:00;VOLTA;QUARTA-FEIRA;LITORAL
VIACAO PROGRESSO;JOÃO PESSOA(PB) - RECIFE(PE);JOÃO PESSOA(PB);RECIFE(PE);10201215;10:00:00;IDA;QUARTA-FEIRA;LITORAL
VIACAO PROGRESSO;JOÃO PESSOA(PB) - RECIFE(PE);RECIFE(PE);JOÃO PESSOA(PB);10201200;10:00:00;VOLTA;QUARTA-FEIRA;LITORAL
VIACAO PROGRESSO;JOÃO PESSOA(PB) - RECIFE(PE);RECIFE(PE);JOÃO PESSOA(PB);10201210;12:00:00;VOLTA;QUARTA-FEIRA;LITORAL
VIACAO PROGRESSO;JOÃO PESSOA(PB) - RECIFE(PE);JOÃO PESSOA(PB);RECIFE(PE);10201225;12:00:00;IDA;QUARTA-FEIRA;LITORAL
VIACAO PROGRESSO;JOÃO PESSOA(PB) - RECIFE(PE);JOÃO PESSOA(PB);RECIFE(PE);10201235;14:00:00;IDA;QUARTA-FEIRA;LITORAL
VIACAO PROGRESSO;JOÃO PESSOA(PB) - RECIFE(PE);RECIFE(PE);JOÃO PESSOA(PB);10201220;14:00:00;VOLTA;QUARTA-FEIRA;LITORAL
VIACAO PROGRESSO;JOÃO PESSOA(PB) - RECIFE(PE);JOÃO PESSOA(PB);RECIFE(PE);10201245;16:00:00;IDA;QUARTA-FEIRA;LITORAL
VIACAO PROGRESSO;JOÃO PESSOA(PB) - RECIFE(PE);RECIFE(PE);JOÃO PESSOA(PB);10201230;16:00:00;VOLTA;QUARTA-FEIRA;LITORAL
VIACAO PROGRESSO;JOÃO PESSOA(PB) - RECIFE(PE);JOÃO PESSOA(PB);RECIFE(PE);10201255;18:00:00;IDA;QUARTA-FEIRA;LITORAL
VIACAO PROGRESSO;JOÃO PESSOA(PB) - RECIFE(PE);RECIFE(PE);JOÃO PESSOA(PB);10201240;18:00:00;VOLTA;QUARTA-FEIRA;LITORAL
VIACAO PROGRESSO;JOÃO PESSOA(PB) - RECIFE(PE);JOÃO PESSOA(PB);RECIFE(PE);10201195;06:00:00;IDA;QUINTA-FEIRA;LITORAL
VIACAO PROGRESSO;JOÃO PESSOA(PB) - RECIFE(PE);RECIFE(PE);JOÃO PESSOA(PB);10201180;06:00:00;VOLTA;QUINTA-FEIRA;LITORAL
VIACAO PROGRESSO;JOÃO PESSOA(PB) - RECIFE(PE);JOÃO PESSOA(PB);RECIFE(PE);10201205;08:00:00;IDA;QUINTA-FEIRA;LITORAL
VIACAO PROGRESSO;JOÃO PESSOA(PB) - RECIFE(PE);RECIFE(PE);JOÃO PESSOA(PB);10201190;08:00:00;VOLTA;QUINTA-FEIRA;LITORAL
VIACAO PROGRESSO;JOÃO PESSOA(PB) - RECIFE(PE);RECIFE(PE);JOÃO PESSOA(PB);10201200;10:00:00;VOLTA;QUINTA-FEIRA;LITORAL
VIACAO PROGRESSO;JOÃO PESSOA(PB) - RECIFE(PE);JOÃO PESSOA(PB);RECIFE(PE);10201215;10:00:00;IDA;QUINTA-FEIRA;LITORAL
VIACAO PROGRESSO;JOÃO PESSOA(PB) - RECIFE(PE);RECIFE(PE);JOÃO PESSOA(PB);10201210;12:00:00;VOLTA;QUINTA-FEIRA;LITORAL
VIACAO PROGRESSO;JOÃO PESSOA(PB) - RECIFE(PE);JOÃO PESSOA(PB);RECIFE(PE);10201225;12:00:00;IDA;QUINTA-FEIRA;LITORAL
VIACAO PROGRESSO;JOÃO PESSOA(PB) - RECIFE(PE);JOÃO PESSOA(PB);RECIFE(PE);10201235;14:00:00;IDA;QUINTA-FEIRA;LITORAL
VIACAO PROGRESSO;JOÃO PESSOA(PB) - RECIFE(PE);RECIFE(PE);JOÃO PESSOA(PB);10201220;14:00:00;VOLTA;QUINTA-FEIRA;LITORAL
VIACAO PROGRESSO;JOÃO PESSOA(PB) - RECIFE(PE);JOÃO PESSOA(PB);RECIFE(PE);10201245;16:00:00;IDA;QUINTA-FEIRA;LITORAL
VIACAO PROGRESSO;JOÃO PESSOA(PB) - RECIFE(PE);RECIFE(PE);JOÃO PESSOA(PB);10201230;16:00:00;VOLTA;QUINTA-FEIRA;LITORAL
VIACAO PROGRESSO;JOÃO PESSOA(PB) - RECIFE(PE);RECIFE(PE);JOÃO PESSOA(PB);10201240;18:00:00;VOLTA;QUINTA-FEIRA;LITORAL
VIACAO PROGRESSO;JOÃO PESSOA(PB) - RECIFE(PE);JOÃO PESSOA(PB);RECIFE(PE);10201255;18:00:00;IDA;QUINTA-FEIRA;LITORAL
VIACAO PROGRESSO;JUAZEIRO(BA) - RECIFE(PE);JUAZEIRO(BA);RECIFE(PE);10301355;18:00:00;IDA;SABADO;NORDESTE
VIACAO PROGRESSO;JUAZEIRO(BA) - RECIFE(PE);JUAZEIRO(BA);RECIFE(PE);10201355;18:00:00;IDA;SABADO;NORDESTE
VIACAO PROGRESSO;JUAZEIRO(BA) - RECIFE(PE);RECIFE(PE);JUAZEIRO(BA);10201340;20:30:00;VOLTA;SABADO;NORDESTE
VIACAO PROGRESSO;JUAZEIRO(BA) - RECIFE(PE);RECIFE(PE);JUAZEIRO(BA);10301340;20:30:00;VOLTA;SABADO;NORDESTE
VIACAO PROGRESSO;MACEIÓ(AL) - CAMPINA GRANDE(PB);MACEIÓ(AL);CAMPINA GRANDE(PB);10201555;06:30:00;IDA;SEXTA-FEIRA;LITORAL
VIACAO PROGRESSO;MACEIÓ(AL) - CAMPINA GRANDE(PB);CAMPINA GRANDE(PB);MACEIÓ(AL);10201550;06:30:00;VOLTA;SEXTA-FEIRA;LITORAL
VIACAO PROGRESSO;MACEIÓ(AL) - CAMPINA GRANDE(PB);MACEIÓ(AL);CAMPINA GRANDE(PB);10201565;23:30:00;IDA;SEXTA-FEIRA;LITORAL
VIACAO PROGRESSO;MACEIÓ(AL) - CAMPINA GRANDE(PB);CAMPINA GRANDE(PB);MACEIÓ(AL);10201560;23:30:00;VOLTA;SEXTA-FEIRA;LITORAL
VIACAO PROGRESSO;MACEIÓ(AL) - CAMPINA GRANDE(PB);CAMPINA GRANDE(PB);MACEIÓ(AL);10201550;06:30:00;VOLTA;SABADO;LITORAL
VIACAO PROGRESSO;MACEIÓ(AL) - CAMPINA GRANDE(PB);MACEIÓ(AL);CAMPINA GRANDE(PB);10201555;06:30:00;IDA;SABADO;LITORAL
VIACAO PROGRESSO;MACEIÓ(AL) - CAMPINA GRANDE(PB);CAMPINA GRANDE(PB);MACEIÓ(AL);10201550;06:30:00;VOLTA;DOMINGO;LITORAL
VIACAO PROGRESSO;MACEIÓ(AL) - CAMPINA GRANDE(PB);MACEIÓ(AL);CAMPINA GRANDE(PB);10201555;06:30:00;IDA;DOMINGO;LITORAL
VIACAO PROGRESSO;MACEIÓ(AL) - CAMPINA GRANDE(PB);CAMPINA GRANDE(PB);MACEIÓ(AL);10201560;23:30:00;VOLTA;DOMINGO;LITORAL
VIACAO PROGRESSO;MACEIÓ(AL) - CAMPINA GRANDE(PB);MACEIÓ(AL);CAMPINA GRANDE(PB);10201565;23:30:00;IDA;DOMINGO;LITORAL
VIACAO PROGRESSO;MACEIÓ(AL) - CAMPINA GRANDE(PB);CAMPINA GRANDE(PB);MACEIÓ(AL);10201550;06:30:00;VOLTA;SEGUNDA-FEIRA;LITORAL
VIACAO PROGRESSO;MACEIÓ(AL) - CAMPINA GRANDE(PB);MACEIÓ(AL);CAMPINA GRANDE(PB);10201555;06:30:00;IDA;SEGUNDA-FEIRA;LITORAL
VIACAO PROGRESSO;MACEIÓ(AL) - CAMPINA GRANDE(PB);MACEIÓ(AL);CAMPINA GRANDE(PB);10201565;23:30:00;IDA;SEGUNDA-FEIRA;LITORAL
VIACAO PROGRESSO;MACEIÓ(AL) - CAMPINA GRANDE(PB);CAMPINA GRANDE(PB);MACEIÓ(AL);10201560;23:30:00;VOLTA;SEGUNDA-FEIRA;LITORAL
VIACAO PROGRESSO;MACEIÓ(AL) - CAMPINA GRANDE(PB);MACEIÓ(AL);CAMPINA GRANDE(PB);10201555;06:30:00;IDA;TERCA-FEIRA;LITORAL
VIACAO PROGRESSO;MACEIÓ(AL) - CAMPINA GRANDE(PB);CAMPINA GRANDE(PB);MACEIÓ(AL);10201550;06:30:00;VOLTA;TERCA-FEIRA;LITORAL
VIACAO PROGRESSO;MACEIÓ(AL) - CAMPINA GRANDE(PB);CAMPINA GRANDE(PB);MACEIÓ(AL);10201560;23:30:00;VOLTA;TERCA-FEIRA;LITORAL
VIACAO PROGRESSO;MACEIÓ(AL) - CAMPINA GRANDE(PB);MACEIÓ(AL);CAMPINA GRANDE(PB);10201565;23:30:00;IDA;TERCA-FEIRA;LITORAL
VIACAO PROGRESSO;MACEIÓ(AL) - CAMPINA GRANDE(PB);MACEIÓ(AL);CAMPINA GRANDE(PB);10201555;06:30:00;IDA;QUARTA-FEIRA;LITORAL
VIACAO PROGRESSO;MACEIÓ(AL) - CAMPINA GRANDE(PB);CAMPINA GRANDE(PB);MACEIÓ(AL);10201550;06:30:00;VOLTA;QUARTA-FEIRA;LITORAL
VIACAO PROGRESSO;MACEIÓ(AL) - CAMPINA GRANDE(PB);MACEIÓ(AL);CAMPINA GRANDE(PB);10201565;23:30:00;IDA;QUARTA-FEIRA;LITORAL
VIACAO PROGRESSO;MACEIÓ(AL) - CAMPINA GRANDE(PB);CAMPINA GRANDE(PB);MACEIÓ(AL);10201560;23:30:00;VOLTA;QUARTA-FEIRA;LITORAL
VIACAO PROGRESSO;MACEIÓ(AL) - CAMPINA GRANDE(PB);MACEIÓ(AL);CAMPINA GRANDE(PB);10201555;06:30:00;IDA;QUINTA-FEIRA;LITORAL
VIACAO PROGRESSO;MACEIÓ(AL) - CAMPINA GRANDE(PB);CAMPINA GRANDE(PB);MACEIÓ(AL);10201550;06:30:00;VOLTA;QUINTA-FEIRA;LITORAL
VIACAO PROGRESSO;MACEIÓ(AL) - CAMPINA GRANDE(PB);MACEIÓ(AL);CAMPINA GRANDE(PB);10201565;23:30:00;IDA;QUINTA-FEIRA;LITORAL
VIACAO PROGRESSO;MACEIÓ(AL) - CAMPINA GRANDE(PB);CAMPINA GRANDE(PB);MACEIÓ(AL);10201560;23:30:00;VOLTA;QUINTA-FEIRA;LITORAL
VIACAO PROGRESSO;MACEIÓ(AL) - CRATO(CE) - via CARUARU(PE);CRATO(CE);MACEIÓ(AL);10201310;17:00:00;VOLTA;DOMINGO;LITORAL
VIACAO PROGRESSO;MACEIÓ(AL) - CRATO(CE) - via CARUARU(PE);CRATO(CE);MACEIÓ(AL);10301310;17:00:00;VOLTA;DOMINGO;LITORAL
VIACAO PROGRESSO;MACEIÓ(AL) - CRATO(CE) - via CARUARU(PE);MACEIÓ(AL);CRATO(CE);10201325;17:00:00;IDA;SEGUNDA-FEIRA;LITORAL
VIACAO PROGRESSO;MACEIÓ(AL) - CRATO(CE) - via CARUARU(PE);MACEIÓ(AL);CRATO(CE);10301325;17:00:00;IDA;SEGUNDA-FEIRA;LITORAL
VIACAO PROGRESSO;MACEIÓ(AL) - CRATO(CE) - via GARANHUNS(PE);CRATO(CE);MACEIÓ(AL);10201540;17:00:00;VOLTA;SEXTA-FEIRA;LITORAL
VIACAO PROGRESSO;MACEIÓ(AL) - CRATO(CE) - via GARANHUNS(PE);CRATO(CE);MACEIÓ(AL);10301540;17:00:00;VOLTA;SEXTA-FEIRA;LITORAL
VIACAO PROGRESSO;MACEIÓ(AL) - CRATO(CE) - via GARANHUNS(PE);MACEIÓ(AL);CRATO(CE);10201545;17:00:00;IDA;DOMINGO;LITORAL
VIACAO PROGRESSO;MACEIÓ(AL) - CRATO(CE) - via GARANHUNS(PE);MACEIÓ(AL);CRATO(CE);10301545;17:00:00;IDA;DOMINGO;LITORAL
VIACAO PROGRESSO;MACEIÓ(AL) - CRATO(CE) - via PAULO AFONSO(BA);MACEIÓ(AL);CRATO(CE);10201345;17:00:00;IDA;SEXTA-FEIRA;LITORAL
VIACAO PROGRESSO;MACEIÓ(AL) - CRATO(CE) - via PAULO AFONSO(BA);MACEIÓ(AL);CRATO(CE);10301345;17:00:00;IDA;SEXTA-FEIRA;LITORAL
VIACAO PROGRESSO;MACEIÓ(AL) - CRATO(CE) - via PAULO AFONSO(BA);CRATO(CE);MACEIÓ(AL);10201330;17:00:00;VOLTA;SEGUNDA-FEIRA;LITORAL
VIACAO PROGRESSO;MACEIÓ(AL) - CRATO(CE) - via PAULO AFONSO(BA);CRATO(CE);MACEIÓ(AL);10301330;17:00:00;VOLTA;SEGUNDA-FEIRA;LITORAL
VIACAO PROGRESSO;MACEIÓ(AL) - CRATO(CE) - via PAULO AFONSO(BA);MACEIÓ(AL);CRATO(CE);10301345;17:00:00;IDA;TERCA-FEIRA;LITORAL
VIACAO PROGRESSO;MACEIÓ(AL) - CRATO(CE) - via PAULO AFONSO(BA);MACEIÓ(AL);CRATO(CE);10201345;17:00:00;IDA;TERCA-FEIRA;LITORAL
VIACAO PROGRESSO;MACEIÓ(AL) - CRATO(CE) - via PAULO AFONSO(BA);CRATO(CE);MACEIÓ(AL);10201330;17:00:00;VOLTA;TERCA-FEIRA;LITORAL
VIACAO PROGRESSO;MACEIÓ(AL) - CRATO(CE) - via PAULO AFONSO(BA);CRATO(CE);MACEIÓ(AL);10301330;17:00:00;VOLTA;QUARTA-FEIRA;LITORAL
VIACAO PROGRESSO;MACEIÓ(AL) - CRATO(CE) - via PAULO AFONSO(BA);CRATO(CE);MACEIÓ(AL);10201330;17:00:00;VOLTA;QUARTA-FEIRA;LITORAL
VIACAO PROGRESSO;MACEIÓ(AL) - CRATO(CE) - via PAULO AFONSO(BA);MACEIÓ(AL);CRATO(CE);10201345;17:00:00;IDA;QUARTA-FEIRA;LITORAL
VIACAO PROGRESSO;MACEIÓ(AL) - CRATO(CE) - via PAULO AFONSO(BA);CRATO(CE);MACEIÓ(AL);10201330;17:00:00;VOLTA;QUINTA-FEIRA;LITORAL
VIACAO PROGRESSO;MACEIÓ(AL) - CRATO(CE) - via PAULO AFONSO(BA);CRATO(CE);MACEIÓ(AL);10301330;17:00:00;VOLTA;QUINTA-FEIRA;LITORAL
VIACAO PROGRESSO;MACEIÓ(AL) - CRATO(CE) - via PAULO AFONSO(BA);MACEIÓ(AL);CRATO(CE);10301345;17:00:00;IDA;QUINTA-FEIRA;LITORAL
VIACAO PROGRESSO;MACEIÓ(AL) - CRATO(CE) - via PAULO AFONSO(BA);MACEIÓ(AL);CRATO(CE);10201345;17:00:00;IDA;QUINTA-FEIRA;LITORAL
VIACAO PROGRESSO;MACEIÓ(AL) - PETROLINA(PE);PETROLINA(PE);MACEIÓ(AL);10201320;17:00:00;VOLTA;SEXTA-FEIRA;LITORAL
VIACAO PROGRESSO;MACEIÓ(AL) - PETROLINA(PE);MACEIÓ(AL);PETROLINA(PE);10301335;17:00:00;IDA;SEXTA-FEIRA;LITORAL
VIACAO PROGRESSO;MACEIÓ(AL) - PETROLINA(PE);MACEIÓ(AL);PETROLINA(PE);10201335;17:00:00;IDA;SEXTA-FEIRA;LITORAL
VIACAO PROGRESSO;MACEIÓ(AL) - PETROLINA(PE);PETROLINA(PE);MACEIÓ(AL);10301320;17:00:00;VOLTA;SEXTA-FEIRA;LITORAL
VIACAO PROGRESSO;MACEIÓ(AL) - PETROLINA(PE);PETROLINA(PE);MACEIÓ(AL);10301320;17:00:00;VOLTA;DOMINGO;LITORAL
VIACAO PROGRESSO;MACEIÓ(AL) - PETROLINA(PE);MACEIÓ(AL);PETROLINA(PE);10301335;17:00:00;IDA;DOMINGO;LITORAL
VIACAO PROGRESSO;MACEIÓ(AL) - PETROLINA(PE);MACEIÓ(AL);PETROLINA(PE);10201335;17:00:00;IDA;DOMINGO;LITORAL
VIACAO PROGRESSO;MACEIÓ(AL) - PETROLINA(PE);PETROLINA(PE);MACEIÓ(AL);10201320;17:00:00;VOLTA;DOMINGO;LITORAL
VIACAO PROGRESSO;MACEIÓ(AL) - PETROLINA(PE);MACEIÓ(AL);PETROLINA(PE);10201335;17:00:00;IDA;SEGUNDA-FEIRA;LITORAL
VIACAO PROGRESSO;MACEIÓ(AL) - PETROLINA(PE);PETROLINA(PE);MACEIÓ(AL);10301320;17:00:00;VOLTA;SEGUNDA-FEIRA;LITORAL
VIACAO PROGRESSO;MACEIÓ(AL) - PETROLINA(PE);PETROLINA(PE);MACEIÓ(AL);10201320;17:00:00;VOLTA;SEGUNDA-FEIRA;LITORAL
VIACAO PROGRESSO;MACEIÓ(AL) - PETROLINA(PE);MACEIÓ(AL);PETROLINA(PE);10301335;17:00:00;IDA;SEGUNDA-FEIRA;LITORAL
VIACAO PROGRESSO;MACEIÓ(AL) - PETROLINA(PE);PETROLINA(PE);MACEIÓ(AL);10301320;17:00:00;VOLTA;TERCA-FEIRA;LITORAL
VIACAO PROGRESSO;MACEIÓ(AL) - PETROLINA(PE);MACEIÓ(AL);PETROLINA(PE);10301335;17:00:00;IDA;TERCA-FEIRA;LITORAL
VIACAO PROGRESSO;MACEIÓ(AL) - PETROLINA(PE);PETROLINA(PE);MACEIÓ(AL);10201320;17:00:00;VOLTA;TERCA-FEIRA;LITORAL
VIACAO PROGRESSO;MACEIÓ(AL) - PETROLINA(PE);MACEIÓ(AL);PETROLINA(PE);10201335;17:00:00;IDA;TERCA-FEIRA;LITORAL
VIACAO PROGRESSO;MACEIÓ(AL) - PETROLINA(PE);PETROLINA(PE);MACEIÓ(AL);10301320;17:00:00;VOLTA;QUARTA-FEIRA;LITORAL
VIACAO PROGRESSO;MACEIÓ(AL) - PETROLINA(PE);PETROLINA(PE);MACEIÓ(AL);10201320;17:00:00;VOLTA;QUARTA-FEIRA;LITORAL
VIACAO PROGRESSO;MACEIÓ(AL) - PETROLINA(PE);MACEIÓ(AL);PETROLINA(PE);10201335;17:00:00;IDA;QUARTA-FEIRA;LITORAL
VIACAO PROGRESSO;MACEIÓ(AL) - PETROLINA(PE);MACEIÓ(AL);PETROLINA(PE);10301335;17:00:00;IDA;QUARTA-FEIRA;LITORAL
VIACAO PROGRESSO;MACEIÓ(AL) - PETROLINA(PE);PETROLINA(PE);MACEIÓ(AL);10301320;17:00:00;VOLTA;QUINTA-FEIRA;LITORAL
VIACAO PROGRESSO;MACEIÓ(AL) - PETROLINA(PE);MACEIÓ(AL);PETROLINA(PE);10201335;17:00:00;IDA;QUINTA-FEIRA;LITORAL
VIACAO PROGRESSO;MACEIÓ(AL) - PETROLINA(PE);MACEIÓ(AL);PETROLINA(PE);10301335;17:00:00;IDA;QUINTA-FEIRA;LITORAL
VIACAO PROGRESSO;MACEIÓ(AL) - PETROLINA(PE);PETROLINA(PE);MACEIÓ(AL);10201320;17:00:00;VOLTA;QUINTA-FEIRA;LITORAL
VIACAO PROGRESSO;MACEIÓ(AL) - RECIFE(PE);RECIFE(PE);MACEIÓ(AL);10301640;09:00:00;VOLTA;SEXTA-FEIRA;LITORAL
VIACAO PROGRESSO;MACEIÓ(AL) - RECIFE(PE);RECIFE(PE);MACEIÓ(AL);10201360;09:00:00;VOLTA;SEXTA-FEIRA;LITORAL
VIACAO PROGRESSO;MACEIÓ(AL) - RECIFE(PE);MACEIÓ(AL);RECIFE(PE);10301645;17:30:00;IDA;SEXTA-FEIRA;LITORAL
VIACAO PROGRESSO;MACEIÓ(AL) - RECIFE(PE);MACEIÓ(AL);RECIFE(PE);10201645;17:30:00;IDA;SEXTA-FEIRA;LITORAL
VIACAO PROGRESSO;MACEIÓ(AL) - RECIFE(PE);RECIFE(PE);MACEIÓ(AL);10301640;09:00:00;VOLTA;SABADO;LITORAL
VIACAO PROGRESSO;MACEIÓ(AL) - RECIFE(PE);RECIFE(PE);MACEIÓ(AL);10201360;09:00:00;VOLTA;SABADO;LITORAL
VIACAO PROGRESSO;MACEIÓ(AL) - RECIFE(PE);MACEIÓ(AL);RECIFE(PE);10201645;17:30:00;IDA;SABADO;LITORAL
VIACAO PROGRESSO;MACEIÓ(AL) - RECIFE(PE);MACEIÓ(AL);RECIFE(PE);10301645;17:30:00;IDA;SABADO;LITORAL
VIACAO PROGRESSO;MACEIÓ(AL) - RECIFE(PE);RECIFE(PE);MACEIÓ(AL);10201360;09:00:00;VOLTA;DOMINGO;LITORAL
VIACAO PROGRESSO;MACEIÓ(AL) - RECIFE(PE);RECIFE(PE);MACEIÓ(AL);10301640;09:00:00;VOLTA;DOMINGO;LITORAL
VIACAO PROGRESSO;MACEIÓ(AL) - RECIFE(PE);MACEIÓ(AL);RECIFE(PE);10201645;17:30:00;IDA;DOMINGO;LITORAL
VIACAO PROGRESSO;MACEIÓ(AL) - RECIFE(PE);MACEIÓ(AL);RECIFE(PE);10301645;17:30:00;IDA;DOMINGO;LITORAL
VIACAO PROGRESSO;MACEIÓ(AL) - RECIFE(PE);RECIFE(PE);MACEIÓ(AL);10301640;09:00:00;VOLTA;SEGUNDA-FEIRA;LITORAL
VIACAO PROGRESSO;MACEIÓ(AL) - RECIFE(PE);RECIFE(PE);MACEIÓ(AL);10201360;09:00:00;VOLTA;SEGUNDA-FEIRA;LITORAL
VIACAO PROGRESSO;MACEIÓ(AL) - RECIFE(PE);MACEIÓ(AL);RECIFE(PE);10201645;17:30:00;IDA;SEGUNDA-FEIRA;LITORAL
VIACAO PROGRESSO;MACEIÓ(AL) - RECIFE(PE);MACEIÓ(AL);RECIFE(PE);10301645;17:30:00;IDA;SEGUNDA-FEIRA;LITORAL
VIACAO PROGRESSO;MACEIÓ(AL) - RECIFE(PE);RECIFE(PE);MACEIÓ(AL);10201360;09:00:00;VOLTA;TERCA-FEIRA;LITORAL
VIACAO PROGRESSO;MACEIÓ(AL) - RECIFE(PE);RECIFE(PE);MACEIÓ(AL);10301640;09:00:00;VOLTA;TERCA-FEIRA;LITORAL
VIACAO PROGRESSO;MACEIÓ(AL) - RECIFE(PE);MACEIÓ(AL);RECIFE(PE);10301645;17:30:00;IDA;TERCA-FEIRA;LITORAL
VIACAO PROGRESSO;MACEIÓ(AL) - RECIFE(PE);MACEIÓ(AL);RECIFE(PE);10201645;17:30:00;IDA;TERCA-FEIRA;LITORAL
VIACAO PROGRESSO;MACEIÓ(AL) - RECIFE(PE);RECIFE(PE);MACEIÓ(AL);10301640;09:00:00;VOLTA;QUARTA-FEIRA;LITORAL
VIACAO PROGRESSO;MACEIÓ(AL) - RECIFE(PE);RECIFE(PE);MACEIÓ(AL);10201640;09:00:00;VOLTA;QUARTA-FEIRA;LITORAL
VIACAO PROGRESSO;MACEIÓ(AL) - RECIFE(PE);MACEIÓ(AL);RECIFE(PE);10301645;17:30:00;IDA;QUARTA-FEIRA;LITORAL
VIACAO PROGRESSO;MACEIÓ(AL) - RECIFE(PE);MACEIÓ(AL);RECIFE(PE);10201645;17:30:00;IDA;QUARTA-FEIRA;LITORAL
VIACAO PROGRESSO;MACEIÓ(AL) - RECIFE(PE);RECIFE(PE);MACEIÓ(AL);10201360;09:00:00;VOLTA;QUINTA-FEIRA;LITORAL
VIACAO PROGRESSO;MACEIÓ(AL) - RECIFE(PE);RECIFE(PE);MACEIÓ(AL);10301640;09:00:00;VOLTA;QUINTA-FEIRA;LITORAL
VIACAO PROGRESSO;MACEIÓ(AL) - RECIFE(PE);MACEIÓ(AL);RECIFE(PE);10201645;17:30:00;IDA;QUINTA-FEIRA;LITORAL
VIACAO PROGRESSO;MACEIÓ(AL) - RECIFE(PE);MACEIÓ(AL);RECIFE(PE);10301645;17:30:00;IDA;QUINTA-FEIRA;LITORAL
VIACAO PROGRESSO;NATAL(RN) - CAMPINA GRANDE(PB) ;CAMPINA GRANDE(PB);NATAL(RN);10201920;06:00:00;VOLTA;QUARTA-FEIRA;LITORAL
VIACAO PROGRESSO;NATAL(RN) - CAMPINA GRANDE(PB) ;NATAL(RN);CAMPINA GRANDE(PB);10201955;15:00:00;IDA;QUARTA-FEIRA;LITORAL
VIACAO PROGRESSO;PAULO AFONSO(BA) - RECIFE(PE);RECIFE(PE);PAULO AFONSO(BA);10201170;22:30:00;VOLTA;SEXTA-FEIRA;NORDESTE
VIACAO PROGRESSO;PAULO AFONSO(BA) - RECIFE(PE);PAULO AFONSO(BA);RECIFE(PE);10201185;22:30:00;IDA;SEXTA-FEIRA;NORDESTE
VIACAO PROGRESSO;PAULO AFONSO(BA) - RECIFE(PE);PAULO AFONSO(BA);RECIFE(PE);10301185;22:30:00;IDA;SEXTA-FEIRA;NORDESTE
VIACAO PROGRESSO;PAULO AFONSO(BA) - RECIFE(PE);RECIFE(PE);PAULO AFONSO(BA);10301170;22:30:00;VOLTA;SEXTA-FEIRA;NORDESTE
VIACAO PROGRESSO;PAULO AFONSO(BA) - RECIFE(PE);RECIFE(PE);PAULO AFONSO(BA);10301170;22:30:00;VOLTA;SABADO;NORDESTE
VIACAO PROGRESSO;PAULO AFONSO(BA) - RECIFE(PE);PAULO AFONSO(BA);RECIFE(PE);10301185;22:30:00;IDA;SABADO;NORDESTE
VIACAO PROGRESSO;PAULO AFONSO(BA) - RECIFE(PE);PAULO AFONSO(BA);RECIFE(PE);10201185;22:30:00;IDA;SABADO;NORDESTE
VIACAO PROGRESSO;PAULO AFONSO(BA) - RECIFE(PE);RECIFE(PE);PAULO AFONSO(BA);10201170;22:30:00;VOLTA;SABADO;NORDESTE
VIACAO PROGRESSO;PAULO AFONSO(BA) - RECIFE(PE);PAULO AFONSO(BA);RECIFE(PE);10201185;22:30:00;IDA;DOMINGO;NORDESTE
VIACAO PROGRESSO;PAULO AFONSO(BA) - RECIFE(PE);PAULO AFONSO(BA);RECIFE(PE);10301185;22:30:00;IDA;DOMINGO;NORDESTE
VIACAO PROGRESSO;PAULO AFONSO(BA) - RECIFE(PE);RECIFE(PE);PAULO AFONSO(BA);10201170;22:30:00;VOLTA;DOMINGO;NORDESTE
VIACAO PROGRESSO;PAULO AFONSO(BA) - RECIFE(PE);RECIFE(PE);PAULO AFONSO(BA);10301170;22:30:00;VOLTA;DOMINGO;NORDESTE
VIACAO PROGRESSO;PAULO AFONSO(BA) - RECIFE(PE);PAULO AFONSO(BA);RECIFE(PE);10201185;22:30:00;IDA;SEGUNDA-FEIRA;NORDESTE
VIACAO PROGRESSO;PAULO AFONSO(BA) - RECIFE(PE);RECIFE(PE);PAULO AFONSO(BA);10201170;22:30:00;VOLTA;SEGUNDA-FEIRA;NORDESTE
VIACAO PROGRESSO;PAULO AFONSO(BA) - RECIFE(PE);PAULO AFONSO(BA);RECIFE(PE);10301185;22:30:00;IDA;SEGUNDA-FEIRA;NORDESTE
VIACAO PROGRESSO;PAULO AFONSO(BA) - RECIFE(PE);RECIFE(PE);PAULO AFONSO(BA);10301170;22:30:00;VOLTA;SEGUNDA-FEIRA;NORDESTE
VIACAO PROGRESSO;PAULO AFONSO(BA) - RECIFE(PE);PAULO AFONSO(BA);RECIFE(PE);10301185;22:30:00;IDA;TERCA-FEIRA;NORDESTE
VIACAO PROGRESSO;PAULO AFONSO(BA) - RECIFE(PE);RECIFE(PE);PAULO AFONSO(BA);10301170;22:30:00;VOLTA;TERCA-FEIRA;NORDESTE
VIACAO PROGRESSO;PAULO AFONSO(BA) - RECIFE(PE);PAULO AFONSO(BA);RECIFE(PE);10201185;22:30:00;IDA;TERCA-FEIRA;NORDESTE
VIACAO PROGRESSO;PAULO AFONSO(BA) - RECIFE(PE);RECIFE(PE);PAULO AFONSO(BA);10201170;22:30:00;VOLTA;TERCA-FEIRA;NORDESTE
VIACAO PROGRESSO;PAULO AFONSO(BA) - RECIFE(PE);RECIFE(PE);PAULO AFONSO(BA);10301170;22:30:00;VOLTA;QUARTA-FEIRA;NORDESTE
VIACAO PROGRESSO;PAULO AFONSO(BA) - RECIFE(PE);PAULO AFONSO(BA);RECIFE(PE);10201185;22:30:00;IDA;QUARTA-FEIRA;NORDESTE
VIACAO PROGRESSO;PAULO AFONSO(BA) - RECIFE(PE);RECIFE(PE);PAULO AFONSO(BA);10201170;22:30:00;VOLTA;QUARTA-FEIRA;NORDESTE
VIACAO PROGRESSO;PAULO AFONSO(BA) - RECIFE(PE);PAULO AFONSO(BA);RECIFE(PE);10301185;22:30:00;IDA;QUARTA-FEIRA;NORDESTE
VIACAO PROGRESSO;PAULO AFONSO(BA) - RECIFE(PE);PAULO AFONSO(BA);RECIFE(PE);10301185;22:30:00;IDA;QUINTA-FEIRA;NORDESTE
VIACAO PROGRESSO;PAULO AFONSO(BA) - RECIFE(PE);PAULO AFONSO(BA);RECIFE(PE);10201185;22:30:00;IDA;QUINTA-FEIRA;NORDESTE
VIACAO PROGRESSO;PAULO AFONSO(BA) - RECIFE(PE);RECIFE(PE);PAULO AFONSO(BA);10201170;22:30:00;VOLTA;QUINTA-FEIRA;NORDESTE
VIACAO PROGRESSO;PAULO AFONSO(BA) - RECIFE(PE);RECIFE(PE);PAULO AFONSO(BA);10301170;22:30:00;VOLTA;QUINTA-FEIRA;NORDESTE
VIACAO CRUZEIRO;PENEDO(AL) - RECIFE(PE);PENEDO(AL);RECIFE(PE);20200105;21:00:00;IDA;SEXTA-FEIRA;LITORAL
VIACAO CRUZEIRO;PENEDO(AL) - RECIFE(PE);RECIFE(PE);PENEDO(AL);20200100;22:30:00;VOLTA;SEXTA-FEIRA;LITORAL
VIACAO CRUZEIRO;PENEDO(AL) - RECIFE(PE);RECIFE(PE);PENEDO(AL);20300100;22:30:00;VOLTA;SEXTA-FEIRA;LITORAL
VIACAO CRUZEIRO;PENEDO(AL) - RECIFE(PE);PENEDO(AL);RECIFE(PE);20200105;21:00:00;IDA;SABADO;LITORAL
VIACAO CRUZEIRO;PENEDO(AL) - RECIFE(PE);PENEDO(AL);RECIFE(PE);20300105;21:00:00;IDA;SABADO;LITORAL
VIACAO CRUZEIRO;PENEDO(AL) - RECIFE(PE);RECIFE(PE);PENEDO(AL);20200100;22:30:00;VOLTA;SABADO;LITORAL
VIACAO CRUZEIRO;PENEDO(AL) - RECIFE(PE);RECIFE(PE);PENEDO(AL);20300100;22:30:00;VOLTA;SABADO;LITORAL
VIACAO CRUZEIRO;PENEDO(AL) - RECIFE(PE);PENEDO(AL);RECIFE(PE);20300105;21:00:00;IDA;DOMINGO;LITORAL
VIACAO CRUZEIRO;PENEDO(AL) - RECIFE(PE);PENEDO(AL);RECIFE(PE);20200105;21:00:00;IDA;DOMINGO;LITORAL
VIACAO CRUZEIRO;PENEDO(AL) - RECIFE(PE);RECIFE(PE);PENEDO(AL);20300100;22:30:00;VOLTA;DOMINGO;LITORAL
VIACAO CRUZEIRO;PENEDO(AL) - RECIFE(PE);RECIFE(PE);PENEDO(AL);20200100;22:30:00;VOLTA;DOMINGO;LITORAL
VIACAO CRUZEIRO;PENEDO(AL) - RECIFE(PE);PENEDO(AL);RECIFE(PE);20200105;21:00:00;IDA;SEGUNDA-FEIRA;LITORAL
VIACAO CRUZEIRO;PENEDO(AL) - RECIFE(PE);PENEDO(AL);RECIFE(PE);20300105;21:00:00;IDA;SEGUNDA-FEIRA;LITORAL
VIACAO CRUZEIRO;PENEDO(AL) - RECIFE(PE);RECIFE(PE);PENEDO(AL);20200100;22:30:00;VOLTA;TERCA-FEIRA;LITORAL
VIACAO CRUZEIRO;PENEDO(AL) - RECIFE(PE);RECIFE(PE);PENEDO(AL);20300100;22:30:00;VOLTA;TERCA-FEIRA;LITORAL
VIACAO CRUZEIRO;PENEDO(AL) - RECIFE(PE);PENEDO(AL);RECIFE(PE);20200105;21:00:00;IDA;QUARTA-FEIRA;LITORAL
VIACAO CRUZEIRO;PENEDO(AL) - RECIFE(PE);PENEDO(AL);RECIFE(PE);20300105;21:00:00;IDA;QUARTA-FEIRA;LITORAL
VIACAO CRUZEIRO;PENEDO(AL) - RECIFE(PE);RECIFE(PE);PENEDO(AL);20200100;22:30:00;VOLTA;QUARTA-FEIRA;LITORAL
VIACAO CRUZEIRO;PENEDO(AL) - RECIFE(PE);RECIFE(PE);PENEDO(AL);20300100;22:30:00;VOLTA;QUARTA-FEIRA;LITORAL
VIACAO CRUZEIRO;PENEDO(AL) - RECIFE(PE);PENEDO(AL);RECIFE(PE);20300105;21:00:00;IDA;QUINTA-FEIRA;LITORAL
VIACAO CRUZEIRO;PENEDO(AL) - RECIFE(PE);PENEDO(AL);RECIFE(PE);20200105;21:00:00;IDA;QUINTA-FEIRA;LITORAL
VIACAO CRUZEIRO;PENEDO(AL) - RECIFE(PE);RECIFE(PE);PENEDO(AL);20300100;22:30:00;VOLTA;QUINTA-FEIRA;LITORAL
VIACAO CRUZEIRO;PENEDO(AL) - RECIFE(PE);RECIFE(PE);PENEDO(AL);20200100;22:30:00;VOLTA;QUINTA-FEIRA;LITORAL
VIACAO PROGRESSO;PETROLINA(PE) - MACEIÓ(AL) via QUIPAPÁ(PE);MACEIÓ(AL);PETROLINA(PE);10201520;17:00:00;VOLTA;SABADO;NORDESTE
VIACAO PROGRESSO;PETROLINA(PE) - MACEIÓ(AL) via QUIPAPÁ(PE);MACEIÓ(AL);PETROLINA(PE);10301520;17:00:00;VOLTA;SABADO;NORDESTE
VIACAO PROGRESSO;PETROLINA(PE) - MACEIÓ(AL) via QUIPAPÁ(PE);PETROLINA(PE);MACEIÓ(AL);10201525;17:00:00;IDA;SABADO;NORDESTE
VIACAO PROGRESSO;PETROLINA(PE) - MACEIÓ(AL) via QUIPAPÁ(PE);PETROLINA(PE);MACEIÓ(AL);10301525;17:00:00;IDA;SABADO;NORDESTE
VIACAO PROGRESSO;PRINCESA ISABEL(PB) - RECIFE(PE);RECIFE(PE);PRINCESA ISABEL(PB);10201460;07:00:00;VOLTA;TERCA-FEIRA;NORDESTE
VIACAO PROGRESSO;PRINCESA ISABEL(PB) - RECIFE(PE);PRINCESA ISABEL(PB);RECIFE(PE);10201095;07:00:00;IDA;QUARTA-FEIRA;NORDESTE
VIACAO PROGRESSO;RECIFE(PE) -  ARCOVERDE(PE) via DERBY;RECIFE - DANTAS BARRETO(PE);ARCOVERDE(PE);10200645;08:30:00;IDA;SEXTA-FEIRA;LITORAL
VIACAO PROGRESSO;RECIFE(PE) -  ARCOVERDE(PE) via DERBY;ARCOVERDE(PE);RECIFE - DANTAS BARRETO(PE);10202940;10:30:00;VOLTA;SEXTA-FEIRA;LITORAL
VIACAO PROGRESSO;RECIFE(PE) -  ARCOVERDE(PE) via DERBY;RECIFE - DANTAS BARRETO(PE);ARCOVERDE(PE);10203005;12:30:00;IDA;SEXTA-FEIRA;LITORAL
VIACAO PROGRESSO;RECIFE(PE) -  ARCOVERDE(PE) via DERBY;ARCOVERDE(PE);RECIFE - DANTAS BARRETO(PE);10200650;17:00:00;VOLTA;SEXTA-FEIRA;LITORAL
VIACAO PROGRESSO;RECIFE(PE) -  ARCOVERDE(PE) via DERBY;RECIFE - DANTAS BARRETO(PE);ARCOVERDE(PE);10200645;08:30:00;IDA;SABADO;LITORAL
VIACAO PROGRESSO;RECIFE(PE) -  ARCOVERDE(PE) via DERBY;ARCOVERDE(PE);RECIFE - DANTAS BARRETO(PE);10202940;10:30:00;VOLTA;SABADO;LITORAL
VIACAO PROGRESSO;RECIFE(PE) -  ARCOVERDE(PE) via DERBY;RECIFE - DANTAS BARRETO(PE);ARCOVERDE(PE);10203005;12:30:00;IDA;SABADO;LITORAL
VIACAO PROGRESSO;RECIFE(PE) -  ARCOVERDE(PE) via DERBY;ARCOVERDE(PE);RECIFE - DANTAS BARRETO(PE);10200650;17:00:00;VOLTA;SABADO;LITORAL
VIACAO PROGRESSO;RECIFE(PE) -  ARCOVERDE(PE) via DERBY;RECIFE - DANTAS BARRETO(PE);ARCOVERDE(PE);10200645;08:30:00;IDA;DOMINGO;LITORAL
VIACAO PROGRESSO;RECIFE(PE) -  ARCOVERDE(PE) via DERBY;ARCOVERDE(PE);RECIFE - DANTAS BARRETO(PE);10202940;10:30:00;VOLTA;DOMINGO;LITORAL
VIACAO PROGRESSO;RECIFE(PE) -  ARCOVERDE(PE) via DERBY;RECIFE - DANTAS BARRETO(PE);ARCOVERDE(PE);10203005;12:30:00;IDA;DOMINGO;LITORAL
VIACAO PROGRESSO;RECIFE(PE) -  ARCOVERDE(PE) via DERBY;ARCOVERDE(PE);RECIFE - DANTAS BARRETO(PE);10200650;17:00:00;VOLTA;DOMINGO;LITORAL
VIACAO PROGRESSO;RECIFE(PE) -  ARCOVERDE(PE) via DERBY;RECIFE - DANTAS BARRETO(PE);ARCOVERDE(PE);10200645;08:30:00;IDA;SEGUNDA-FEIRA;LITORAL
VIACAO PROGRESSO;RECIFE(PE) -  ARCOVERDE(PE) via DERBY;ARCOVERDE(PE);RECIFE - DANTAS BARRETO(PE);10202940;10:30:00;VOLTA;SEGUNDA-FEIRA;LITORAL
VIACAO PROGRESSO;RECIFE(PE) -  ARCOVERDE(PE) via DERBY;RECIFE - DANTAS BARRETO(PE);ARCOVERDE(PE);10203005;12:30:00;IDA;SEGUNDA-FEIRA;LITORAL
VIACAO PROGRESSO;RECIFE(PE) -  ARCOVERDE(PE) via DERBY;ARCOVERDE(PE);RECIFE - DANTAS BARRETO(PE);10200650;17:00:00;VOLTA;SEGUNDA-FEIRA;LITORAL
VIACAO PROGRESSO;RECIFE(PE) -  ARCOVERDE(PE) via DERBY;RECIFE - DANTAS BARRETO(PE);ARCOVERDE(PE);10200645;08:30:00;IDA;TERCA-FEIRA;LITORAL
VIACAO PROGRESSO;RECIFE(PE) -  ARCOVERDE(PE) via DERBY;ARCOVERDE(PE);RECIFE - DANTAS BARRETO(PE);10202940;10:30:00;VOLTA;TERCA-FEIRA;LITORAL
VIACAO PROGRESSO;RECIFE(PE) -  ARCOVERDE(PE) via DERBY;RECIFE - DANTAS BARRETO(PE);ARCOVERDE(PE);10203005;12:30:00;IDA;TERCA-FEIRA;LITORAL
VIACAO PROGRESSO;RECIFE(PE) -  ARCOVERDE(PE) via DERBY;ARCOVERDE(PE);RECIFE - DANTAS BARRETO(PE);10200650;17:00:00;VOLTA;TERCA-FEIRA;LITORAL
VIACAO PROGRESSO;RECIFE(PE) -  ARCOVERDE(PE) via DERBY;RECIFE - DANTAS BARRETO(PE);ARCOVERDE(PE);10200645;08:30:00;IDA;QUARTA-FEIRA;LITORAL
VIACAO PROGRESSO;RECIFE(PE) -  ARCOVERDE(PE) via DERBY;ARCOVERDE(PE);RECIFE - DANTAS BARRETO(PE);10202940;10:30:00;VOLTA;QUARTA-FEIRA;LITORAL
VIACAO PROGRESSO;RECIFE(PE) -  ARCOVERDE(PE) via DERBY;RECIFE - DANTAS BARRETO(PE);ARCOVERDE(PE);10203005;12:30:00;IDA;QUARTA-FEIRA;LITORAL
VIACAO PROGRESSO;RECIFE(PE) -  ARCOVERDE(PE) via DERBY;ARCOVERDE(PE);RECIFE - DANTAS BARRETO(PE);10200650;17:00:00;VOLTA;QUARTA-FEIRA;LITORAL
VIACAO PROGRESSO;RECIFE(PE) -  ARCOVERDE(PE) via DERBY;RECIFE - DANTAS BARRETO(PE);ARCOVERDE(PE);10200645;08:30:00;IDA;QUINTA-FEIRA;LITORAL
VIACAO PROGRESSO;RECIFE(PE) -  ARCOVERDE(PE) via DERBY;ARCOVERDE(PE);RECIFE - DANTAS BARRETO(PE);10202940;10:30:00;VOLTA;QUINTA-FEIRA;LITORAL
VIACAO PROGRESSO;RECIFE(PE) -  ARCOVERDE(PE) via DERBY;RECIFE - DANTAS BARRETO(PE);ARCOVERDE(PE);10203005;12:30:00;IDA;QUINTA-FEIRA;LITORAL
VIACAO PROGRESSO;RECIFE(PE) -  ARCOVERDE(PE) via DERBY;ARCOVERDE(PE);RECIFE - DANTAS BARRETO(PE);10200650;17:00:00;VOLTA;QUINTA-FEIRA;LITORAL
VIACAO PROGRESSO;RECIFE(PE) - ÁGUAS BELAS(PE) via DERBY;ÁGUAS BELAS(PE);RECIFE - DANTAS BARRETO(PE);10200660;05:50:00;VOLTA;SEXTA-FEIRA;LITORAL
VIACAO PROGRESSO;RECIFE(PE) - ÁGUAS BELAS(PE) via DERBY;ÁGUAS BELAS(PE);RECIFE - DANTAS BARRETO(PE);10301900;05:50:00;VOLTA;SEXTA-FEIRA;LITORAL
VIACAO PROGRESSO;RECIFE(PE) - ÁGUAS BELAS(PE) via DERBY;RECIFE - DANTAS BARRETO(PE);ÁGUAS BELAS(PE);10301935;12:30:00;IDA;SEXTA-FEIRA;LITORAL
VIACAO PROGRESSO;RECIFE(PE) - ÁGUAS BELAS(PE) via DERBY;RECIFE - DANTAS BARRETO(PE);ÁGUAS BELAS(PE);10200705;12:30:00;IDA;SEXTA-FEIRA;LITORAL
VIACAO PROGRESSO;RECIFE(PE) - ÁGUAS BELAS(PE) via DERBY;ÁGUAS BELAS(PE);RECIFE - DANTAS BARRETO(PE);10200660;05:50:00;VOLTA;SABADO;LITORAL
VIACAO PROGRESSO;RECIFE(PE) - ÁGUAS BELAS(PE) via DERBY;ÁGUAS BELAS(PE);RECIFE - DANTAS BARRETO(PE);10301900;05:50:00;VOLTA;SABADO;LITORAL
VIACAO PROGRESSO;RECIFE(PE) - ÁGUAS BELAS(PE) via DERBY;RECIFE - DANTAS BARRETO(PE);ÁGUAS BELAS(PE);10301935;12:30:00;IDA;SABADO;LITORAL
VIACAO PROGRESSO;RECIFE(PE) - ÁGUAS BELAS(PE) via DERBY;RECIFE - DANTAS BARRETO(PE);ÁGUAS BELAS(PE);10200705;12:30:00;IDA;SABADO;LITORAL
VIACAO PROGRESSO;RECIFE(PE) - ÁGUAS BELAS(PE) via DERBY;ÁGUAS BELAS(PE);RECIFE - DANTAS BARRETO(PE);10301900;05:50:00;VOLTA;DOMINGO;LITORAL
VIACAO PROGRESSO;RECIFE(PE) - ÁGUAS BELAS(PE) via DERBY;ÁGUAS BELAS(PE);RECIFE - DANTAS BARRETO(PE);10200660;05:50:00;VOLTA;DOMINGO;LITORAL
VIACAO PROGRESSO;RECIFE(PE) - ÁGUAS BELAS(PE) via DERBY;RECIFE - DANTAS BARRETO(PE);ÁGUAS BELAS(PE);10301935;12:30:00;IDA;DOMINGO;LITORAL
VIACAO PROGRESSO;RECIFE(PE) - ÁGUAS BELAS(PE) via DERBY;RECIFE - DANTAS BARRETO(PE);ÁGUAS BELAS(PE);10200705;12:30:00;IDA;DOMINGO;LITORAL
VIACAO PROGRESSO;RECIFE(PE) - ÁGUAS BELAS(PE) via DERBY;ÁGUAS BELAS(PE);RECIFE - DANTAS BARRETO(PE);10200660;05:50:00;VOLTA;SEGUNDA-FEIRA;LITORAL
VIACAO PROGRESSO;RECIFE(PE) - ÁGUAS BELAS(PE) via DERBY;ÁGUAS BELAS(PE);RECIFE - DANTAS BARRETO(PE);10301900;05:50:00;VOLTA;SEGUNDA-FEIRA;LITORAL
VIACAO PROGRESSO;RECIFE(PE) - ÁGUAS BELAS(PE) via DERBY;RECIFE - DANTAS BARRETO(PE);ÁGUAS BELAS(PE);10301935;12:30:00;IDA;SEGUNDA-FEIRA;LITORAL
VIACAO PROGRESSO;RECIFE(PE) - ÁGUAS BELAS(PE) via DERBY;RECIFE - DANTAS BARRETO(PE);ÁGUAS BELAS(PE);10200705;12:30:00;IDA;SEGUNDA-FEIRA;LITORAL
VIACAO PROGRESSO;RECIFE(PE) - ÁGUAS BELAS(PE) via DERBY;ÁGUAS BELAS(PE);RECIFE - DANTAS BARRETO(PE);10301900;05:50:00;VOLTA;TERCA-FEIRA;LITORAL
VIACAO PROGRESSO;RECIFE(PE) - ÁGUAS BELAS(PE) via DERBY;ÁGUAS BELAS(PE);RECIFE - DANTAS BARRETO(PE);10200660;05:50:00;VOLTA;TERCA-FEIRA;LITORAL
VIACAO PROGRESSO;RECIFE(PE) - ÁGUAS BELAS(PE) via DERBY;RECIFE - DANTAS BARRETO(PE);ÁGUAS BELAS(PE);10301935;12:30:00;IDA;TERCA-FEIRA;LITORAL
VIACAO PROGRESSO;RECIFE(PE) - ÁGUAS BELAS(PE) via DERBY;RECIFE - DANTAS BARRETO(PE);ÁGUAS BELAS(PE);10200705;12:30:00;IDA;TERCA-FEIRA;LITORAL
VIACAO PROGRESSO;RECIFE(PE) - ÁGUAS BELAS(PE) via DERBY;ÁGUAS BELAS(PE);RECIFE - DANTAS BARRETO(PE);10101900;05:50:00;VOLTA;QUARTA-FEIRA;LITORAL
VIACAO PROGRESSO;RECIFE(PE) - ÁGUAS BELAS(PE) via DERBY;ÁGUAS BELAS(PE);RECIFE - DANTAS BARRETO(PE);10301900;05:50:00;VOLTA;QUARTA-FEIRA;LITORAL
VIACAO PROGRESSO;RECIFE(PE) - ÁGUAS BELAS(PE) via DERBY;RECIFE - DANTAS BARRETO(PE);ÁGUAS BELAS(PE);10101935;12:30:00;IDA;QUARTA-FEIRA;LITORAL
VIACAO PROGRESSO;RECIFE(PE) - ÁGUAS BELAS(PE) via DERBY;RECIFE - DANTAS BARRETO(PE);ÁGUAS BELAS(PE);10301935;12:30:00;IDA;QUARTA-FEIRA;LITORAL
VIACAO PROGRESSO;RECIFE(PE) - ÁGUAS BELAS(PE) via DERBY;ÁGUAS BELAS(PE);RECIFE - DANTAS BARRETO(PE);10301900;05:50:00;VOLTA;QUINTA-FEIRA;LITORAL
VIACAO PROGRESSO;RECIFE(PE) - ÁGUAS BELAS(PE) via DERBY;ÁGUAS BELAS(PE);RECIFE - DANTAS BARRETO(PE);10200660;05:50:00;VOLTA;QUINTA-FEIRA;LITORAL
VIACAO PROGRESSO;RECIFE(PE) - ÁGUAS BELAS(PE) via DERBY;RECIFE - DANTAS BARRETO(PE);ÁGUAS BELAS(PE);10200705;12:30:00;IDA;QUINTA-FEIRA;LITORAL
VIACAO PROGRESSO;RECIFE(PE) - ARACAJU(SE) ;ARACAJU(SE);RECIFE(PE);10201480;22:30:00;VOLTA;SEXTA-FEIRA;LITORAL
VIACAO PROGRESSO;RECIFE(PE) - ARACAJU(SE) ;RECIFE(PE);ARACAJU(SE);10201485;22:30:00;IDA;SEXTA-FEIRA;LITORAL
VIACAO PROGRESSO;RECIFE(PE) - ARACAJU(SE) ;RECIFE(PE);ARACAJU(SE);10301485;22:30:00;IDA;SEXTA-FEIRA;LITORAL
VIACAO PROGRESSO;RECIFE(PE) - ARACAJU(SE) ;ARACAJU(SE);RECIFE(PE);10301480;22:30:00;VOLTA;SEXTA-FEIRA;LITORAL
VIACAO PROGRESSO;RECIFE(PE) - ARACAJU(SE) ;ARACAJU(SE);RECIFE(PE);10301480;22:30:00;VOLTA;SABADO;LITORAL
VIACAO PROGRESSO;RECIFE(PE) - ARACAJU(SE) ;RECIFE(PE);ARACAJU(SE);10301485;22:30:00;IDA;SABADO;LITORAL
VIACAO PROGRESSO;RECIFE(PE) - ARACAJU(SE) ;ARACAJU(SE);RECIFE(PE);10201480;22:30:00;VOLTA;SABADO;LITORAL
VIACAO PROGRESSO;RECIFE(PE) - ARACAJU(SE) ;RECIFE(PE);ARACAJU(SE);10201485;22:30:00;IDA;SABADO;LITORAL
VIACAO PROGRESSO;RECIFE(PE) - ARACAJU(SE) ;ARACAJU(SE);RECIFE(PE);10201480;22:30:00;VOLTA;DOMINGO;LITORAL
VIACAO PROGRESSO;RECIFE(PE) - ARACAJU(SE) ;RECIFE(PE);ARACAJU(SE);10201485;22:30:00;IDA;DOMINGO;LITORAL
VIACAO PROGRESSO;RECIFE(PE) - ARACAJU(SE) ;RECIFE(PE);ARACAJU(SE);10301485;22:30:00;IDA;DOMINGO;LITORAL
VIACAO PROGRESSO;RECIFE(PE) - ARACAJU(SE) ;ARACAJU(SE);RECIFE(PE);10301480;22:30:00;VOLTA;DOMINGO;LITORAL
VIACAO PROGRESSO;RECIFE(PE) - ARACAJU(SE) ;RECIFE(PE);ARACAJU(SE);10201485;22:30:00;IDA;SEGUNDA-FEIRA;LITORAL
VIACAO PROGRESSO;RECIFE(PE) - ARACAJU(SE) ;RECIFE(PE);ARACAJU(SE);10301485;22:30:00;IDA;SEGUNDA-FEIRA;LITORAL
VIACAO PROGRESSO;RECIFE(PE) - ARACAJU(SE) ;ARACAJU(SE);RECIFE(PE);10201480;22:30:00;VOLTA;SEGUNDA-FEIRA;LITORAL
VIACAO PROGRESSO;RECIFE(PE) - ARACAJU(SE) ;ARACAJU(SE);RECIFE(PE);10301480;22:30:00;VOLTA;SEGUNDA-FEIRA;LITORAL
VIACAO PROGRESSO;RECIFE(PE) - ARACAJU(SE) ;ARACAJU(SE);RECIFE(PE);10301480;22:30:00;VOLTA;TERCA-FEIRA;LITORAL
VIACAO PROGRESSO;RECIFE(PE) - ARACAJU(SE) ;ARACAJU(SE);RECIFE(PE);10201480;22:30:00;VOLTA;TERCA-FEIRA;LITORAL
VIACAO PROGRESSO;RECIFE(PE) - ARACAJU(SE) ;RECIFE(PE);ARACAJU(SE);10301485;22:30:00;IDA;TERCA-FEIRA;LITORAL
VIACAO PROGRESSO;RECIFE(PE) - ARACAJU(SE) ;RECIFE(PE);ARACAJU(SE);10201485;22:30:00;IDA;TERCA-FEIRA;LITORAL
VIACAO PROGRESSO;RECIFE(PE) - ARACAJU(SE) ;ARACAJU(SE);RECIFE(PE);10301480;22:30:00;VOLTA;QUARTA-FEIRA;LITORAL
VIACAO PROGRESSO;RECIFE(PE) - ARACAJU(SE) ;RECIFE(PE);ARACAJU(SE);10201485;22:30:00;IDA;QUARTA-FEIRA;LITORAL
VIACAO PROGRESSO;RECIFE(PE) - ARACAJU(SE) ;RECIFE(PE);ARACAJU(SE);10301485;22:30:00;IDA;QUARTA-FEIRA;LITORAL
VIACAO PROGRESSO;RECIFE(PE) - ARACAJU(SE) ;ARACAJU(SE);RECIFE(PE);10201480;22:30:00;VOLTA;QUARTA-FEIRA;LITORAL
VIACAO PROGRESSO;RECIFE(PE) - ARACAJU(SE) ;ARACAJU(SE);RECIFE(PE);10201480;22:30:00;VOLTA;QUINTA-FEIRA;LITORAL
VIACAO PROGRESSO;RECIFE(PE) - ARACAJU(SE) ;ARACAJU(SE);RECIFE(PE);10301480;22:30:00;VOLTA;QUINTA-FEIRA;LITORAL
VIACAO PROGRESSO;RECIFE(PE) - ARACAJU(SE) ;RECIFE(PE);ARACAJU(SE);10201485;22:30:00;IDA;QUINTA-FEIRA;LITORAL
VIACAO PROGRESSO;RECIFE(PE) - ARACAJU(SE) ;RECIFE(PE);ARACAJU(SE);10301485;22:30:00;IDA;QUINTA-FEIRA;LITORAL
VIACAO PROGRESSO;RECIFE(PE) - ARARIPINA(PE);ARARIPINA(PE);RECIFE(PE);10301860;07:00:00;VOLTA;SEXTA-FEIRA;NORDESTE
VIACAO PROGRESSO;RECIFE(PE) - ARARIPINA(PE);ARARIPINA(PE);RECIFE(PE);10100080;07:00:00;VOLTA;SEXTA-FEIRA;NORDESTE
VIACAO PROGRESSO;RECIFE(PE) - ARARIPINA(PE);RECIFE(PE);ARARIPINA(PE);10300085;07:30:00;IDA;SEXTA-FEIRA;LITORAL
VIACAO PROGRESSO;RECIFE(PE) - ARARIPINA(PE);RECIFE(PE);ARARIPINA(PE);10100085;07:30:00;IDA;SEXTA-FEIRA;LITORAL
VIACAO PROGRESSO;RECIFE(PE) - ARARIPINA(PE);ARARIPINA(PE);RECIFE(PE);10301040;19:00:00;VOLTA;SEXTA-FEIRA;NORDESTE
VIACAO PROGRESSO;RECIFE(PE) - ARARIPINA(PE);ARARIPINA(PE);RECIFE(PE);10201040;19:00:00;VOLTA;SEXTA-FEIRA;NORDESTE
VIACAO PROGRESSO;RECIFE(PE) - ARARIPINA(PE);RECIFE(PE);ARARIPINA(PE);10302285;19:30:00;IDA;SEXTA-FEIRA;LITORAL
VIACAO PROGRESSO;RECIFE(PE) - ARARIPINA(PE);RECIFE(PE);ARARIPINA(PE);10202285;19:30:00;IDA;SEXTA-FEIRA;LITORAL
VIACAO PROGRESSO;RECIFE(PE) - ARARIPINA(PE);RECIFE(PE);ARARIPINA(PE);10200095;19:40:00;IDA;SEXTA-FEIRA;LITORAL
VIACAO PROGRESSO;RECIFE(PE) - ARARIPINA(PE);RECIFE(PE);ARARIPINA(PE);10300085;07:30:00;IDA;SABADO;LITORAL
VIACAO PROGRESSO;RECIFE(PE) - ARARIPINA(PE);RECIFE(PE);ARARIPINA(PE);10100085;07:30:00;IDA;SABADO;LITORAL
VIACAO PROGRESSO;RECIFE(PE) - ARARIPINA(PE);ARARIPINA(PE);RECIFE(PE);10201040;19:00:00;VOLTA;SABADO;NORDESTE
VIACAO PROGRESSO;RECIFE(PE) - ARARIPINA(PE);ARARIPINA(PE);RECIFE(PE);10301040;19:00:00;VOLTA;SABADO;NORDESTE
VIACAO PROGRESSO;RECIFE(PE) - ARARIPINA(PE);RECIFE(PE);ARARIPINA(PE);10302285;19:30:00;IDA;SABADO;LITORAL
VIACAO PROGRESSO;RECIFE(PE) - ARARIPINA(PE);RECIFE(PE);ARARIPINA(PE);10202285;19:30:00;IDA;SABADO;LITORAL
VIACAO PROGRESSO;RECIFE(PE) - ARARIPINA(PE);ARARIPINA(PE);RECIFE(PE);10100080;07:00:00;VOLTA;DOMINGO;NORDESTE
VIACAO PROGRESSO;RECIFE(PE) - ARARIPINA(PE);ARARIPINA(PE);RECIFE(PE);10301860;07:00:00;VOLTA;DOMINGO;NORDESTE
VIACAO PROGRESSO;RECIFE(PE) - ARARIPINA(PE);RECIFE(PE);ARARIPINA(PE);10300085;07:30:00;IDA;DOMINGO;LITORAL
VIACAO PROGRESSO;RECIFE(PE) - ARARIPINA(PE);RECIFE(PE);ARARIPINA(PE);10100085;07:30:00;IDA;DOMINGO;LITORAL
VIACAO PROGRESSO;RECIFE(PE) - ARARIPINA(PE);ARARIPINA(PE);RECIFE(PE);10200100;16:00:00;VOLTA;DOMINGO;NORDESTE
VIACAO PROGRESSO;RECIFE(PE) - ARARIPINA(PE);ARARIPINA(PE);RECIFE(PE);10201040;19:00:00;VOLTA;DOMINGO;NORDESTE
VIACAO PROGRESSO;RECIFE(PE) - ARARIPINA(PE);ARARIPINA(PE);RECIFE(PE);10301040;19:00:00;VOLTA;DOMINGO;NORDESTE
VIACAO PROGRESSO;RECIFE(PE) - ARARIPINA(PE);RECIFE(PE);ARARIPINA(PE);10202285;19:30:00;IDA;DOMINGO;LITORAL
VIACAO PROGRESSO;RECIFE(PE) - ARARIPINA(PE);RECIFE(PE);ARARIPINA(PE);10302285;19:30:00;IDA;DOMINGO;LITORAL
VIACAO PROGRESSO;RECIFE(PE) - ARARIPINA(PE);ARARIPINA(PE);RECIFE(PE);10301860;07:00:00;VOLTA;SEGUNDA-FEIRA;NORDESTE
VIACAO PROGRESSO;RECIFE(PE) - ARARIPINA(PE);ARARIPINA(PE);RECIFE(PE);10100080;07:00:00;VOLTA;SEGUNDA-FEIRA;NORDESTE
VIACAO PROGRESSO;RECIFE(PE) - ARARIPINA(PE);RECIFE(PE);ARARIPINA(PE);10300085;07:30:00;IDA;SEGUNDA-FEIRA;LITORAL
VIACAO PROGRESSO;RECIFE(PE) - ARARIPINA(PE);RECIFE(PE);ARARIPINA(PE);10100085;07:30:00;IDA;SEGUNDA-FEIRA;LITORAL
VIACAO PROGRESSO;RECIFE(PE) - ARARIPINA(PE);ARARIPINA(PE);RECIFE(PE);10200100;16:00:00;VOLTA;SEGUNDA-FEIRA;NORDESTE
VIACAO PROGRESSO;RECIFE(PE) - ARARIPINA(PE);ARARIPINA(PE);RECIFE(PE);10201040;19:00:00;VOLTA;SEGUNDA-FEIRA;NORDESTE
VIACAO PROGRESSO;RECIFE(PE) - ARARIPINA(PE);ARARIPINA(PE);RECIFE(PE);10301040;19:00:00;VOLTA;SEGUNDA-FEIRA;NORDESTE
VIACAO PROGRESSO;RECIFE(PE) - ARARIPINA(PE);RECIFE(PE);ARARIPINA(PE);10200095;19:40:00;IDA;SEGUNDA-FEIRA;LITORAL
VIACAO PROGRESSO;RECIFE(PE) - ARARIPINA(PE);ARARIPINA(PE);RECIFE(PE);10301860;07:00:00;VOLTA;TERCA-FEIRA;NORDESTE
VIACAO PROGRESSO;RECIFE(PE) - ARARIPINA(PE);ARARIPINA(PE);RECIFE(PE);10100080;07:00:00;VOLTA;TERCA-FEIRA;NORDESTE
VIACAO PROGRESSO;RECIFE(PE) - ARARIPINA(PE);RECIFE(PE);ARARIPINA(PE);10300085;07:30:00;IDA;TERCA-FEIRA;LITORAL
VIACAO PROGRESSO;RECIFE(PE) - ARARIPINA(PE);RECIFE(PE);ARARIPINA(PE);10100085;07:30:00;IDA;TERCA-FEIRA;LITORAL
VIACAO PROGRESSO;RECIFE(PE) - ARARIPINA(PE);ARARIPINA(PE);RECIFE(PE);10200100;16:00:00;VOLTA;TERCA-FEIRA;NORDESTE
VIACAO PROGRESSO;RECIFE(PE) - ARARIPINA(PE);RECIFE(PE);ARARIPINA(PE);10302285;19:30:00;IDA;TERCA-FEIRA;LITORAL
VIACAO PROGRESSO;RECIFE(PE) - ARARIPINA(PE);RECIFE(PE);ARARIPINA(PE);10202285;19:30:00;IDA;TERCA-FEIRA;LITORAL
VIACAO PROGRESSO;RECIFE(PE) - ARARIPINA(PE);RECIFE(PE);ARARIPINA(PE);10200095;19:40:00;IDA;TERCA-FEIRA;LITORAL
VIACAO PROGRESSO;RECIFE(PE) - ARARIPINA(PE);ARARIPINA(PE);RECIFE(PE);10100080;07:00:00;VOLTA;QUARTA-FEIRA;NORDESTE
VIACAO PROGRESSO;RECIFE(PE) - ARARIPINA(PE);ARARIPINA(PE);RECIFE(PE);10301860;07:00:00;VOLTA;QUARTA-FEIRA;NORDESTE
VIACAO PROGRESSO;RECIFE(PE) - ARARIPINA(PE);RECIFE(PE);ARARIPINA(PE);10100085;07:30:00;IDA;QUARTA-FEIRA;LITORAL
VIACAO PROGRESSO;RECIFE(PE) - ARARIPINA(PE);RECIFE(PE);ARARIPINA(PE);10300085;07:30:00;IDA;QUARTA-FEIRA;LITORAL
VIACAO PROGRESSO;RECIFE(PE) - ARARIPINA(PE);ARARIPINA(PE);RECIFE(PE);10200100;16:00:00;VOLTA;QUARTA-FEIRA;NORDESTE
VIACAO PROGRESSO;RECIFE(PE) - ARARIPINA(PE);ARARIPINA(PE);RECIFE(PE);10301040;19:00:00;VOLTA;QUARTA-FEIRA;NORDESTE
VIACAO PROGRESSO;RECIFE(PE) - ARARIPINA(PE);ARARIPINA(PE);RECIFE(PE);10201040;19:00:00;VOLTA;QUARTA-FEIRA;NORDESTE
VIACAO PROGRESSO;RECIFE(PE) - ARARIPINA(PE);RECIFE(PE);ARARIPINA(PE);10302285;19:30:00;IDA;QUARTA-FEIRA;LITORAL
VIACAO PROGRESSO;RECIFE(PE) - ARARIPINA(PE);RECIFE(PE);ARARIPINA(PE);10202285;19:30:00;IDA;QUARTA-FEIRA;LITORAL
VIACAO PROGRESSO;RECIFE(PE) - ARARIPINA(PE);RECIFE(PE);ARARIPINA(PE);10200095;19:40:00;IDA;QUARTA-FEIRA;LITORAL
VIACAO PROGRESSO;RECIFE(PE) - ARARIPINA(PE);ARARIPINA(PE);RECIFE(PE);10100080;07:00:00;VOLTA;QUINTA-FEIRA;NORDESTE
VIACAO PROGRESSO;RECIFE(PE) - ARARIPINA(PE);ARARIPINA(PE);RECIFE(PE);10301860;07:00:00;VOLTA;QUINTA-FEIRA;NORDESTE
VIACAO PROGRESSO;RECIFE(PE) - ARARIPINA(PE);RECIFE(PE);ARARIPINA(PE);10100085;07:30:00;IDA;QUINTA-FEIRA;LITORAL
VIACAO PROGRESSO;RECIFE(PE) - ARARIPINA(PE);RECIFE(PE);ARARIPINA(PE);10300085;07:30:00;IDA;QUINTA-FEIRA;LITORAL
VIACAO PROGRESSO;RECIFE(PE) - ARARIPINA(PE);ARARIPINA(PE);RECIFE(PE);10200100;16:00:00;VOLTA;QUINTA-FEIRA;NORDESTE
VIACAO PROGRESSO;RECIFE(PE) - ARARIPINA(PE);ARARIPINA(PE);RECIFE(PE);10301040;19:00:00;VOLTA;QUINTA-FEIRA;NORDESTE
VIACAO PROGRESSO;RECIFE(PE) - ARARIPINA(PE);ARARIPINA(PE);RECIFE(PE);10201040;19:00:00;VOLTA;QUINTA-FEIRA;NORDESTE
VIACAO PROGRESSO;RECIFE(PE) - ARARIPINA(PE);RECIFE(PE);ARARIPINA(PE);10202285;19:30:00;IDA;QUINTA-FEIRA;LITORAL
VIACAO PROGRESSO;RECIFE(PE) - ARARIPINA(PE);RECIFE(PE);ARARIPINA(PE);10302285;19:30:00;IDA;QUINTA-FEIRA;LITORAL
VIACAO PROGRESSO;RECIFE(PE) - ARARIPINA(PE);RECIFE(PE);ARARIPINA(PE);10200095;19:40:00;IDA;QUINTA-FEIRA;LITORAL
VIACAO PROGRESSO;RECIFE(PE) - BODOCÓ(PE)  via Exu;BODOCÓ(PE);RECIFE(PE);10300160;18:00:00;VOLTA;SEXTA-FEIRA;NORDESTE
VIACAO PROGRESSO;RECIFE(PE) - BODOCÓ(PE)  via Exu;BODOCÓ(PE);RECIFE(PE);10200160;18:00:00;VOLTA;SEXTA-FEIRA;NORDESTE
VIACAO PROGRESSO;RECIFE(PE) - BODOCÓ(PE)  via Exu;RECIFE(PE);BODOCÓ(PE);10300165;20:50:00;IDA;SEXTA-FEIRA;LITORAL
VIACAO PROGRESSO;RECIFE(PE) - BODOCÓ(PE)  via Exu;RECIFE(PE);BODOCÓ(PE);10100165;20:50:00;IDA;SEXTA-FEIRA;LITORAL
VIACAO PROGRESSO;RECIFE(PE) - BODOCÓ(PE)  via Exu;BODOCÓ(PE);RECIFE(PE);10200160;18:00:00;VOLTA;DOMINGO;NORDESTE
VIACAO PROGRESSO;RECIFE(PE) - BODOCÓ(PE)  via Exu;BODOCÓ(PE);RECIFE(PE);10300160;18:00:00;VOLTA;DOMINGO;NORDESTE
VIACAO PROGRESSO;RECIFE(PE) - BODOCÓ(PE)  via Exu;RECIFE(PE);BODOCÓ(PE);10300165;20:50:00;IDA;DOMINGO;LITORAL
VIACAO PROGRESSO;RECIFE(PE) - BODOCÓ(PE)  via Exu;RECIFE(PE);BODOCÓ(PE);10200165;20:50:00;IDA;DOMINGO;LITORAL
VIACAO PROGRESSO;RECIFE(PE) - BODOCÓ(PE)  via Exu;BODOCÓ(PE);RECIFE(PE);10300160;18:00:00;VOLTA;SEGUNDA-FEIRA;NORDESTE
VIACAO PROGRESSO;RECIFE(PE) - BODOCÓ(PE)  via Exu;BODOCÓ(PE);RECIFE(PE);10100160;18:00:00;VOLTA;SEGUNDA-FEIRA;NORDESTE
VIACAO PROGRESSO;RECIFE(PE) - BODOCÓ(PE)  via Exu;RECIFE(PE);BODOCÓ(PE);10300165;20:50:00;IDA;SEGUNDA-FEIRA;LITORAL
VIACAO PROGRESSO;RECIFE(PE) - BODOCÓ(PE)  via Exu;RECIFE(PE);BODOCÓ(PE);10100165;20:50:00;IDA;SEGUNDA-FEIRA;LITORAL
VIACAO PROGRESSO;RECIFE(PE) - BODOCÓ(PE)  via Exu;BODOCÓ(PE);RECIFE(PE);10200160;18:00:00;VOLTA;TERCA-FEIRA;NORDESTE
VIACAO PROGRESSO;RECIFE(PE) - BODOCÓ(PE)  via Exu;BODOCÓ(PE);RECIFE(PE);10300160;18:00:00;VOLTA;TERCA-FEIRA;NORDESTE
VIACAO PROGRESSO;RECIFE(PE) - BODOCÓ(PE)  via Exu;RECIFE(PE);BODOCÓ(PE);10200165;20:50:00;IDA;TERCA-FEIRA;LITORAL
VIACAO PROGRESSO;RECIFE(PE) - BODOCÓ(PE)  via Exu;RECIFE(PE);BODOCÓ(PE);10300165;20:50:00;IDA;TERCA-FEIRA;LITORAL
VIACAO PROGRESSO;RECIFE(PE) - BODOCÓ(PE)  via Exu;BODOCÓ(PE);RECIFE(PE);10200160;18:00:00;VOLTA;QUARTA-FEIRA;NORDESTE
VIACAO PROGRESSO;RECIFE(PE) - BODOCÓ(PE)  via Exu;BODOCÓ(PE);RECIFE(PE);10300160;18:00:00;VOLTA;QUARTA-FEIRA;NORDESTE
VIACAO PROGRESSO;RECIFE(PE) - BODOCÓ(PE)  via Exu;RECIFE(PE);BODOCÓ(PE);10300165;20:50:00;IDA;QUARTA-FEIRA;LITORAL
VIACAO PROGRESSO;RECIFE(PE) - BODOCÓ(PE)  via Exu;RECIFE(PE);BODOCÓ(PE);10100165;20:50:00;IDA;QUARTA-FEIRA;LITORAL
VIACAO PROGRESSO;RECIFE(PE) - BODOCÓ(PE)  via Exu;BODOCÓ(PE);RECIFE(PE);10300160;18:00:00;VOLTA;QUINTA-FEIRA;NORDESTE
VIACAO PROGRESSO;RECIFE(PE) - BODOCÓ(PE)  via Exu;BODOCÓ(PE);RECIFE(PE);10200160;18:00:00;VOLTA;QUINTA-FEIRA;NORDESTE
VIACAO PROGRESSO;RECIFE(PE) - BODOCÓ(PE)  via Exu;RECIFE(PE);BODOCÓ(PE);10200165;20:50:00;IDA;QUINTA-FEIRA;LITORAL
VIACAO PROGRESSO;RECIFE(PE) - BODOCÓ(PE)  via Exu;RECIFE(PE);BODOCÓ(PE);10300165;20:50:00;IDA;QUINTA-FEIRA;LITORAL
VIACAO PROGRESSO;RECIFE(PE) - BOM CONSELHO(PE) via DERBY ;BOM CONSELHO(PE);RECIFE - DANTAS BARRETO(PE);10100670;08:00:00;VOLTA;SEXTA-FEIRA;LITORAL
VIACAO PROGRESSO;RECIFE(PE) - BOM CONSELHO(PE) via DERBY ;RECIFE - DANTAS BARRETO(PE);BOM CONSELHO(PE);10201785;08:00:00;IDA;SEXTA-FEIRA;LITORAL
VIACAO PROGRESSO;RECIFE(PE) - BOM CONSELHO(PE) via DERBY ;RECIFE - DANTAS BARRETO(PE);BOM CONSELHO(PE);10301785;08:00:00;IDA;SEXTA-FEIRA;LITORAL
VIACAO PROGRESSO;RECIFE(PE) - BOM CONSELHO(PE) via DERBY ;BOM CONSELHO(PE);RECIFE - DANTAS BARRETO(PE);10300670;08:00:00;VOLTA;SEXTA-FEIRA;LITORAL
VIACAO PROGRESSO;RECIFE(PE) - BOM CONSELHO(PE) via DERBY ;RECIFE - DANTAS BARRETO(PE);BOM CONSELHO(PE);10100725;14:00:00;IDA;SEXTA-FEIRA;LITORAL
VIACAO PROGRESSO;RECIFE(PE) - BOM CONSELHO(PE) via DERBY ;BOM CONSELHO(PE);RECIFE - DANTAS BARRETO(PE);10300690;14:00:00;VOLTA;SEXTA-FEIRA;LITORAL
VIACAO PROGRESSO;RECIFE(PE) - BOM CONSELHO(PE) via DERBY ;RECIFE - DANTAS BARRETO(PE);BOM CONSELHO(PE);10301925;14:00:00;IDA;SEXTA-FEIRA;LITORAL
VIACAO PROGRESSO;RECIFE(PE) - BOM CONSELHO(PE) via DERBY ;BOM CONSELHO(PE);RECIFE - DANTAS BARRETO(PE);10201760;14:00:00;VOLTA;SEXTA-FEIRA;LITORAL
VIACAO PROGRESSO;RECIFE(PE) - BOM CONSELHO(PE) via DERBY ;BOM CONSELHO(PE);RECIFE - DANTAS BARRETO(PE);10300670;08:00:00;VOLTA;SABADO;LITORAL
VIACAO PROGRESSO;RECIFE(PE) - BOM CONSELHO(PE) via DERBY ;RECIFE - DANTAS BARRETO(PE);BOM CONSELHO(PE);10301785;08:00:00;IDA;SABADO;LITORAL
VIACAO PROGRESSO;RECIFE(PE) - BOM CONSELHO(PE) via DERBY ;RECIFE - DANTAS BARRETO(PE);BOM CONSELHO(PE);10201785;08:00:00;IDA;SABADO;LITORAL
VIACAO PROGRESSO;RECIFE(PE) - BOM CONSELHO(PE) via DERBY ;BOM CONSELHO(PE);RECIFE - DANTAS BARRETO(PE);10100670;08:00:00;VOLTA;SABADO;LITORAL
VIACAO PROGRESSO;RECIFE(PE) - BOM CONSELHO(PE) via DERBY ;RECIFE - DANTAS BARRETO(PE);BOM CONSELHO(PE);10301925;14:00:00;IDA;SABADO;LITORAL
VIACAO PROGRESSO;RECIFE(PE) - BOM CONSELHO(PE) via DERBY ;BOM CONSELHO(PE);RECIFE - DANTAS BARRETO(PE);10201760;14:00:00;VOLTA;SABADO;LITORAL
VIACAO PROGRESSO;RECIFE(PE) - BOM CONSELHO(PE) via DERBY ;RECIFE - DANTAS BARRETO(PE);BOM CONSELHO(PE);10100725;14:00:00;IDA;SABADO;LITORAL
VIACAO PROGRESSO;RECIFE(PE) - BOM CONSELHO(PE) via DERBY ;BOM CONSELHO(PE);RECIFE - DANTAS BARRETO(PE);10300690;14:00:00;VOLTA;SABADO;LITORAL
VIACAO PROGRESSO;RECIFE(PE) - BOM CONSELHO(PE) via DERBY ;BOM CONSELHO(PE);RECIFE - DANTAS BARRETO(PE);10100670;08:00:00;VOLTA;DOMINGO;LITORAL
VIACAO PROGRESSO;RECIFE(PE) - BOM CONSELHO(PE) via DERBY ;RECIFE - DANTAS BARRETO(PE);BOM CONSELHO(PE);10201785;08:00:00;IDA;DOMINGO;LITORAL
VIACAO PROGRESSO;RECIFE(PE) - BOM CONSELHO(PE) via DERBY ;RECIFE - DANTAS BARRETO(PE);BOM CONSELHO(PE);10301785;08:00:00;IDA;DOMINGO;LITORAL
VIACAO PROGRESSO;RECIFE(PE) - BOM CONSELHO(PE) via DERBY ;BOM CONSELHO(PE);RECIFE - DANTAS BARRETO(PE);10300670;08:00:00;VOLTA;DOMINGO;LITORAL
VIACAO PROGRESSO;RECIFE(PE) - BOM CONSELHO(PE) via DERBY ;RECIFE - DANTAS BARRETO(PE);BOM CONSELHO(PE);10301925;14:00:00;IDA;DOMINGO;LITORAL
VIACAO PROGRESSO;RECIFE(PE) - BOM CONSELHO(PE) via DERBY ;BOM CONSELHO(PE);RECIFE - DANTAS BARRETO(PE);10300690;14:00:00;VOLTA;DOMINGO;LITORAL
VIACAO PROGRESSO;RECIFE(PE) - BOM CONSELHO(PE) via DERBY ;BOM CONSELHO(PE);RECIFE - DANTAS BARRETO(PE);10201760;14:00:00;VOLTA;DOMINGO;LITORAL
VIACAO PROGRESSO;RECIFE(PE) - BOM CONSELHO(PE) via DERBY ;RECIFE - DANTAS BARRETO(PE);BOM CONSELHO(PE);10100725;14:00:00;IDA;DOMINGO;LITORAL
VIACAO PROGRESSO;RECIFE(PE) - BOM CONSELHO(PE) via DERBY ;RECIFE - DANTAS BARRETO(PE);BOM CONSELHO(PE);10301785;08:00:00;IDA;SEGUNDA-FEIRA;LITORAL
VIACAO PROGRESSO;RECIFE(PE) - BOM CONSELHO(PE) via DERBY ;BOM CONSELHO(PE);RECIFE - DANTAS BARRETO(PE);10100670;08:00:00;VOLTA;SEGUNDA-FEIRA;LITORAL
VIACAO PROGRESSO;RECIFE(PE) - BOM CONSELHO(PE) via DERBY ;RECIFE - DANTAS BARRETO(PE);BOM CONSELHO(PE);10201785;08:00:00;IDA;SEGUNDA-FEIRA;LITORAL
VIACAO PROGRESSO;RECIFE(PE) - BOM CONSELHO(PE) via DERBY ;BOM CONSELHO(PE);RECIFE - DANTAS BARRETO(PE);10300670;08:00:00;VOLTA;SEGUNDA-FEIRA;LITORAL
VIACAO PROGRESSO;RECIFE(PE) - BOM CONSELHO(PE) via DERBY ;BOM CONSELHO(PE);RECIFE - DANTAS BARRETO(PE);10201760;14:00:00;VOLTA;SEGUNDA-FEIRA;LITORAL
VIACAO PROGRESSO;RECIFE(PE) - BOM CONSELHO(PE) via DERBY ;RECIFE - DANTAS BARRETO(PE);BOM CONSELHO(PE);10100725;14:00:00;IDA;SEGUNDA-FEIRA;LITORAL
VIACAO PROGRESSO;RECIFE(PE) - BOM CONSELHO(PE) via DERBY ;RECIFE - DANTAS BARRETO(PE);BOM CONSELHO(PE);10301925;14:00:00;IDA;SEGUNDA-FEIRA;LITORAL
VIACAO PROGRESSO;RECIFE(PE) - BOM CONSELHO(PE) via DERBY ;BOM CONSELHO(PE);RECIFE - DANTAS BARRETO(PE);10300690;14:00:00;VOLTA;SEGUNDA-FEIRA;LITORAL
VIACAO PROGRESSO;RECIFE(PE) - BOM CONSELHO(PE) via DERBY ;RECIFE - DANTAS BARRETO(PE);BOM CONSELHO(PE);10301785;08:00:00;IDA;TERCA-FEIRA;LITORAL
VIACAO PROGRESSO;RECIFE(PE) - BOM CONSELHO(PE) via DERBY ;BOM CONSELHO(PE);RECIFE - DANTAS BARRETO(PE);10300670;08:00:00;VOLTA;TERCA-FEIRA;LITORAL
VIACAO PROGRESSO;RECIFE(PE) - BOM CONSELHO(PE) via DERBY ;BOM CONSELHO(PE);RECIFE - DANTAS BARRETO(PE);10100670;08:00:00;VOLTA;TERCA-FEIRA;LITORAL
VIACAO PROGRESSO;RECIFE(PE) - BOM CONSELHO(PE) via DERBY ;RECIFE - DANTAS BARRETO(PE);BOM CONSELHO(PE);10201785;08:00:00;IDA;TERCA-FEIRA;LITORAL
VIACAO PROGRESSO;RECIFE(PE) - BOM CONSELHO(PE) via DERBY ;BOM CONSELHO(PE);RECIFE - DANTAS BARRETO(PE);10201760;14:00:00;VOLTA;TERCA-FEIRA;LITORAL
VIACAO PROGRESSO;RECIFE(PE) - BOM CONSELHO(PE) via DERBY ;BOM CONSELHO(PE);RECIFE - DANTAS BARRETO(PE);10300690;14:00:00;VOLTA;TERCA-FEIRA;LITORAL
VIACAO PROGRESSO;RECIFE(PE) - BOM CONSELHO(PE) via DERBY ;RECIFE - DANTAS BARRETO(PE);BOM CONSELHO(PE);10301925;14:00:00;IDA;TERCA-FEIRA;LITORAL
VIACAO PROGRESSO;RECIFE(PE) - BOM CONSELHO(PE) via DERBY ;RECIFE - DANTAS BARRETO(PE);BOM CONSELHO(PE);10100725;14:00:00;IDA;TERCA-FEIRA;LITORAL
VIACAO PROGRESSO;RECIFE(PE) - BOM CONSELHO(PE) via DERBY ;BOM CONSELHO(PE);RECIFE - DANTAS BARRETO(PE);10300670;08:00:00;VOLTA;QUARTA-FEIRA;LITORAL
VIACAO PROGRESSO;RECIFE(PE) - BOM CONSELHO(PE) via DERBY ;RECIFE - DANTAS BARRETO(PE);BOM CONSELHO(PE);10301785;08:00:00;IDA;QUARTA-FEIRA;LITORAL
VIACAO PROGRESSO;RECIFE(PE) - BOM CONSELHO(PE) via DERBY ;BOM CONSELHO(PE);RECIFE - DANTAS BARRETO(PE);10100670;08:00:00;VOLTA;QUARTA-FEIRA;LITORAL
VIACAO PROGRESSO;RECIFE(PE) - BOM CONSELHO(PE) via DERBY ;RECIFE - DANTAS BARRETO(PE);BOM CONSELHO(PE);10201785;08:00:00;IDA;QUARTA-FEIRA;LITORAL
VIACAO PROGRESSO;RECIFE(PE) - BOM CONSELHO(PE) via DERBY ;BOM CONSELHO(PE);RECIFE - DANTAS BARRETO(PE);10300690;14:00:00;VOLTA;QUARTA-FEIRA;LITORAL
VIACAO PROGRESSO;RECIFE(PE) - BOM CONSELHO(PE) via DERBY ;RECIFE - DANTAS BARRETO(PE);BOM CONSELHO(PE);10301925;14:00:00;IDA;QUARTA-FEIRA;LITORAL
VIACAO PROGRESSO;RECIFE(PE) - BOM CONSELHO(PE) via DERBY ;RECIFE - DANTAS BARRETO(PE);BOM CONSELHO(PE);10100725;14:00:00;IDA;QUARTA-FEIRA;LITORAL
VIACAO PROGRESSO;RECIFE(PE) - BOM CONSELHO(PE) via DERBY ;BOM CONSELHO(PE);RECIFE - DANTAS BARRETO(PE);10201760;14:00:00;VOLTA;QUARTA-FEIRA;LITORAL
VIACAO PROGRESSO;RECIFE(PE) - BOM CONSELHO(PE) via DERBY ;BOM CONSELHO(PE);RECIFE - DANTAS BARRETO(PE);10300670;08:00:00;VOLTA;QUINTA-FEIRA;LITORAL
VIACAO PROGRESSO;RECIFE(PE) - BOM CONSELHO(PE) via DERBY ;RECIFE - DANTAS BARRETO(PE);BOM CONSELHO(PE);10301785;08:00:00;IDA;QUINTA-FEIRA;LITORAL
VIACAO PROGRESSO;RECIFE(PE) - BOM CONSELHO(PE) via DERBY ;BOM CONSELHO(PE);RECIFE - DANTAS BARRETO(PE);10100670;08:00:00;VOLTA;QUINTA-FEIRA;LITORAL
VIACAO PROGRESSO;RECIFE(PE) - BOM CONSELHO(PE) via DERBY ;RECIFE - DANTAS BARRETO(PE);BOM CONSELHO(PE);10201785;08:00:00;IDA;QUINTA-FEIRA;LITORAL
VIACAO PROGRESSO;RECIFE(PE) - BOM CONSELHO(PE) via DERBY ;RECIFE - DANTAS BARRETO(PE);BOM CONSELHO(PE);10301925;14:00:00;IDA;QUINTA-FEIRA;LITORAL
VIACAO PROGRESSO;RECIFE(PE) - BOM CONSELHO(PE) via DERBY ;RECIFE - DANTAS BARRETO(PE);BOM CONSELHO(PE);10100725;14:00:00;IDA;QUINTA-FEIRA;LITORAL
VIACAO PROGRESSO;RECIFE(PE) - BOM CONSELHO(PE) via DERBY ;BOM CONSELHO(PE);RECIFE - DANTAS BARRETO(PE);10201760;14:00:00;VOLTA;QUINTA-FEIRA;LITORAL
VIACAO PROGRESSO;RECIFE(PE) - BOM CONSELHO(PE) via DERBY ;BOM CONSELHO(PE);RECIFE - DANTAS BARRETO(PE);10300690;14:00:00;VOLTA;QUINTA-FEIRA;LITORAL
VIACAO PROGRESSO;RECIFE(PE) - CABROBÓ(PE) via BELÉM DE SAO FRANCISCO;CABROBÓ(PE);RECIFE(PE);10200140;21:00:00;VOLTA;SEXTA-FEIRA;NORDESTE
VIACAO PROGRESSO;RECIFE(PE) - CABROBÓ(PE) via BELÉM DE SAO FRANCISCO;RECIFE(PE);CABROBÓ(PE);10200145;21:00:00;IDA;SEXTA-FEIRA;LITORAL
VIACAO PROGRESSO;RECIFE(PE) - CABROBÓ(PE) via BELÉM DE SAO FRANCISCO;CABROBÓ(PE);RECIFE(PE);10200140;21:00:00;VOLTA;DOMINGO;NORDESTE
VIACAO PROGRESSO;RECIFE(PE) - CABROBÓ(PE) via BELÉM DE SAO FRANCISCO;RECIFE(PE);CABROBÓ(PE);10200145;21:00:00;IDA;DOMINGO;LITORAL
VIACAO PROGRESSO;RECIFE(PE) - CABROBÓ(PE) via BELÉM DE SAO FRANCISCO;CABROBÓ(PE);RECIFE(PE);10200140;21:00:00;VOLTA;SEGUNDA-FEIRA;NORDESTE
VIACAO PROGRESSO;RECIFE(PE) - CABROBÓ(PE) via BELÉM DE SAO FRANCISCO;RECIFE(PE);CABROBÓ(PE);10200145;21:00:00;IDA;SEGUNDA-FEIRA;LITORAL
VIACAO PROGRESSO;RECIFE(PE) - CABROBÓ(PE) via BELÉM DE SAO FRANCISCO;RECIFE(PE);CABROBÓ(PE);10200145;21:00:00;IDA;TERCA-FEIRA;LITORAL
VIACAO PROGRESSO;RECIFE(PE) - CABROBÓ(PE) via BELÉM DE SAO FRANCISCO;CABROBÓ(PE);RECIFE(PE);10200140;21:00:00;VOLTA;TERCA-FEIRA;NORDESTE
VIACAO PROGRESSO;RECIFE(PE) - CABROBÓ(PE) via BELÉM DE SAO FRANCISCO;CABROBÓ(PE);RECIFE(PE);10200140;21:00:00;VOLTA;QUARTA-FEIRA;NORDESTE
VIACAO PROGRESSO;RECIFE(PE) - CABROBÓ(PE) via BELÉM DE SAO FRANCISCO;RECIFE(PE);CABROBÓ(PE);10200145;21:00:00;IDA;QUARTA-FEIRA;LITORAL
VIACAO PROGRESSO;RECIFE(PE) - CABROBÓ(PE) via BELÉM DE SAO FRANCISCO;CABROBÓ(PE);RECIFE(PE);10200140;21:00:00;VOLTA;QUINTA-FEIRA;NORDESTE
VIACAO PROGRESSO;RECIFE(PE) - CABROBÓ(PE) via BELÉM DE SAO FRANCISCO;RECIFE(PE);CABROBÓ(PE);10200145;21:00:00;IDA;QUINTA-FEIRA;LITORAL
VIACAO PROGRESSO;RECIFE(PE) - CARUARU(PE) ;RECIFE(PE);CARUARU(PE);10102295;06:00:00;IDA;SEXTA-FEIRA;LITORAL
VIACAO PROGRESSO;RECIFE(PE) - CARUARU(PE) ;CARUARU(PE);RECIFE(PE);10102230;06:00:00;VOLTA;SEXTA-FEIRA;LITORAL
VIACAO PROGRESSO;RECIFE(PE) - CARUARU(PE) ;CARUARU(PE);RECIFE(PE);10102240;07:00:00;VOLTA;SEXTA-FEIRA;LITORAL
VIACAO PROGRESSO;RECIFE(PE) - CARUARU(PE) ;RECIFE(PE);CARUARU(PE);10102305;07:00:00;IDA;SEXTA-FEIRA;LITORAL
VIACAO PROGRESSO;RECIFE(PE) - CARUARU(PE) ;RECIFE(PE);CARUARU(PE);10102325;09:00:00;IDA;SEXTA-FEIRA;LITORAL
VIACAO PROGRESSO;RECIFE(PE) - CARUARU(PE) ;CARUARU(PE);RECIFE(PE);10102260;09:00:00;VOLTA;SEXTA-FEIRA;LITORAL
VIACAO PROGRESSO;RECIFE(PE) - CARUARU(PE) ;CARUARU(PE);RECIFE(PE);10102270;10:00:00;VOLTA;SEXTA-FEIRA;LITORAL
VIACAO PROGRESSO;RECIFE(PE) - CARUARU(PE) ;RECIFE(PE);CARUARU(PE);10102335;10:00:00;IDA;SEXTA-FEIRA;LITORAL
VIACAO PROGRESSO;RECIFE(PE) - CARUARU(PE) ;RECIFE(PE);CARUARU(PE);10102345;11:00:00;IDA;SEXTA-FEIRA;LITORAL
VIACAO PROGRESSO;RECIFE(PE) - CARUARU(PE) ;CARUARU(PE);RECIFE(PE);10102280;11:00:00;VOLTA;SEXTA-FEIRA;LITORAL
VIACAO PROGRESSO;RECIFE(PE) - CARUARU(PE) ;RECIFE(PE);CARUARU(PE);10102365;13:00:00;IDA;SEXTA-FEIRA;LITORAL
VIACAO PROGRESSO;RECIFE(PE) - CARUARU(PE) ;CARUARU(PE);RECIFE(PE);10102300;13:00:00;VOLTA;SEXTA-FEIRA;LITORAL
VIACAO PROGRESSO;RECIFE(PE) - CARUARU(PE) ;CARUARU(PE);RECIFE(PE);10102310;14:00:00;VOLTA;SEXTA-FEIRA;LITORAL
VIACAO PROGRESSO;RECIFE(PE) - CARUARU(PE) ;RECIFE(PE);CARUARU(PE);10102375;14:00:00;IDA;SEXTA-FEIRA;LITORAL
VIACAO PROGRESSO;RECIFE(PE) - CARUARU(PE) ;RECIFE(PE);CARUARU(PE);10102385;15:00:00;IDA;SEXTA-FEIRA;LITORAL
VIACAO PROGRESSO;RECIFE(PE) - CARUARU(PE) ;CARUARU(PE);RECIFE(PE);10102320;15:00:00;VOLTA;SEXTA-FEIRA;LITORAL
VIACAO PROGRESSO;RECIFE(PE) - CARUARU(PE) ;RECIFE(PE);CARUARU(PE);10102395;16:00:00;IDA;SEXTA-FEIRA;LITORAL
VIACAO PROGRESSO;RECIFE(PE) - CARUARU(PE) ;CARUARU(PE);RECIFE(PE);10102330;16:00:00;VOLTA;SEXTA-FEIRA;LITORAL
VIACAO PROGRESSO;RECIFE(PE) - CARUARU(PE) ;CARUARU(PE);RECIFE(PE);10102340;17:00:00;VOLTA;SEXTA-FEIRA;LITORAL
VIACAO PROGRESSO;RECIFE(PE) - CARUARU(PE) ;RECIFE(PE);CARUARU(PE);10102405;17:00:00;IDA;SEXTA-FEIRA;LITORAL
VIACAO PROGRESSO;RECIFE(PE) - CARUARU(PE) ;RECIFE(PE);CARUARU(PE);10102295;06:00:00;IDA;SABADO;LITORAL
VIACAO PROGRESSO;RECIFE(PE) - CARUARU(PE) ;CARUARU(PE);RECIFE(PE);10102230;06:00:00;VOLTA;SABADO;LITORAL
VIACAO PROGRESSO;RECIFE(PE) - CARUARU(PE) ;CARUARU(PE);RECIFE(PE);10102250;08:00:00;VOLTA;SABADO;LITORAL
VIACAO PROGRESSO;RECIFE(PE) - CARUARU(PE) ;RECIFE(PE);CARUARU(PE);10102315;08:00:00;IDA;SABADO;LITORAL
VIACAO PROGRESSO;RECIFE(PE) - CARUARU(PE) ;CARUARU(PE);RECIFE(PE);10102270;10:00:00;VOLTA;SABADO;LITORAL
VIACAO PROGRESSO;RECIFE(PE) - CARUARU(PE) ;RECIFE(PE);CARUARU(PE);10102335;10:00:00;IDA;SABADO;LITORAL
VIACAO PROGRESSO;RECIFE(PE) - CARUARU(PE) ;RECIFE(PE);CARUARU(PE);10102355;12:00:00;IDA;SABADO;LITORAL
VIACAO PROGRESSO;RECIFE(PE) - CARUARU(PE) ;CARUARU(PE);RECIFE(PE);10102290;12:00:00;VOLTA;SABADO;LITORAL
VIACAO PROGRESSO;RECIFE(PE) - CARUARU(PE) ;CARUARU(PE);RECIFE(PE);10102310;14:00:00;VOLTA;SABADO;LITORAL
VIACAO PROGRESSO;RECIFE(PE) - CARUARU(PE) ;RECIFE(PE);CARUARU(PE);10102375;14:00:00;IDA;SABADO;LITORAL
VIACAO PROGRESSO;RECIFE(PE) - CARUARU(PE) ;CARUARU(PE);RECIFE(PE);10102330;16:00:00;VOLTA;SABADO;LITORAL
VIACAO PROGRESSO;RECIFE(PE) - CARUARU(PE) ;RECIFE(PE);CARUARU(PE);10102395;16:00:00;IDA;SABADO;LITORAL
VIACAO PROGRESSO;RECIFE(PE) - CARUARU(PE) ;CARUARU(PE);RECIFE(PE);10102340;17:00:00;VOLTA;SABADO;LITORAL
VIACAO PROGRESSO;RECIFE(PE) - CARUARU(PE) ;RECIFE(PE);CARUARU(PE);10102415;18:30:00;IDA;SABADO;LITORAL
VIACAO PROGRESSO;RECIFE(PE) - CARUARU(PE) ;CARUARU(PE);RECIFE(PE);10102230;06:00:00;VOLTA;DOMINGO;LITORAL
VIACAO PROGRESSO;RECIFE(PE) - CARUARU(PE) ;RECIFE(PE);CARUARU(PE);10102295;06:00:00;IDA;DOMINGO;LITORAL
VIACAO PROGRESSO;RECIFE(PE) - CARUARU(PE) ;CARUARU(PE);RECIFE(PE);10102250;08:00:00;VOLTA;DOMINGO;LITORAL
VIACAO PROGRESSO;RECIFE(PE) - CARUARU(PE) ;RECIFE(PE);CARUARU(PE);10102315;08:00:00;IDA;DOMINGO;LITORAL
VIACAO PROGRESSO;RECIFE(PE) - CARUARU(PE) ;RECIFE(PE);CARUARU(PE);10102335;10:00:00;IDA;DOMINGO;LITORAL
VIACAO PROGRESSO;RECIFE(PE) - CARUARU(PE) ;CARUARU(PE);RECIFE(PE);10102270;10:00:00;VOLTA;DOMINGO;LITORAL
VIACAO PROGRESSO;RECIFE(PE) - CARUARU(PE) ;RECIFE(PE);CARUARU(PE);10102355;12:00:00;IDA;DOMINGO;LITORAL
VIACAO PROGRESSO;RECIFE(PE) - CARUARU(PE) ;CARUARU(PE);RECIFE(PE);10102290;12:00:00;VOLTA;DOMINGO;LITORAL
VIACAO PROGRESSO;RECIFE(PE) - CARUARU(PE) ;CARUARU(PE);RECIFE(PE);10102310;14:00:00;VOLTA;DOMINGO;LITORAL
VIACAO PROGRESSO;RECIFE(PE) - CARUARU(PE) ;RECIFE(PE);CARUARU(PE);10102375;14:00:00;IDA;DOMINGO;LITORAL
VIACAO PROGRESSO;RECIFE(PE) - CARUARU(PE) ;CARUARU(PE);RECIFE(PE);10102330;16:00:00;VOLTA;DOMINGO;LITORAL
VIACAO PROGRESSO;RECIFE(PE) - CARUARU(PE) ;RECIFE(PE);CARUARU(PE);10102395;16:00:00;IDA;DOMINGO;LITORAL
VIACAO PROGRESSO;RECIFE(PE) - CARUARU(PE) ;CARUARU(PE);RECIFE(PE);10102340;17:00:00;VOLTA;DOMINGO;LITORAL
VIACAO PROGRESSO;RECIFE(PE) - CARUARU(PE) ;RECIFE(PE);CARUARU(PE);10102415;18:30:00;IDA;DOMINGO;LITORAL
VIACAO PROGRESSO;RECIFE(PE) - CARUARU(PE) ;CARUARU(PE);RECIFE(PE);10102230;06:00:00;VOLTA;SEGUNDA-FEIRA;LITORAL
VIACAO PROGRESSO;RECIFE(PE) - CARUARU(PE) ;RECIFE(PE);CARUARU(PE);10102295;06:00:00;IDA;SEGUNDA-FEIRA;LITORAL
VIACAO PROGRESSO;RECIFE(PE) - CARUARU(PE) ;CARUARU(PE);RECIFE(PE);10102240;07:00:00;VOLTA;SEGUNDA-FEIRA;LITORAL
VIACAO PROGRESSO;RECIFE(PE) - CARUARU(PE) ;RECIFE(PE);CARUARU(PE);10102305;07:00:00;IDA;SEGUNDA-FEIRA;LITORAL
VIACAO PROGRESSO;RECIFE(PE) - CARUARU(PE) ;RECIFE(PE);CARUARU(PE);10102325;09:00:00;IDA;SEGUNDA-FEIRA;LITORAL
VIACAO PROGRESSO;RECIFE(PE) - CARUARU(PE) ;CARUARU(PE);RECIFE(PE);10102260;09:00:00;VOLTA;SEGUNDA-FEIRA;LITORAL
VIACAO PROGRESSO;RECIFE(PE) - CARUARU(PE) ;CARUARU(PE);RECIFE(PE);10102270;10:00:00;VOLTA;SEGUNDA-FEIRA;LITORAL
VIACAO PROGRESSO;RECIFE(PE) - CARUARU(PE) ;RECIFE(PE);CARUARU(PE);10102335;10:00:00;IDA;SEGUNDA-FEIRA;LITORAL
VIACAO PROGRESSO;RECIFE(PE) - CARUARU(PE) ;RECIFE(PE);CARUARU(PE);10102345;11:00:00;IDA;SEGUNDA-FEIRA;LITORAL
VIACAO PROGRESSO;RECIFE(PE) - CARUARU(PE) ;CARUARU(PE);RECIFE(PE);10102280;11:00:00;VOLTA;SEGUNDA-FEIRA;LITORAL
VIACAO PROGRESSO;RECIFE(PE) - CARUARU(PE) ;RECIFE(PE);CARUARU(PE);10102365;13:00:00;IDA;SEGUNDA-FEIRA;LITORAL
VIACAO PROGRESSO;RECIFE(PE) - CARUARU(PE) ;CARUARU(PE);RECIFE(PE);10102300;13:00:00;VOLTA;SEGUNDA-FEIRA;LITORAL
VIACAO PROGRESSO;RECIFE(PE) - CARUARU(PE) ;RECIFE(PE);CARUARU(PE);10102375;14:00:00;IDA;SEGUNDA-FEIRA;LITORAL
VIACAO PROGRESSO;RECIFE(PE) - CARUARU(PE) ;CARUARU(PE);RECIFE(PE);10102310;14:00:00;VOLTA;SEGUNDA-FEIRA;LITORAL
VIACAO PROGRESSO;RECIFE(PE) - CARUARU(PE) ;CARUARU(PE);RECIFE(PE);10102320;15:00:00;VOLTA;SEGUNDA-FEIRA;LITORAL
VIACAO PROGRESSO;RECIFE(PE) - CARUARU(PE) ;RECIFE(PE);CARUARU(PE);10102385;15:00:00;IDA;SEGUNDA-FEIRA;LITORAL
VIACAO PROGRESSO;RECIFE(PE) - CARUARU(PE) ;RECIFE(PE);CARUARU(PE);10102395;16:00:00;IDA;SEGUNDA-FEIRA;LITORAL
VIACAO PROGRESSO;RECIFE(PE) - CARUARU(PE) ;CARUARU(PE);RECIFE(PE);10102330;16:00:00;VOLTA;SEGUNDA-FEIRA;LITORAL
VIACAO PROGRESSO;RECIFE(PE) - CARUARU(PE) ;RECIFE(PE);CARUARU(PE);10102405;17:00:00;IDA;SEGUNDA-FEIRA;LITORAL
VIACAO PROGRESSO;RECIFE(PE) - CARUARU(PE) ;CARUARU(PE);RECIFE(PE);10102340;17:00:00;VOLTA;SEGUNDA-FEIRA;LITORAL
VIACAO PROGRESSO;RECIFE(PE) - CARUARU(PE) ;CARUARU(PE);RECIFE(PE);10102230;06:00:00;VOLTA;TERCA-FEIRA;LITORAL
VIACAO PROGRESSO;RECIFE(PE) - CARUARU(PE) ;RECIFE(PE);CARUARU(PE);10102295;06:00:00;IDA;TERCA-FEIRA;LITORAL
VIACAO PROGRESSO;RECIFE(PE) - CARUARU(PE) ;RECIFE(PE);CARUARU(PE);10102305;07:00:00;IDA;TERCA-FEIRA;LITORAL
VIACAO PROGRESSO;RECIFE(PE) - CARUARU(PE) ;CARUARU(PE);RECIFE(PE);10102240;07:00:00;VOLTA;TERCA-FEIRA;LITORAL
VIACAO PROGRESSO;RECIFE(PE) - CARUARU(PE) ;CARUARU(PE);RECIFE(PE);10102260;09:00:00;VOLTA;TERCA-FEIRA;LITORAL
VIACAO PROGRESSO;RECIFE(PE) - CARUARU(PE) ;RECIFE(PE);CARUARU(PE);10102325;09:00:00;IDA;TERCA-FEIRA;LITORAL
VIACAO PROGRESSO;RECIFE(PE) - CARUARU(PE) ;CARUARU(PE);RECIFE(PE);10102270;10:00:00;VOLTA;TERCA-FEIRA;LITORAL
VIACAO PROGRESSO;RECIFE(PE) - CARUARU(PE) ;RECIFE(PE);CARUARU(PE);10102335;10:00:00;IDA;TERCA-FEIRA;LITORAL
VIACAO PROGRESSO;RECIFE(PE) - CARUARU(PE) ;RECIFE(PE);CARUARU(PE);10102345;11:00:00;IDA;TERCA-FEIRA;LITORAL
VIACAO PROGRESSO;RECIFE(PE) - CARUARU(PE) ;CARUARU(PE);RECIFE(PE);10102280;11:00:00;VOLTA;TERCA-FEIRA;LITORAL
VIACAO PROGRESSO;RECIFE(PE) - CARUARU(PE) ;CARUARU(PE);RECIFE(PE);10102300;13:00:00;VOLTA;TERCA-FEIRA;LITORAL
VIACAO PROGRESSO;RECIFE(PE) - CARUARU(PE) ;RECIFE(PE);CARUARU(PE);10102365;13:00:00;IDA;TERCA-FEIRA;LITORAL
VIACAO PROGRESSO;RECIFE(PE) - CARUARU(PE) ;RECIFE(PE);CARUARU(PE);10102375;14:00:00;IDA;TERCA-FEIRA;LITORAL
VIACAO PROGRESSO;RECIFE(PE) - CARUARU(PE) ;CARUARU(PE);RECIFE(PE);10102310;14:00:00;VOLTA;TERCA-FEIRA;LITORAL
VIACAO PROGRESSO;RECIFE(PE) - CARUARU(PE) ;RECIFE(PE);CARUARU(PE);10102385;15:00:00;IDA;TERCA-FEIRA;LITORAL
VIACAO PROGRESSO;RECIFE(PE) - CARUARU(PE) ;CARUARU(PE);RECIFE(PE);10102320;15:00:00;VOLTA;TERCA-FEIRA;LITORAL
VIACAO PROGRESSO;RECIFE(PE) - CARUARU(PE) ;CARUARU(PE);RECIFE(PE);10102330;16:00:00;VOLTA;TERCA-FEIRA;LITORAL
VIACAO PROGRESSO;RECIFE(PE) - CARUARU(PE) ;RECIFE(PE);CARUARU(PE);10102395;16:00:00;IDA;TERCA-FEIRA;LITORAL
VIACAO PROGRESSO;RECIFE(PE) - CARUARU(PE) ;CARUARU(PE);RECIFE(PE);10102340;17:00:00;VOLTA;TERCA-FEIRA;LITORAL
VIACAO PROGRESSO;RECIFE(PE) - CARUARU(PE) ;RECIFE(PE);CARUARU(PE);10102405;17:00:00;IDA;TERCA-FEIRA;LITORAL
VIACAO PROGRESSO;RECIFE(PE) - CARUARU(PE) ;RECIFE(PE);CARUARU(PE);10102295;06:00:00;IDA;QUARTA-FEIRA;LITORAL
VIACAO PROGRESSO;RECIFE(PE) - CARUARU(PE) ;CARUARU(PE);RECIFE(PE);10102230;06:00:00;VOLTA;QUARTA-FEIRA;LITORAL
VIACAO PROGRESSO;RECIFE(PE) - CARUARU(PE) ;CARUARU(PE);RECIFE(PE);10102240;07:00:00;VOLTA;QUARTA-FEIRA;LITORAL
VIACAO PROGRESSO;RECIFE(PE) - CARUARU(PE) ;RECIFE(PE);CARUARU(PE);10102305;07:00:00;IDA;QUARTA-FEIRA;LITORAL
VIACAO PROGRESSO;RECIFE(PE) - CARUARU(PE) ;CARUARU(PE);RECIFE(PE);10102260;09:00:00;VOLTA;QUARTA-FEIRA;LITORAL
VIACAO PROGRESSO;RECIFE(PE) - CARUARU(PE) ;RECIFE(PE);CARUARU(PE);10102325;09:00:00;IDA;QUARTA-FEIRA;LITORAL
VIACAO PROGRESSO;RECIFE(PE) - CARUARU(PE) ;CARUARU(PE);RECIFE(PE);10102270;10:00:00;VOLTA;QUARTA-FEIRA;LITORAL
VIACAO PROGRESSO;RECIFE(PE) - CARUARU(PE) ;RECIFE(PE);CARUARU(PE);10102335;10:00:00;IDA;QUARTA-FEIRA;LITORAL
VIACAO PROGRESSO;RECIFE(PE) - CARUARU(PE) ;CARUARU(PE);RECIFE(PE);10102280;11:00:00;VOLTA;QUARTA-FEIRA;LITORAL
VIACAO PROGRESSO;RECIFE(PE) - CARUARU(PE) ;RECIFE(PE);CARUARU(PE);10102345;11:00:00;IDA;QUARTA-FEIRA;LITORAL
VIACAO PROGRESSO;RECIFE(PE) - CARUARU(PE) ;CARUARU(PE);RECIFE(PE);10102300;13:00:00;VOLTA;QUARTA-FEIRA;LITORAL
VIACAO PROGRESSO;RECIFE(PE) - CARUARU(PE) ;RECIFE(PE);CARUARU(PE);10102365;13:00:00;IDA;QUARTA-FEIRA;LITORAL
VIACAO PROGRESSO;RECIFE(PE) - CARUARU(PE) ;CARUARU(PE);RECIFE(PE);10102310;14:00:00;VOLTA;QUARTA-FEIRA;LITORAL
VIACAO PROGRESSO;RECIFE(PE) - CARUARU(PE) ;RECIFE(PE);CARUARU(PE);10102375;14:00:00;IDA;QUARTA-FEIRA;LITORAL
VIACAO PROGRESSO;RECIFE(PE) - CARUARU(PE) ;RECIFE(PE);CARUARU(PE);10102385;15:00:00;IDA;QUARTA-FEIRA;LITORAL
VIACAO PROGRESSO;RECIFE(PE) - CARUARU(PE) ;CARUARU(PE);RECIFE(PE);10102320;15:00:00;VOLTA;QUARTA-FEIRA;LITORAL
VIACAO PROGRESSO;RECIFE(PE) - CARUARU(PE) ;RECIFE(PE);CARUARU(PE);10102395;16:00:00;IDA;QUARTA-FEIRA;LITORAL
VIACAO PROGRESSO;RECIFE(PE) - CARUARU(PE) ;CARUARU(PE);RECIFE(PE);10102330;16:00:00;VOLTA;QUARTA-FEIRA;LITORAL
VIACAO PROGRESSO;RECIFE(PE) - CARUARU(PE) ;RECIFE(PE);CARUARU(PE);10102405;17:00:00;IDA;QUARTA-FEIRA;LITORAL
VIACAO PROGRESSO;RECIFE(PE) - CARUARU(PE) ;CARUARU(PE);RECIFE(PE);10102340;17:00:00;VOLTA;QUARTA-FEIRA;LITORAL
VIACAO PROGRESSO;RECIFE(PE) - CARUARU(PE) ;RECIFE(PE);CARUARU(PE);10102295;06:00:00;IDA;QUINTA-FEIRA;LITORAL
VIACAO PROGRESSO;RECIFE(PE) - CARUARU(PE) ;CARUARU(PE);RECIFE(PE);10102230;06:00:00;VOLTA;QUINTA-FEIRA;LITORAL
VIACAO PROGRESSO;RECIFE(PE) - CARUARU(PE) ;RECIFE(PE);CARUARU(PE);10102305;07:00:00;IDA;QUINTA-FEIRA;LITORAL
VIACAO PROGRESSO;RECIFE(PE) - CARUARU(PE) ;CARUARU(PE);RECIFE(PE);10102240;07:00:00;VOLTA;QUINTA-FEIRA;LITORAL
VIACAO PROGRESSO;RECIFE(PE) - CARUARU(PE) ;RECIFE(PE);CARUARU(PE);10102325;09:00:00;IDA;QUINTA-FEIRA;LITORAL
VIACAO PROGRESSO;RECIFE(PE) - CARUARU(PE) ;CARUARU(PE);RECIFE(PE);10102260;09:00:00;VOLTA;QUINTA-FEIRA;LITORAL
VIACAO PROGRESSO;RECIFE(PE) - CARUARU(PE) ;RECIFE(PE);CARUARU(PE);10102335;10:00:00;IDA;QUINTA-FEIRA;LITORAL
VIACAO PROGRESSO;RECIFE(PE) - CARUARU(PE) ;CARUARU(PE);RECIFE(PE);10102270;10:00:00;VOLTA;QUINTA-FEIRA;LITORAL
VIACAO PROGRESSO;RECIFE(PE) - CARUARU(PE) ;CARUARU(PE);RECIFE(PE);10102280;11:00:00;VOLTA;QUINTA-FEIRA;LITORAL
VIACAO PROGRESSO;RECIFE(PE) - CARUARU(PE) ;RECIFE(PE);CARUARU(PE);10102345;11:00:00;IDA;QUINTA-FEIRA;LITORAL
VIACAO PROGRESSO;RECIFE(PE) - CARUARU(PE) ;CARUARU(PE);RECIFE(PE);10102300;13:00:00;VOLTA;QUINTA-FEIRA;LITORAL
VIACAO PROGRESSO;RECIFE(PE) - CARUARU(PE) ;RECIFE(PE);CARUARU(PE);10102365;13:00:00;IDA;QUINTA-FEIRA;LITORAL
VIACAO PROGRESSO;RECIFE(PE) - CARUARU(PE) ;CARUARU(PE);RECIFE(PE);10102310;14:00:00;VOLTA;QUINTA-FEIRA;LITORAL
VIACAO PROGRESSO;RECIFE(PE) - CARUARU(PE) ;RECIFE(PE);CARUARU(PE);10102375;14:00:00;IDA;QUINTA-FEIRA;LITORAL
VIACAO PROGRESSO;RECIFE(PE) - CARUARU(PE) ;RECIFE(PE);CARUARU(PE);10102385;15:00:00;IDA;QUINTA-FEIRA;LITORAL
VIACAO PROGRESSO;RECIFE(PE) - CARUARU(PE) ;CARUARU(PE);RECIFE(PE);10102320;15:00:00;VOLTA;QUINTA-FEIRA;LITORAL
VIACAO PROGRESSO;RECIFE(PE) - CARUARU(PE) ;CARUARU(PE);RECIFE(PE);10102330;16:00:00;VOLTA;QUINTA-FEIRA;LITORAL
VIACAO PROGRESSO;RECIFE(PE) - CARUARU(PE) ;RECIFE(PE);CARUARU(PE);10102395;16:00:00;IDA;QUINTA-FEIRA;LITORAL
VIACAO PROGRESSO;RECIFE(PE) - CARUARU(PE) ;CARUARU(PE);RECIFE(PE);10102340;17:00:00;VOLTA;QUINTA-FEIRA;LITORAL
VIACAO PROGRESSO;RECIFE(PE) - CARUARU(PE) ;RECIFE(PE);CARUARU(PE);10102405;17:00:00;IDA;QUINTA-FEIRA;LITORAL
VIACAO PROGRESSO;RECIFE(PE) - CARUARU(PE) - EXPRESSO;CARUARU(PE);RECIFE(PE);10202360;05:30:00;VOLTA;SEXTA-FEIRA;LITORAL
VIACAO PROGRESSO;RECIFE(PE) - CARUARU(PE) - EXPRESSO;RECIFE(PE);CARUARU(PE);10202425;05:30:00;IDA;SEXTA-FEIRA;LITORAL
VIACAO PROGRESSO;RECIFE(PE) - CARUARU(PE) - EXPRESSO;RECIFE(PE);CARUARU(PE);10202055;06:30:00;IDA;SEXTA-FEIRA;LITORAL
VIACAO PROGRESSO;RECIFE(PE) - CARUARU(PE) - EXPRESSO;CARUARU(PE);RECIFE(PE);10202020;06:30:00;VOLTA;SEXTA-FEIRA;LITORAL
VIACAO PROGRESSO;RECIFE(PE) - CARUARU(PE) - EXPRESSO;CARUARU(PE);RECIFE(PE);10202040;07:30:00;VOLTA;SEXTA-FEIRA;LITORAL
VIACAO PROGRESSO;RECIFE(PE) - CARUARU(PE) - EXPRESSO;RECIFE(PE);CARUARU(PE);10202205;07:30:00;IDA;SEXTA-FEIRA;LITORAL
VIACAO PROGRESSO;RECIFE(PE) - CARUARU(PE) - EXPRESSO;CARUARU(PE);RECIFE(PE);10202050;08:30:00;VOLTA;SEXTA-FEIRA;LITORAL
VIACAO PROGRESSO;RECIFE(PE) - CARUARU(PE) - EXPRESSO;RECIFE(PE);CARUARU(PE);10202085;08:30:00;IDA;SEXTA-FEIRA;LITORAL
VIACAO PROGRESSO;RECIFE(PE) - CARUARU(PE) - EXPRESSO;CARUARU(PE);RECIFE(PE);10202070;10:30:00;VOLTA;SEXTA-FEIRA;LITORAL
VIACAO PROGRESSO;RECIFE(PE) - CARUARU(PE) - EXPRESSO;RECIFE(PE);CARUARU(PE);10202105;10:30:00;IDA;SEXTA-FEIRA;LITORAL
VIACAO PROGRESSO;RECIFE(PE) - CARUARU(PE) - EXPRESSO;CARUARU(PE);RECIFE(PE);10202080;11:30:00;VOLTA;SEXTA-FEIRA;LITORAL
VIACAO PROGRESSO;RECIFE(PE) - CARUARU(PE) - EXPRESSO;RECIFE(PE);CARUARU(PE);10202115;11:30:00;IDA;SEXTA-FEIRA;LITORAL
VIACAO PROGRESSO;RECIFE(PE) - CARUARU(PE) - EXPRESSO;RECIFE(PE);CARUARU(PE);10202125;12:30:00;IDA;SEXTA-FEIRA;LITORAL
VIACAO PROGRESSO;RECIFE(PE) - CARUARU(PE) - EXPRESSO;CARUARU(PE);RECIFE(PE);10202090;12:30:00;VOLTA;SEXTA-FEIRA;LITORAL
VIACAO PROGRESSO;RECIFE(PE) - CARUARU(PE) - EXPRESSO;RECIFE(PE);CARUARU(PE);10202145;14:30:00;IDA;SEXTA-FEIRA;LITORAL
VIACAO PROGRESSO;RECIFE(PE) - CARUARU(PE) - EXPRESSO;CARUARU(PE);RECIFE(PE);10202110;14:30:00;VOLTA;SEXTA-FEIRA;LITORAL
VIACAO PROGRESSO;RECIFE(PE) - CARUARU(PE) - EXPRESSO;RECIFE(PE);CARUARU(PE);10202155;15:30:00;IDA;SEXTA-FEIRA;LITORAL
VIACAO PROGRESSO;RECIFE(PE) - CARUARU(PE) - EXPRESSO;CARUARU(PE);RECIFE(PE);10202120;15:30:00;VOLTA;SEXTA-FEIRA;LITORAL
VIACAO PROGRESSO;RECIFE(PE) - CARUARU(PE) - EXPRESSO;CARUARU(PE);RECIFE(PE);10202130;16:30:00;VOLTA;SEXTA-FEIRA;LITORAL
VIACAO PROGRESSO;RECIFE(PE) - CARUARU(PE) - EXPRESSO;RECIFE(PE);CARUARU(PE);10202165;16:30:00;IDA;SEXTA-FEIRA;LITORAL
VIACAO PROGRESSO;RECIFE(PE) - CARUARU(PE) - EXPRESSO;CARUARU(PE);RECIFE(PE);10202140;17:30:00;VOLTA;SEXTA-FEIRA;LITORAL
VIACAO PROGRESSO;RECIFE(PE) - CARUARU(PE) - EXPRESSO;RECIFE(PE);CARUARU(PE);10202175;17:30:00;IDA;SEXTA-FEIRA;LITORAL
VIACAO PROGRESSO;RECIFE(PE) - CARUARU(PE) - EXPRESSO;CARUARU(PE);RECIFE(PE);10202360;05:30:00;VOLTA;SABADO;LITORAL
VIACAO PROGRESSO;RECIFE(PE) - CARUARU(PE) - EXPRESSO;CARUARU(PE);RECIFE(PE);10202020;06:30:00;VOLTA;SABADO;LITORAL
VIACAO PROGRESSO;RECIFE(PE) - CARUARU(PE) - EXPRESSO;RECIFE(PE);CARUARU(PE);10202055;06:30:00;IDA;SABADO;LITORAL
VIACAO PROGRESSO;RECIFE(PE) - CARUARU(PE) - EXPRESSO;CARUARU(PE);RECIFE(PE);10202050;08:30:00;VOLTA;SABADO;LITORAL
VIACAO PROGRESSO;RECIFE(PE) - CARUARU(PE) - EXPRESSO;RECIFE(PE);CARUARU(PE);10202085;08:30:00;IDA;SABADO;LITORAL
VIACAO PROGRESSO;RECIFE(PE) - CARUARU(PE) - EXPRESSO;CARUARU(PE);RECIFE(PE);10202070;10:30:00;VOLTA;SABADO;LITORAL
VIACAO PROGRESSO;RECIFE(PE) - CARUARU(PE) - EXPRESSO;RECIFE(PE);CARUARU(PE);10202105;10:30:00;IDA;SABADO;LITORAL
VIACAO PROGRESSO;RECIFE(PE) - CARUARU(PE) - EXPRESSO;CARUARU(PE);RECIFE(PE);10202080;11:30:00;VOLTA;SABADO;LITORAL
VIACAO PROGRESSO;RECIFE(PE) - CARUARU(PE) - EXPRESSO;RECIFE(PE);CARUARU(PE);10202115;11:30:00;IDA;SABADO;LITORAL
VIACAO PROGRESSO;RECIFE(PE) - CARUARU(PE) - EXPRESSO;CARUARU(PE);RECIFE(PE);10202110;14:30:00;VOLTA;SABADO;LITORAL
VIACAO PROGRESSO;RECIFE(PE) - CARUARU(PE) - EXPRESSO;RECIFE(PE);CARUARU(PE);10202145;14:30:00;IDA;SABADO;LITORAL
VIACAO PROGRESSO;RECIFE(PE) - CARUARU(PE) - EXPRESSO;CARUARU(PE);RECIFE(PE);10202130;16:30:00;VOLTA;SABADO;LITORAL
VIACAO PROGRESSO;RECIFE(PE) - CARUARU(PE) - EXPRESSO;RECIFE(PE);CARUARU(PE);10202165;16:30:00;IDA;SABADO;LITORAL
VIACAO PROGRESSO;RECIFE(PE) - CARUARU(PE) - EXPRESSO;RECIFE(PE);CARUARU(PE);10202175;17:30:00;IDA;SABADO;LITORAL
VIACAO PROGRESSO;RECIFE(PE) - CARUARU(PE) - EXPRESSO;CARUARU(PE);RECIFE(PE);10202360;05:30:00;VOLTA;DOMINGO;LITORAL
VIACAO PROGRESSO;RECIFE(PE) - CARUARU(PE) - EXPRESSO;CARUARU(PE);RECIFE(PE);10202020;06:30:00;VOLTA;DOMINGO;LITORAL
VIACAO PROGRESSO;RECIFE(PE) - CARUARU(PE) - EXPRESSO;RECIFE(PE);CARUARU(PE);10202055;06:30:00;IDA;DOMINGO;LITORAL
VIACAO PROGRESSO;RECIFE(PE) - CARUARU(PE) - EXPRESSO;RECIFE(PE);CARUARU(PE);10202085;08:30:00;IDA;DOMINGO;LITORAL
VIACAO PROGRESSO;RECIFE(PE) - CARUARU(PE) - EXPRESSO;CARUARU(PE);RECIFE(PE);10202050;08:30:00;VOLTA;DOMINGO;LITORAL
VIACAO PROGRESSO;RECIFE(PE) - CARUARU(PE) - EXPRESSO;CARUARU(PE);RECIFE(PE);10202070;10:30:00;VOLTA;DOMINGO;LITORAL
VIACAO PROGRESSO;RECIFE(PE) - CARUARU(PE) - EXPRESSO;RECIFE(PE);CARUARU(PE);10202105;10:30:00;IDA;DOMINGO;LITORAL
VIACAO PROGRESSO;RECIFE(PE) - CARUARU(PE) - EXPRESSO;CARUARU(PE);RECIFE(PE);10202080;11:30:00;VOLTA;DOMINGO;LITORAL
VIACAO PROGRESSO;RECIFE(PE) - CARUARU(PE) - EXPRESSO;RECIFE(PE);CARUARU(PE);10202115;11:30:00;IDA;DOMINGO;LITORAL
VIACAO PROGRESSO;RECIFE(PE) - CARUARU(PE) - EXPRESSO;CARUARU(PE);RECIFE(PE);10202110;14:30:00;VOLTA;DOMINGO;LITORAL
VIACAO PROGRESSO;RECIFE(PE) - CARUARU(PE) - EXPRESSO;RECIFE(PE);CARUARU(PE);10202145;14:30:00;IDA;DOMINGO;LITORAL
VIACAO PROGRESSO;RECIFE(PE) - CARUARU(PE) - EXPRESSO;CARUARU(PE);RECIFE(PE);10202130;16:30:00;VOLTA;DOMINGO;LITORAL
VIACAO PROGRESSO;RECIFE(PE) - CARUARU(PE) - EXPRESSO;RECIFE(PE);CARUARU(PE);10202165;16:30:00;IDA;DOMINGO;LITORAL
VIACAO PROGRESSO;RECIFE(PE) - CARUARU(PE) - EXPRESSO;RECIFE(PE);CARUARU(PE);10202175;17:30:00;IDA;DOMINGO;LITORAL
VIACAO PROGRESSO;RECIFE(PE) - CARUARU(PE) - EXPRESSO;CARUARU(PE);RECIFE(PE);10202360;05:30:00;VOLTA;SEGUNDA-FEIRA;LITORAL
VIACAO PROGRESSO;RECIFE(PE) - CARUARU(PE) - EXPRESSO;RECIFE(PE);CARUARU(PE);10202425;05:30:00;IDA;SEGUNDA-FEIRA;LITORAL
VIACAO PROGRESSO;RECIFE(PE) - CARUARU(PE) - EXPRESSO;RECIFE(PE);CARUARU(PE);10202055;06:30:00;IDA;SEGUNDA-FEIRA;LITORAL
VIACAO PROGRESSO;RECIFE(PE) - CARUARU(PE) - EXPRESSO;CARUARU(PE);RECIFE(PE);10202020;06:30:00;VOLTA;SEGUNDA-FEIRA;LITORAL
VIACAO PROGRESSO;RECIFE(PE) - CARUARU(PE) - EXPRESSO;CARUARU(PE);RECIFE(PE);10202040;07:30:00;VOLTA;SEGUNDA-FEIRA;LITORAL
VIACAO PROGRESSO;RECIFE(PE) - CARUARU(PE) - EXPRESSO;RECIFE(PE);CARUARU(PE);10202205;07:30:00;IDA;SEGUNDA-FEIRA;LITORAL
VIACAO PROGRESSO;RECIFE(PE) - CARUARU(PE) - EXPRESSO;RECIFE(PE);CARUARU(PE);10202085;08:30:00;IDA;SEGUNDA-FEIRA;LITORAL
VIACAO PROGRESSO;RECIFE(PE) - CARUARU(PE) - EXPRESSO;CARUARU(PE);RECIFE(PE);10202050;08:30:00;VOLTA;SEGUNDA-FEIRA;LITORAL
VIACAO PROGRESSO;RECIFE(PE) - CARUARU(PE) - EXPRESSO;RECIFE(PE);CARUARU(PE);10202105;10:30:00;IDA;SEGUNDA-FEIRA;LITORAL
VIACAO PROGRESSO;RECIFE(PE) - CARUARU(PE) - EXPRESSO;CARUARU(PE);RECIFE(PE);10202070;10:30:00;VOLTA;SEGUNDA-FEIRA;LITORAL
VIACAO PROGRESSO;RECIFE(PE) - CARUARU(PE) - EXPRESSO;RECIFE(PE);CARUARU(PE);10202115;11:30:00;IDA;SEGUNDA-FEIRA;LITORAL
VIACAO PROGRESSO;RECIFE(PE) - CARUARU(PE) - EXPRESSO;CARUARU(PE);RECIFE(PE);10202080;11:30:00;VOLTA;SEGUNDA-FEIRA;LITORAL
VIACAO PROGRESSO;RECIFE(PE) - CARUARU(PE) - EXPRESSO;CARUARU(PE);RECIFE(PE);10202090;12:30:00;VOLTA;SEGUNDA-FEIRA;LITORAL
VIACAO PROGRESSO;RECIFE(PE) - CARUARU(PE) - EXPRESSO;RECIFE(PE);CARUARU(PE);10202125;12:30:00;IDA;SEGUNDA-FEIRA;LITORAL
VIACAO PROGRESSO;RECIFE(PE) - CARUARU(PE) - EXPRESSO;CARUARU(PE);RECIFE(PE);10202110;14:30:00;VOLTA;SEGUNDA-FEIRA;LITORAL
VIACAO PROGRESSO;RECIFE(PE) - CARUARU(PE) - EXPRESSO;RECIFE(PE);CARUARU(PE);10202145;14:30:00;IDA;SEGUNDA-FEIRA;LITORAL
VIACAO PROGRESSO;RECIFE(PE) - CARUARU(PE) - EXPRESSO;RECIFE(PE);CARUARU(PE);10202155;15:30:00;IDA;SEGUNDA-FEIRA;LITORAL
VIACAO PROGRESSO;RECIFE(PE) - CARUARU(PE) - EXPRESSO;CARUARU(PE);RECIFE(PE);10202120;15:30:00;VOLTA;SEGUNDA-FEIRA;LITORAL
VIACAO PROGRESSO;RECIFE(PE) - CARUARU(PE) - EXPRESSO;CARUARU(PE);RECIFE(PE);10202130;16:30:00;VOLTA;SEGUNDA-FEIRA;LITORAL
VIACAO PROGRESSO;RECIFE(PE) - CARUARU(PE) - EXPRESSO;RECIFE(PE);CARUARU(PE);10202165;16:30:00;IDA;SEGUNDA-FEIRA;LITORAL
VIACAO PROGRESSO;RECIFE(PE) - CARUARU(PE) - EXPRESSO;CARUARU(PE);RECIFE(PE);10202140;17:30:00;VOLTA;SEGUNDA-FEIRA;LITORAL
VIACAO PROGRESSO;RECIFE(PE) - CARUARU(PE) - EXPRESSO;RECIFE(PE);CARUARU(PE);10202175;17:30:00;IDA;SEGUNDA-FEIRA;LITORAL
VIACAO PROGRESSO;RECIFE(PE) - CARUARU(PE) - EXPRESSO;CARUARU(PE);RECIFE(PE);10202360;05:30:00;VOLTA;TERCA-FEIRA;LITORAL
VIACAO PROGRESSO;RECIFE(PE) - CARUARU(PE) - EXPRESSO;RECIFE(PE);CARUARU(PE);10202425;05:30:00;IDA;TERCA-FEIRA;LITORAL
VIACAO PROGRESSO;RECIFE(PE) - CARUARU(PE) - EXPRESSO;RECIFE(PE);CARUARU(PE);10202055;06:30:00;IDA;TERCA-FEIRA;LITORAL
VIACAO PROGRESSO;RECIFE(PE) - CARUARU(PE) - EXPRESSO;CARUARU(PE);RECIFE(PE);10202020;06:30:00;VOLTA;TERCA-FEIRA;LITORAL
VIACAO PROGRESSO;RECIFE(PE) - CARUARU(PE) - EXPRESSO;CARUARU(PE);RECIFE(PE);10202040;07:30:00;VOLTA;TERCA-FEIRA;LITORAL
VIACAO PROGRESSO;RECIFE(PE) - CARUARU(PE) - EXPRESSO;RECIFE(PE);CARUARU(PE);10202205;07:30:00;IDA;TERCA-FEIRA;LITORAL
VIACAO PROGRESSO;RECIFE(PE) - CARUARU(PE) - EXPRESSO;RECIFE(PE);CARUARU(PE);10202085;08:30:00;IDA;TERCA-FEIRA;LITORAL
VIACAO PROGRESSO;RECIFE(PE) - CARUARU(PE) - EXPRESSO;CARUARU(PE);RECIFE(PE);10202050;08:30:00;VOLTA;TERCA-FEIRA;LITORAL
VIACAO PROGRESSO;RECIFE(PE) - CARUARU(PE) - EXPRESSO;RECIFE(PE);CARUARU(PE);10202105;10:30:00;IDA;TERCA-FEIRA;LITORAL
VIACAO PROGRESSO;RECIFE(PE) - CARUARU(PE) - EXPRESSO;CARUARU(PE);RECIFE(PE);10202070;10:30:00;VOLTA;TERCA-FEIRA;LITORAL
VIACAO PROGRESSO;RECIFE(PE) - CARUARU(PE) - EXPRESSO;CARUARU(PE);RECIFE(PE);10202080;11:30:00;VOLTA;TERCA-FEIRA;LITORAL
VIACAO PROGRESSO;RECIFE(PE) - CARUARU(PE) - EXPRESSO;RECIFE(PE);CARUARU(PE);10202115;11:30:00;IDA;TERCA-FEIRA;LITORAL
VIACAO PROGRESSO;RECIFE(PE) - CARUARU(PE) - EXPRESSO;CARUARU(PE);RECIFE(PE);10202090;12:30:00;VOLTA;TERCA-FEIRA;LITORAL
VIACAO PROGRESSO;RECIFE(PE) - CARUARU(PE) - EXPRESSO;RECIFE(PE);CARUARU(PE);10202125;12:30:00;IDA;TERCA-FEIRA;LITORAL
VIACAO PROGRESSO;RECIFE(PE) - CARUARU(PE) - EXPRESSO;CARUARU(PE);RECIFE(PE);10202110;14:30:00;VOLTA;TERCA-FEIRA;LITORAL
VIACAO PROGRESSO;RECIFE(PE) - CARUARU(PE) - EXPRESSO;RECIFE(PE);CARUARU(PE);10202145;14:30:00;IDA;TERCA-FEIRA;LITORAL
VIACAO PROGRESSO;RECIFE(PE) - CARUARU(PE) - EXPRESSO;CARUARU(PE);RECIFE(PE);10202120;15:30:00;VOLTA;TERCA-FEIRA;LITORAL
VIACAO PROGRESSO;RECIFE(PE) - CARUARU(PE) - EXPRESSO;RECIFE(PE);CARUARU(PE);10202155;15:30:00;IDA;TERCA-FEIRA;LITORAL
VIACAO PROGRESSO;RECIFE(PE) - CARUARU(PE) - EXPRESSO;RECIFE(PE);CARUARU(PE);10202165;16:30:00;IDA;TERCA-FEIRA;LITORAL
VIACAO PROGRESSO;RECIFE(PE) - CARUARU(PE) - EXPRESSO;CARUARU(PE);RECIFE(PE);10202130;16:30:00;VOLTA;TERCA-FEIRA;LITORAL
VIACAO PROGRESSO;RECIFE(PE) - CARUARU(PE) - EXPRESSO;RECIFE(PE);CARUARU(PE);10202175;17:30:00;IDA;TERCA-FEIRA;LITORAL
VIACAO PROGRESSO;RECIFE(PE) - CARUARU(PE) - EXPRESSO;CARUARU(PE);RECIFE(PE);10202140;17:30:00;VOLTA;TERCA-FEIRA;LITORAL
VIACAO PROGRESSO;RECIFE(PE) - CARUARU(PE) - EXPRESSO;CARUARU(PE);RECIFE(PE);10202360;05:30:00;VOLTA;QUARTA-FEIRA;LITORAL
VIACAO PROGRESSO;RECIFE(PE) - CARUARU(PE) - EXPRESSO;RECIFE(PE);CARUARU(PE);10202425;05:30:00;IDA;QUARTA-FEIRA;LITORAL
VIACAO PROGRESSO;RECIFE(PE) - CARUARU(PE) - EXPRESSO;CARUARU(PE);RECIFE(PE);10202020;06:30:00;VOLTA;QUARTA-FEIRA;LITORAL
VIACAO PROGRESSO;RECIFE(PE) - CARUARU(PE) - EXPRESSO;RECIFE(PE);CARUARU(PE);10202055;06:30:00;IDA;QUARTA-FEIRA;LITORAL
VIACAO PROGRESSO;RECIFE(PE) - CARUARU(PE) - EXPRESSO;CARUARU(PE);RECIFE(PE);10202040;07:30:00;VOLTA;QUARTA-FEIRA;LITORAL
VIACAO PROGRESSO;RECIFE(PE) - CARUARU(PE) - EXPRESSO;RECIFE(PE);CARUARU(PE);10202205;07:30:00;IDA;QUARTA-FEIRA;LITORAL
VIACAO PROGRESSO;RECIFE(PE) - CARUARU(PE) - EXPRESSO;RECIFE(PE);CARUARU(PE);10202085;08:30:00;IDA;QUARTA-FEIRA;LITORAL
VIACAO PROGRESSO;RECIFE(PE) - CARUARU(PE) - EXPRESSO;CARUARU(PE);RECIFE(PE);10202050;08:30:00;VOLTA;QUARTA-FEIRA;LITORAL
VIACAO PROGRESSO;RECIFE(PE) - CARUARU(PE) - EXPRESSO;CARUARU(PE);RECIFE(PE);10202070;10:30:00;VOLTA;QUARTA-FEIRA;LITORAL
VIACAO PROGRESSO;RECIFE(PE) - CARUARU(PE) - EXPRESSO;RECIFE(PE);CARUARU(PE);10202105;10:30:00;IDA;QUARTA-FEIRA;LITORAL
VIACAO PROGRESSO;RECIFE(PE) - CARUARU(PE) - EXPRESSO;RECIFE(PE);CARUARU(PE);10202115;11:30:00;IDA;QUARTA-FEIRA;LITORAL
VIACAO PROGRESSO;RECIFE(PE) - CARUARU(PE) - EXPRESSO;CARUARU(PE);RECIFE(PE);10202080;11:30:00;VOLTA;QUARTA-FEIRA;LITORAL
VIACAO PROGRESSO;RECIFE(PE) - CARUARU(PE) - EXPRESSO;RECIFE(PE);CARUARU(PE);10202125;12:30:00;IDA;QUARTA-FEIRA;LITORAL
VIACAO PROGRESSO;RECIFE(PE) - CARUARU(PE) - EXPRESSO;CARUARU(PE);RECIFE(PE);10202090;12:30:00;VOLTA;QUARTA-FEIRA;LITORAL
VIACAO PROGRESSO;RECIFE(PE) - CARUARU(PE) - EXPRESSO;CARUARU(PE);RECIFE(PE);10202110;14:30:00;VOLTA;QUARTA-FEIRA;LITORAL
VIACAO PROGRESSO;RECIFE(PE) - CARUARU(PE) - EXPRESSO;RECIFE(PE);CARUARU(PE);10202145;14:30:00;IDA;QUARTA-FEIRA;LITORAL
VIACAO PROGRESSO;RECIFE(PE) - CARUARU(PE) - EXPRESSO;RECIFE(PE);CARUARU(PE);10202155;15:30:00;IDA;QUARTA-FEIRA;LITORAL
VIACAO PROGRESSO;RECIFE(PE) - CARUARU(PE) - EXPRESSO;CARUARU(PE);RECIFE(PE);10202120;15:30:00;VOLTA;QUARTA-FEIRA;LITORAL
VIACAO PROGRESSO;RECIFE(PE) - CARUARU(PE) - EXPRESSO;CARUARU(PE);RECIFE(PE);10202130;16:30:00;VOLTA;QUARTA-FEIRA;LITORAL
VIACAO PROGRESSO;RECIFE(PE) - CARUARU(PE) - EXPRESSO;RECIFE(PE);CARUARU(PE);10202165;16:30:00;IDA;QUARTA-FEIRA;LITORAL
VIACAO PROGRESSO;RECIFE(PE) - CARUARU(PE) - EXPRESSO;CARUARU(PE);RECIFE(PE);10202140;17:30:00;VOLTA;QUARTA-FEIRA;LITORAL
VIACAO PROGRESSO;RECIFE(PE) - CARUARU(PE) - EXPRESSO;RECIFE(PE);CARUARU(PE);10202175;17:30:00;IDA;QUARTA-FEIRA;LITORAL
VIACAO PROGRESSO;RECIFE(PE) - CARUARU(PE) - EXPRESSO;CARUARU(PE);RECIFE(PE);10202360;05:30:00;VOLTA;QUINTA-FEIRA;LITORAL
VIACAO PROGRESSO;RECIFE(PE) - CARUARU(PE) - EXPRESSO;RECIFE(PE);CARUARU(PE);10202425;05:30:00;IDA;QUINTA-FEIRA;LITORAL
VIACAO PROGRESSO;RECIFE(PE) - CARUARU(PE) - EXPRESSO;RECIFE(PE);CARUARU(PE);10202055;06:30:00;IDA;QUINTA-FEIRA;LITORAL
VIACAO PROGRESSO;RECIFE(PE) - CARUARU(PE) - EXPRESSO;CARUARU(PE);RECIFE(PE);10202020;06:30:00;VOLTA;QUINTA-FEIRA;LITORAL
VIACAO PROGRESSO;RECIFE(PE) - CARUARU(PE) - EXPRESSO;CARUARU(PE);RECIFE(PE);10202040;07:30:00;VOLTA;QUINTA-FEIRA;LITORAL
VIACAO PROGRESSO;RECIFE(PE) - CARUARU(PE) - EXPRESSO;RECIFE(PE);CARUARU(PE);10202205;07:30:00;IDA;QUINTA-FEIRA;LITORAL
VIACAO PROGRESSO;RECIFE(PE) - CARUARU(PE) - EXPRESSO;CARUARU(PE);RECIFE(PE);10202050;08:30:00;VOLTA;QUINTA-FEIRA;LITORAL
VIACAO PROGRESSO;RECIFE(PE) - CARUARU(PE) - EXPRESSO;RECIFE(PE);CARUARU(PE);10202085;08:30:00;IDA;QUINTA-FEIRA;LITORAL
VIACAO PROGRESSO;RECIFE(PE) - CARUARU(PE) - EXPRESSO;RECIFE(PE);CARUARU(PE);10202105;10:30:00;IDA;QUINTA-FEIRA;LITORAL
VIACAO PROGRESSO;RECIFE(PE) - CARUARU(PE) - EXPRESSO;CARUARU(PE);RECIFE(PE);10202070;10:30:00;VOLTA;QUINTA-FEIRA;LITORAL
VIACAO PROGRESSO;RECIFE(PE) - CARUARU(PE) - EXPRESSO;CARUARU(PE);RECIFE(PE);10202080;11:30:00;VOLTA;QUINTA-FEIRA;LITORAL
VIACAO PROGRESSO;RECIFE(PE) - CARUARU(PE) - EXPRESSO;RECIFE(PE);CARUARU(PE);10202115;11:30:00;IDA;QUINTA-FEIRA;LITORAL
VIACAO PROGRESSO;RECIFE(PE) - CARUARU(PE) - EXPRESSO;RECIFE(PE);CARUARU(PE);10202125;12:30:00;IDA;QUINTA-FEIRA;LITORAL
VIACAO PROGRESSO;RECIFE(PE) - CARUARU(PE) - EXPRESSO;CARUARU(PE);RECIFE(PE);10202090;12:30:00;VOLTA;QUINTA-FEIRA;LITORAL
VIACAO PROGRESSO;RECIFE(PE) - CARUARU(PE) - EXPRESSO;CARUARU(PE);RECIFE(PE);10202110;14:30:00;VOLTA;QUINTA-FEIRA;LITORAL
VIACAO PROGRESSO;RECIFE(PE) - CARUARU(PE) - EXPRESSO;RECIFE(PE);CARUARU(PE);10202145;14:30:00;IDA;QUINTA-FEIRA;LITORAL
VIACAO PROGRESSO;RECIFE(PE) - CARUARU(PE) - EXPRESSO;RECIFE(PE);CARUARU(PE);10202155;15:30:00;IDA;QUINTA-FEIRA;LITORAL
VIACAO PROGRESSO;RECIFE(PE) - CARUARU(PE) - EXPRESSO;CARUARU(PE);RECIFE(PE);10202120;15:30:00;VOLTA;QUINTA-FEIRA;LITORAL
VIACAO PROGRESSO;RECIFE(PE) - CARUARU(PE) - EXPRESSO;RECIFE(PE);CARUARU(PE);10202165;16:30:00;IDA;QUINTA-FEIRA;LITORAL
VIACAO PROGRESSO;RECIFE(PE) - CARUARU(PE) - EXPRESSO;CARUARU(PE);RECIFE(PE);10202130;16:30:00;VOLTA;QUINTA-FEIRA;LITORAL
VIACAO PROGRESSO;RECIFE(PE) - CARUARU(PE) - EXPRESSO;RECIFE(PE);CARUARU(PE);10202175;17:30:00;IDA;QUINTA-FEIRA;LITORAL
VIACAO PROGRESSO;RECIFE(PE) - CARUARU(PE) - EXPRESSO;CARUARU(PE);RECIFE(PE);10202140;17:30:00;VOLTA;QUINTA-FEIRA;LITORAL
VIACAO CRUZEIRO;RECIFE(PE) - FLORIANO(PI);RECIFE(PE);FLORIANO(PI);20200075;12:30:00;IDA;SEXTA-FEIRA;LITORAL
VIACAO CRUZEIRO;RECIFE(PE) - FLORIANO(PI);FLORIANO(PI);RECIFE(PE);20200070;12:30:00;VOLTA;DOMINGO;LITORAL
VIACAO CRUZEIRO;RECIFE(PE) - FLORIANO(PI);RECIFE(PE);FLORIANO(PI);20200075;12:30:00;IDA;SEGUNDA-FEIRA;LITORAL
VIACAO CRUZEIRO;RECIFE(PE) - FLORIANO(PI);FLORIANO(PI);RECIFE(PE);20200070;12:30:00;VOLTA;TERCA-FEIRA;LITORAL
VIACAO CRUZEIRO;RECIFE(PE) - FLORIANO(PI);RECIFE(PE);FLORIANO(PI);20200075;12:30:00;IDA;QUARTA-FEIRA;LITORAL
VIACAO CRUZEIRO;RECIFE(PE) - FLORIANO(PI);FLORIANO(PI);RECIFE(PE);20200070;12:30:00;VOLTA;QUINTA-FEIRA;LITORAL
VIACAO PROGRESSO;RECIFE(PE) - GARANHUNS(PE) VIA DERBY / DANTAS;RECIFE - DANTAS BARRETO(PE);GARANHUNS(PE);10200695;05:45:00;IDA;SEXTA-FEIRA;LITORAL
VIACAO PROGRESSO;RECIFE(PE) - GARANHUNS(PE) VIA DERBY / DANTAS;RECIFE - DANTAS BARRETO(PE);GARANHUNS(PE);10301915;05:45:00;IDA;SEXTA-FEIRA;LITORAL
VIACAO PROGRESSO;RECIFE(PE) - GARANHUNS(PE) via DERBY / DANTAS;GARANHUNS(PE);RECIFE(PE);10300900;13:00:00;VOLTA;SEXTA-FEIRA;LITORAL
VIACAO PROGRESSO;RECIFE(PE) - GARANHUNS(PE) via DERBY / DANTAS;GARANHUNS(PE);RECIFE(PE);10200900;13:00:00;VOLTA;SEXTA-FEIRA;LITORAL
VIACAO PROGRESSO;RECIFE(PE) - GARANHUNS(PE) VIA DERBY / DANTAS;RECIFE - DANTAS BARRETO(PE);GARANHUNS(PE);10200695;05:45:00;IDA;SABADO;LITORAL
VIACAO PROGRESSO;RECIFE(PE) - GARANHUNS(PE) VIA DERBY / DANTAS;RECIFE - DANTAS BARRETO(PE);GARANHUNS(PE);10301915;05:45:00;IDA;SABADO;LITORAL
VIACAO PROGRESSO;RECIFE(PE) - GARANHUNS(PE) via DERBY / DANTAS;GARANHUNS(PE);RECIFE(PE);10200900;13:00:00;VOLTA;SABADO;LITORAL
VIACAO PROGRESSO;RECIFE(PE) - GARANHUNS(PE) via DERBY / DANTAS;GARANHUNS(PE);RECIFE(PE);10300900;13:00:00;VOLTA;SABADO;LITORAL
VIACAO PROGRESSO;RECIFE(PE) - GARANHUNS(PE) VIA DERBY / DANTAS;RECIFE - DANTAS BARRETO(PE);GARANHUNS(PE);10200695;05:45:00;IDA;DOMINGO;LITORAL
VIACAO PROGRESSO;RECIFE(PE) - GARANHUNS(PE) VIA DERBY / DANTAS;RECIFE - DANTAS BARRETO(PE);GARANHUNS(PE);10301915;05:45:00;IDA;DOMINGO;LITORAL
VIACAO PROGRESSO;RECIFE(PE) - GARANHUNS(PE) via DERBY / DANTAS;GARANHUNS(PE);RECIFE(PE);10200900;13:00:00;VOLTA;DOMINGO;LITORAL
VIACAO PROGRESSO;RECIFE(PE) - GARANHUNS(PE) via DERBY / DANTAS;GARANHUNS(PE);RECIFE(PE);10300900;13:00:00;VOLTA;DOMINGO;LITORAL
VIACAO PROGRESSO;RECIFE(PE) - GARANHUNS(PE) VIA DERBY / DANTAS;RECIFE - DANTAS BARRETO(PE);GARANHUNS(PE);10200695;05:45:00;IDA;SEGUNDA-FEIRA;LITORAL
VIACAO PROGRESSO;RECIFE(PE) - GARANHUNS(PE) VIA DERBY / DANTAS;RECIFE - DANTAS BARRETO(PE);GARANHUNS(PE);10301915;05:45:00;IDA;SEGUNDA-FEIRA;LITORAL
VIACAO PROGRESSO;RECIFE(PE) - GARANHUNS(PE) via DERBY / DANTAS;GARANHUNS(PE);RECIFE(PE);10200900;13:00:00;VOLTA;SEGUNDA-FEIRA;LITORAL
VIACAO PROGRESSO;RECIFE(PE) - GARANHUNS(PE) via DERBY / DANTAS;GARANHUNS(PE);RECIFE(PE);10300900;13:00:00;VOLTA;SEGUNDA-FEIRA;LITORAL
VIACAO PROGRESSO;RECIFE(PE) - GARANHUNS(PE) VIA DERBY / DANTAS;RECIFE - DANTAS BARRETO(PE);GARANHUNS(PE);10200695;05:45:00;IDA;TERCA-FEIRA;LITORAL
VIACAO PROGRESSO;RECIFE(PE) - GARANHUNS(PE) VIA DERBY / DANTAS;RECIFE - DANTAS BARRETO(PE);GARANHUNS(PE);10301915;05:45:00;IDA;TERCA-FEIRA;LITORAL
VIACAO PROGRESSO;RECIFE(PE) - GARANHUNS(PE) via DERBY / DANTAS;GARANHUNS(PE);RECIFE(PE);10200900;13:00:00;VOLTA;TERCA-FEIRA;LITORAL
VIACAO PROGRESSO;RECIFE(PE) - GARANHUNS(PE) via DERBY / DANTAS;GARANHUNS(PE);RECIFE(PE);10300900;13:00:00;VOLTA;TERCA-FEIRA;LITORAL
VIACAO PROGRESSO;RECIFE(PE) - GARANHUNS(PE) VIA DERBY / DANTAS;RECIFE - DANTAS BARRETO(PE);GARANHUNS(PE);10301915;05:45:00;IDA;QUARTA-FEIRA;LITORAL
VIACAO PROGRESSO;RECIFE(PE) - GARANHUNS(PE) VIA DERBY / DANTAS;RECIFE - DANTAS BARRETO(PE);GARANHUNS(PE);10200695;05:45:00;IDA;QUARTA-FEIRA;LITORAL
VIACAO PROGRESSO;RECIFE(PE) - GARANHUNS(PE) via DERBY / DANTAS;GARANHUNS(PE);RECIFE(PE);10200900;13:00:00;VOLTA;QUARTA-FEIRA;LITORAL
VIACAO PROGRESSO;RECIFE(PE) - GARANHUNS(PE) via DERBY / DANTAS;GARANHUNS(PE);RECIFE(PE);10300900;13:00:00;VOLTA;QUARTA-FEIRA;LITORAL
VIACAO PROGRESSO;RECIFE(PE) - GARANHUNS(PE) VIA DERBY / DANTAS;RECIFE - DANTAS BARRETO(PE);GARANHUNS(PE);10301915;05:45:00;IDA;QUINTA-FEIRA;LITORAL
VIACAO PROGRESSO;RECIFE(PE) - GARANHUNS(PE) VIA DERBY / DANTAS;RECIFE - DANTAS BARRETO(PE);GARANHUNS(PE);10200695;05:45:00;IDA;QUINTA-FEIRA;LITORAL
VIACAO PROGRESSO;RECIFE(PE) - GARANHUNS(PE) via DERBY / DANTAS;GARANHUNS(PE);RECIFE(PE);10200900;13:00:00;VOLTA;QUINTA-FEIRA;LITORAL
VIACAO PROGRESSO;RECIFE(PE) - GARANHUNS(PE) via DERBY / DANTAS;GARANHUNS(PE);RECIFE(PE);10300900;13:00:00;VOLTA;QUINTA-FEIRA;LITORAL
VIACAO PROGRESSO;RECIFE(PE) - ITAPETIM(PE);RECIFE(PE);ITAPETIM(PE);10201825;19:40:00;IDA;SEXTA-FEIRA;LITORAL
VIACAO PROGRESSO;RECIFE(PE) - ITAPETIM(PE);ITAPETIM(PE);RECIFE(PE);10200190;22:00:00;VOLTA;SEXTA-FEIRA;NORDESTE
VIACAO PROGRESSO;RECIFE(PE) - ITAPETIM(PE);RECIFE(PE);ITAPETIM(PE);10201825;19:40:00;IDA;DOMINGO;LITORAL
VIACAO PROGRESSO;RECIFE(PE) - ITAPETIM(PE);ITAPETIM(PE);RECIFE(PE);10200190;22:00:00;VOLTA;DOMINGO;NORDESTE
VIACAO PROGRESSO;RECIFE(PE) - ITAPETIM(PE);RECIFE(PE);ITAPETIM(PE);10201825;19:40:00;IDA;SEGUNDA-FEIRA;LITORAL
VIACAO PROGRESSO;RECIFE(PE) - ITAPETIM(PE);ITAPETIM(PE);RECIFE(PE);10200190;22:00:00;VOLTA;SEGUNDA-FEIRA;NORDESTE
VIACAO PROGRESSO;RECIFE(PE) - ITAPETIM(PE);RECIFE(PE);ITAPETIM(PE);10201825;19:40:00;IDA;TERCA-FEIRA;LITORAL
VIACAO PROGRESSO;RECIFE(PE) - ITAPETIM(PE);ITAPETIM(PE);RECIFE(PE);10200190;22:00:00;VOLTA;TERCA-FEIRA;NORDESTE
VIACAO PROGRESSO;RECIFE(PE) - ITAPETIM(PE);RECIFE(PE);ITAPETIM(PE);10201825;19:40:00;IDA;QUARTA-FEIRA;LITORAL
VIACAO PROGRESSO;RECIFE(PE) - ITAPETIM(PE);ITAPETIM(PE);RECIFE(PE);10200190;22:00:00;VOLTA;QUARTA-FEIRA;NORDESTE
VIACAO PROGRESSO;RECIFE(PE) - ITAPETIM(PE);RECIFE(PE);ITAPETIM(PE);10201825;19:40:00;IDA;QUINTA-FEIRA;LITORAL
VIACAO PROGRESSO;RECIFE(PE) - ITAPETIM(PE);ITAPETIM(PE);RECIFE(PE);10200190;22:00:00;VOLTA;QUINTA-FEIRA;NORDESTE
VIACAO PROGRESSO;RECIFE(PE) - NATAL(RN);RECIFE(PE);NATAL(RN);10301705;05:30:00;IDA;SEXTA-FEIRA;LITORAL
VIACAO PROGRESSO;RECIFE(PE) - NATAL(RN);NATAL(RN);RECIFE(PE);10201110;05:30:00;VOLTA;SEXTA-FEIRA;LITORAL
VIACAO PROGRESSO;RECIFE(PE) - NATAL(RN);RECIFE(PE);NATAL(RN);10201705;05:30:00;IDA;SEXTA-FEIRA;LITORAL
VIACAO PROGRESSO;RECIFE(PE) - NATAL(RN);RECIFE(PE);NATAL(RN);10301125;07:30:00;IDA;SEXTA-FEIRA;LITORAL
VIACAO PROGRESSO;RECIFE(PE) - NATAL(RN);NATAL(RN);RECIFE(PE);10201820;07:30:00;VOLTA;SEXTA-FEIRA;LITORAL
VIACAO PROGRESSO;RECIFE(PE) - NATAL(RN);NATAL(RN);RECIFE(PE);10301820;07:30:00;VOLTA;SEXTA-FEIRA;LITORAL
VIACAO PROGRESSO;RECIFE(PE) - NATAL(RN);RECIFE(PE);NATAL(RN);10201125;07:30:00;IDA;SEXTA-FEIRA;LITORAL
VIACAO PROGRESSO;RECIFE(PE) - NATAL(RN);RECIFE(PE);NATAL(RN);10301135;09:00:00;IDA;SEXTA-FEIRA;LITORAL
VIACAO PROGRESSO;RECIFE(PE) - NATAL(RN);RECIFE(PE);NATAL(RN);10201135;09:00:00;IDA;SEXTA-FEIRA;LITORAL
VIACAO PROGRESSO;RECIFE(PE) - NATAL(RN);NATAL(RN);RECIFE(PE);10201700;09:00:00;VOLTA;SEXTA-FEIRA;LITORAL
VIACAO PROGRESSO;RECIFE(PE) - NATAL(RN);NATAL(RN);RECIFE(PE);10301700;09:00:00;VOLTA;SEXTA-FEIRA;LITORAL
VIACAO PROGRESSO;RECIFE(PE) - NATAL(RN);RECIFE(PE);NATAL(RN);10201145;11:00:00;IDA;SEXTA-FEIRA;LITORAL
VIACAO PROGRESSO;RECIFE(PE) - NATAL(RN);RECIFE(PE);NATAL(RN);10301145;11:00:00;IDA;SEXTA-FEIRA;LITORAL
VIACAO PROGRESSO;RECIFE(PE) - NATAL(RN);NATAL(RN);RECIFE(PE);10301680;11:00:00;VOLTA;SEXTA-FEIRA;LITORAL
VIACAO PROGRESSO;RECIFE(PE) - NATAL(RN);NATAL(RN);RECIFE(PE);10201680;11:00:00;VOLTA;SEXTA-FEIRA;LITORAL
VIACAO PROGRESSO;RECIFE(PE) - NATAL(RN);NATAL(RN);RECIFE(PE);10301690;13:00:00;VOLTA;SEXTA-FEIRA;LITORAL
VIACAO PROGRESSO;RECIFE(PE) - NATAL(RN);RECIFE(PE);NATAL(RN);10301695;13:00:00;IDA;SEXTA-FEIRA;LITORAL
VIACAO PROGRESSO;RECIFE(PE) - NATAL(RN);RECIFE(PE);NATAL(RN);10201675;13:00:00;IDA;SEXTA-FEIRA;LITORAL
VIACAO PROGRESSO;RECIFE(PE) - NATAL(RN);NATAL(RN);RECIFE(PE);10201130;13:00:00;VOLTA;SEXTA-FEIRA;LITORAL
VIACAO PROGRESSO;RECIFE(PE) - NATAL(RN);NATAL(RN);RECIFE(PE);10201140;15:00:00;VOLTA;SEXTA-FEIRA;LITORAL
VIACAO PROGRESSO;RECIFE(PE) - NATAL(RN);NATAL(RN);RECIFE(PE);10301140;15:00:00;VOLTA;SEXTA-FEIRA;LITORAL
VIACAO PROGRESSO;RECIFE(PE) - NATAL(RN);RECIFE(PE);NATAL(RN);10201155;15:00:00;IDA;SEXTA-FEIRA;LITORAL
VIACAO PROGRESSO;RECIFE(PE) - NATAL(RN);RECIFE(PE);NATAL(RN);10301685;15:00:00;IDA;SEXTA-FEIRA;LITORAL
VIACAO PROGRESSO;RECIFE(PE) - NATAL(RN);NATAL(RN);RECIFE(PE);10201810;17:00:00;VOLTA;SEXTA-FEIRA;LITORAL
VIACAO PROGRESSO;RECIFE(PE) - NATAL(RN);NATAL(RN);RECIFE(PE);10301810;17:00:00;VOLTA;SEXTA-FEIRA;LITORAL
VIACAO PROGRESSO;RECIFE(PE) - NATAL(RN);RECIFE(PE);NATAL(RN);10201165;17:30:00;IDA;SEXTA-FEIRA;LITORAL
VIACAO PROGRESSO;RECIFE(PE) - NATAL(RN);RECIFE(PE);NATAL(RN);10301715;17:30:00;IDA;SEXTA-FEIRA;LITORAL
VIACAO PROGRESSO;RECIFE(PE) - NATAL(RN);NATAL(RN);RECIFE(PE);10301160;23:55:00;VOLTA;SEXTA-FEIRA;LITORAL
VIACAO PROGRESSO;RECIFE(PE) - NATAL(RN);RECIFE(PE);NATAL(RN);10301175;23:55:00;IDA;SEXTA-FEIRA;LITORAL
VIACAO PROGRESSO;RECIFE(PE) - NATAL(RN);NATAL(RN);RECIFE(PE);10201160;23:55:00;VOLTA;SEXTA-FEIRA;LITORAL
VIACAO PROGRESSO;RECIFE(PE) - NATAL(RN);RECIFE(PE);NATAL(RN);10201175;23:55:00;IDA;SEXTA-FEIRA;LITORAL
VIACAO PROGRESSO;RECIFE(PE) - NATAL(RN);NATAL(RN);RECIFE(PE);10301110;05:30:00;VOLTA;SABADO;LITORAL
VIACAO PROGRESSO;RECIFE(PE) - NATAL(RN);RECIFE(PE);NATAL(RN);10301705;05:30:00;IDA;SABADO;LITORAL
VIACAO PROGRESSO;RECIFE(PE) - NATAL(RN);NATAL(RN);RECIFE(PE);10201110;05:30:00;VOLTA;SABADO;LITORAL
VIACAO PROGRESSO;RECIFE(PE) - NATAL(RN);RECIFE(PE);NATAL(RN);10201705;05:30:00;IDA;SABADO;LITORAL
VIACAO PROGRESSO;RECIFE(PE) - NATAL(RN);NATAL(RN);RECIFE(PE);10201820;07:30:00;VOLTA;SABADO;LITORAL
VIACAO PROGRESSO;RECIFE(PE) - NATAL(RN);RECIFE(PE);NATAL(RN);10301125;07:30:00;IDA;SABADO;LITORAL
VIACAO PROGRESSO;RECIFE(PE) - NATAL(RN);NATAL(RN);RECIFE(PE);10301820;07:30:00;VOLTA;SABADO;LITORAL
VIACAO PROGRESSO;RECIFE(PE) - NATAL(RN);RECIFE(PE);NATAL(RN);10201125;07:30:00;IDA;SABADO;LITORAL
VIACAO PROGRESSO;RECIFE(PE) - NATAL(RN);RECIFE(PE);NATAL(RN);10201135;09:00:00;IDA;SABADO;LITORAL
VIACAO PROGRESSO;RECIFE(PE) - NATAL(RN);RECIFE(PE);NATAL(RN);10301135;09:00:00;IDA;SABADO;LITORAL
VIACAO PROGRESSO;RECIFE(PE) - NATAL(RN);NATAL(RN);RECIFE(PE);10301700;09:00:00;VOLTA;SABADO;LITORAL
VIACAO PROGRESSO;RECIFE(PE) - NATAL(RN);NATAL(RN);RECIFE(PE);10201700;09:00:00;VOLTA;SABADO;LITORAL
VIACAO PROGRESSO;RECIFE(PE) - NATAL(RN);NATAL(RN);RECIFE(PE);10201680;11:00:00;VOLTA;SABADO;LITORAL
VIACAO PROGRESSO;RECIFE(PE) - NATAL(RN);RECIFE(PE);NATAL(RN);10301145;11:00:00;IDA;SABADO;LITORAL
VIACAO PROGRESSO;RECIFE(PE) - NATAL(RN);NATAL(RN);RECIFE(PE);10301680;11:00:00;VOLTA;SABADO;LITORAL
VIACAO PROGRESSO;RECIFE(PE) - NATAL(RN);RECIFE(PE);NATAL(RN);10201145;11:00:00;IDA;SABADO;LITORAL
VIACAO PROGRESSO;RECIFE(PE) - NATAL(RN);NATAL(RN);RECIFE(PE);10201130;13:00:00;VOLTA;SABADO;LITORAL
VIACAO PROGRESSO;RECIFE(PE) - NATAL(RN);RECIFE(PE);NATAL(RN);10301695;13:00:00;IDA;SABADO;LITORAL
VIACAO PROGRESSO;RECIFE(PE) - NATAL(RN);RECIFE(PE);NATAL(RN);10201675;13:00:00;IDA;SABADO;LITORAL
VIACAO PROGRESSO;RECIFE(PE) - NATAL(RN);NATAL(RN);RECIFE(PE);10301690;13:00:00;VOLTA;SABADO;LITORAL
VIACAO PROGRESSO;RECIFE(PE) - NATAL(RN);NATAL(RN);RECIFE(PE);10301140;15:00:00;VOLTA;SABADO;LITORAL
VIACAO PROGRESSO;RECIFE(PE) - NATAL(RN);NATAL(RN);RECIFE(PE);10201140;15:00:00;VOLTA;SABADO;LITORAL
VIACAO PROGRESSO;RECIFE(PE) - NATAL(RN);RECIFE(PE);NATAL(RN);10201155;15:00:00;IDA;SABADO;LITORAL
VIACAO PROGRESSO;RECIFE(PE) - NATAL(RN);RECIFE(PE);NATAL(RN);10301685;15:00:00;IDA;SABADO;LITORAL
VIACAO PROGRESSO;RECIFE(PE) - NATAL(RN);NATAL(RN);RECIFE(PE);10201810;17:00:00;VOLTA;SABADO;LITORAL
VIACAO PROGRESSO;RECIFE(PE) - NATAL(RN);NATAL(RN);RECIFE(PE);10301810;17:00:00;VOLTA;SABADO;LITORAL
VIACAO PROGRESSO;RECIFE(PE) - NATAL(RN);RECIFE(PE);NATAL(RN);10301715;17:30:00;IDA;SABADO;LITORAL
VIACAO PROGRESSO;RECIFE(PE) - NATAL(RN);RECIFE(PE);NATAL(RN);10201165;17:30:00;IDA;SABADO;LITORAL
VIACAO PROGRESSO;RECIFE(PE) - NATAL(RN);NATAL(RN);RECIFE(PE);10201160;23:55:00;VOLTA;SABADO;LITORAL
VIACAO PROGRESSO;RECIFE(PE) - NATAL(RN);NATAL(RN);RECIFE(PE);10301160;23:55:00;VOLTA;SABADO;LITORAL
VIACAO CRUZEIRO;RECIFE(PE) - NATAL(RN);RECIFE(PE);NATAL(RN);20200065;23:55:00;IDA;SABADO;LITORAL
VIACAO PROGRESSO;RECIFE(PE) - NATAL(RN);RECIFE(PE);NATAL(RN);10301705;05:30:00;IDA;DOMINGO;LITORAL
VIACAO PROGRESSO;RECIFE(PE) - NATAL(RN);RECIFE(PE);NATAL(RN);10201705;05:30:00;IDA;DOMINGO;LITORAL
VIACAO PROGRESSO;RECIFE(PE) - NATAL(RN);NATAL(RN);RECIFE(PE);10301110;05:30:00;VOLTA;DOMINGO;LITORAL
VIACAO PROGRESSO;RECIFE(PE) - NATAL(RN);NATAL(RN);RECIFE(PE);10201110;05:30:00;VOLTA;DOMINGO;LITORAL
VIACAO PROGRESSO;RECIFE(PE) - NATAL(RN);NATAL(RN);RECIFE(PE);10301820;07:30:00;VOLTA;DOMINGO;LITORAL
VIACAO PROGRESSO;RECIFE(PE) - NATAL(RN);RECIFE(PE);NATAL(RN);10201125;07:30:00;IDA;DOMINGO;LITORAL
VIACAO PROGRESSO;RECIFE(PE) - NATAL(RN);NATAL(RN);RECIFE(PE);10201820;07:30:00;VOLTA;DOMINGO;LITORAL
VIACAO PROGRESSO;RECIFE(PE) - NATAL(RN);RECIFE(PE);NATAL(RN);10301125;07:30:00;IDA;DOMINGO;LITORAL
VIACAO PROGRESSO;RECIFE(PE) - NATAL(RN);RECIFE(PE);NATAL(RN);10301135;09:00:00;IDA;DOMINGO;LITORAL
VIACAO PROGRESSO;RECIFE(PE) - NATAL(RN);RECIFE(PE);NATAL(RN);10201135;09:00:00;IDA;DOMINGO;LITORAL
VIACAO PROGRESSO;RECIFE(PE) - NATAL(RN);NATAL(RN);RECIFE(PE);10201700;09:00:00;VOLTA;DOMINGO;LITORAL
VIACAO PROGRESSO;RECIFE(PE) - NATAL(RN);NATAL(RN);RECIFE(PE);10301700;09:00:00;VOLTA;DOMINGO;LITORAL
VIACAO PROGRESSO;RECIFE(PE) - NATAL(RN);NATAL(RN);RECIFE(PE);10201680;11:00:00;VOLTA;DOMINGO;LITORAL
VIACAO PROGRESSO;RECIFE(PE) - NATAL(RN);RECIFE(PE);NATAL(RN);10201145;11:00:00;IDA;DOMINGO;LITORAL
VIACAO PROGRESSO;RECIFE(PE) - NATAL(RN);RECIFE(PE);NATAL(RN);10301145;11:00:00;IDA;DOMINGO;LITORAL
VIACAO PROGRESSO;RECIFE(PE) - NATAL(RN);NATAL(RN);RECIFE(PE);10301680;11:00:00;VOLTA;DOMINGO;LITORAL
VIACAO PROGRESSO;RECIFE(PE) - NATAL(RN);NATAL(RN);RECIFE(PE);10301690;13:00:00;VOLTA;DOMINGO;LITORAL
VIACAO PROGRESSO;RECIFE(PE) - NATAL(RN);RECIFE(PE);NATAL(RN);10201675;13:00:00;IDA;DOMINGO;LITORAL
VIACAO PROGRESSO;RECIFE(PE) - NATAL(RN);NATAL(RN);RECIFE(PE);10201130;13:00:00;VOLTA;DOMINGO;LITORAL
VIACAO PROGRESSO;RECIFE(PE) - NATAL(RN);RECIFE(PE);NATAL(RN);10301695;13:00:00;IDA;DOMINGO;LITORAL
VIACAO PROGRESSO;RECIFE(PE) - NATAL(RN);RECIFE(PE);NATAL(RN);10301685;15:00:00;IDA;DOMINGO;LITORAL
VIACAO PROGRESSO;RECIFE(PE) - NATAL(RN);NATAL(RN);RECIFE(PE);10201140;15:00:00;VOLTA;DOMINGO;LITORAL
VIACAO PROGRESSO;RECIFE(PE) - NATAL(RN);RECIFE(PE);NATAL(RN);10201155;15:00:00;IDA;DOMINGO;LITORAL
VIACAO PROGRESSO;RECIFE(PE) - NATAL(RN);NATAL(RN);RECIFE(PE);10301140;15:00:00;VOLTA;DOMINGO;LITORAL
VIACAO PROGRESSO;RECIFE(PE) - NATAL(RN);NATAL(RN);RECIFE(PE);10301810;17:00:00;VOLTA;DOMINGO;LITORAL
VIACAO PROGRESSO;RECIFE(PE) - NATAL(RN);NATAL(RN);RECIFE(PE);10201810;17:00:00;VOLTA;DOMINGO;LITORAL
VIACAO PROGRESSO;RECIFE(PE) - NATAL(RN);RECIFE(PE);NATAL(RN);10201165;17:30:00;IDA;DOMINGO;LITORAL
VIACAO PROGRESSO;RECIFE(PE) - NATAL(RN);RECIFE(PE);NATAL(RN);10301715;17:30:00;IDA;DOMINGO;LITORAL
VIACAO PROGRESSO;RECIFE(PE) - NATAL(RN);RECIFE(PE);NATAL(RN);10201175;23:55:00;IDA;DOMINGO;LITORAL
VIACAO CRUZEIRO;RECIFE(PE) - NATAL(RN);NATAL(RN);RECIFE(PE);20200120;23:55:00;VOLTA;DOMINGO;LITORAL
VIACAO PROGRESSO;RECIFE(PE) - NATAL(RN);RECIFE(PE);NATAL(RN);10301175;23:55:00;IDA;DOMINGO;LITORAL
VIACAO PROGRESSO;RECIFE(PE) - NATAL(RN);RECIFE(PE);NATAL(RN);10301705;05:30:00;IDA;SEGUNDA-FEIRA;LITORAL
VIACAO PROGRESSO;RECIFE(PE) - NATAL(RN);NATAL(RN);RECIFE(PE);10301110;05:30:00;VOLTA;SEGUNDA-FEIRA;LITORAL
VIACAO PROGRESSO;RECIFE(PE) - NATAL(RN);NATAL(RN);RECIFE(PE);10201110;05:30:00;VOLTA;SEGUNDA-FEIRA;LITORAL
VIACAO PROGRESSO;RECIFE(PE) - NATAL(RN);RECIFE(PE);NATAL(RN);10201705;05:30:00;IDA;SEGUNDA-FEIRA;LITORAL
VIACAO PROGRESSO;RECIFE(PE) - NATAL(RN);NATAL(RN);RECIFE(PE);10201820;07:30:00;VOLTA;SEGUNDA-FEIRA;LITORAL
VIACAO PROGRESSO;RECIFE(PE) - NATAL(RN);RECIFE(PE);NATAL(RN);10201125;07:30:00;IDA;SEGUNDA-FEIRA;LITORAL
VIACAO PROGRESSO;RECIFE(PE) - NATAL(RN);RECIFE(PE);NATAL(RN);10301125;07:30:00;IDA;SEGUNDA-FEIRA;LITORAL
VIACAO PROGRESSO;RECIFE(PE) - NATAL(RN);NATAL(RN);RECIFE(PE);10301820;07:30:00;VOLTA;SEGUNDA-FEIRA;LITORAL
VIACAO PROGRESSO;RECIFE(PE) - NATAL(RN);NATAL(RN);RECIFE(PE);10201700;09:00:00;VOLTA;SEGUNDA-FEIRA;LITORAL
VIACAO PROGRESSO;RECIFE(PE) - NATAL(RN);RECIFE(PE);NATAL(RN);10301135;09:00:00;IDA;SEGUNDA-FEIRA;LITORAL
VIACAO PROGRESSO;RECIFE(PE) - NATAL(RN);NATAL(RN);RECIFE(PE);10301700;09:00:00;VOLTA;SEGUNDA-FEIRA;LITORAL
VIACAO PROGRESSO;RECIFE(PE) - NATAL(RN);RECIFE(PE);NATAL(RN);10201135;09:00:00;IDA;SEGUNDA-FEIRA;LITORAL
VIACAO PROGRESSO;RECIFE(PE) - NATAL(RN);RECIFE(PE);NATAL(RN);10201145;11:00:00;IDA;SEGUNDA-FEIRA;LITORAL
VIACAO PROGRESSO;RECIFE(PE) - NATAL(RN);RECIFE(PE);NATAL(RN);10301145;11:00:00;IDA;SEGUNDA-FEIRA;LITORAL
VIACAO PROGRESSO;RECIFE(PE) - NATAL(RN);NATAL(RN);RECIFE(PE);10301680;11:00:00;VOLTA;SEGUNDA-FEIRA;LITORAL
VIACAO PROGRESSO;RECIFE(PE) - NATAL(RN);NATAL(RN);RECIFE(PE);10201680;11:00:00;VOLTA;SEGUNDA-FEIRA;LITORAL
VIACAO PROGRESSO;RECIFE(PE) - NATAL(RN);NATAL(RN);RECIFE(PE);10301690;13:00:00;VOLTA;SEGUNDA-FEIRA;LITORAL
VIACAO PROGRESSO;RECIFE(PE) - NATAL(RN);NATAL(RN);RECIFE(PE);10201130;13:00:00;VOLTA;SEGUNDA-FEIRA;LITORAL
VIACAO PROGRESSO;RECIFE(PE) - NATAL(RN);RECIFE(PE);NATAL(RN);10201675;13:00:00;IDA;SEGUNDA-FEIRA;LITORAL
VIACAO PROGRESSO;RECIFE(PE) - NATAL(RN);RECIFE(PE);NATAL(RN);10301695;13:00:00;IDA;SEGUNDA-FEIRA;LITORAL
VIACAO PROGRESSO;RECIFE(PE) - NATAL(RN);RECIFE(PE);NATAL(RN);10201155;15:00:00;IDA;SEGUNDA-FEIRA;LITORAL
VIACAO PROGRESSO;RECIFE(PE) - NATAL(RN);NATAL(RN);RECIFE(PE);10201140;15:00:00;VOLTA;SEGUNDA-FEIRA;LITORAL
VIACAO PROGRESSO;RECIFE(PE) - NATAL(RN);RECIFE(PE);NATAL(RN);10301685;15:00:00;IDA;SEGUNDA-FEIRA;LITORAL
VIACAO PROGRESSO;RECIFE(PE) - NATAL(RN);NATAL(RN);RECIFE(PE);10301140;15:00:00;VOLTA;SEGUNDA-FEIRA;LITORAL
VIACAO PROGRESSO;RECIFE(PE) - NATAL(RN);NATAL(RN);RECIFE(PE);10301810;17:00:00;VOLTA;SEGUNDA-FEIRA;LITORAL
VIACAO PROGRESSO;RECIFE(PE) - NATAL(RN);NATAL(RN);RECIFE(PE);10201810;17:00:00;VOLTA;SEGUNDA-FEIRA;LITORAL
VIACAO PROGRESSO;RECIFE(PE) - NATAL(RN);RECIFE(PE);NATAL(RN);10301715;17:30:00;IDA;SEGUNDA-FEIRA;LITORAL
VIACAO PROGRESSO;RECIFE(PE) - NATAL(RN);RECIFE(PE);NATAL(RN);10201165;17:30:00;IDA;SEGUNDA-FEIRA;LITORAL
VIACAO PROGRESSO;RECIFE(PE) - NATAL(RN);NATAL(RN);RECIFE(PE);10301160;23:55:00;VOLTA;SEGUNDA-FEIRA;LITORAL
VIACAO PROGRESSO;RECIFE(PE) - NATAL(RN);NATAL(RN);RECIFE(PE);10201160;23:55:00;VOLTA;SEGUNDA-FEIRA;LITORAL
VIACAO PROGRESSO;RECIFE(PE) - NATAL(RN);RECIFE(PE);NATAL(RN);10201175;23:55:00;IDA;SEGUNDA-FEIRA;LITORAL
VIACAO PROGRESSO;RECIFE(PE) - NATAL(RN);RECIFE(PE);NATAL(RN);10301175;23:55:00;IDA;SEGUNDA-FEIRA;LITORAL
VIACAO PROGRESSO;RECIFE(PE) - NATAL(RN);NATAL(RN);RECIFE(PE);10201110;05:30:00;VOLTA;TERCA-FEIRA;LITORAL
VIACAO PROGRESSO;RECIFE(PE) - NATAL(RN);NATAL(RN);RECIFE(PE);10301110;05:30:00;VOLTA;TERCA-FEIRA;LITORAL
VIACAO PROGRESSO;RECIFE(PE) - NATAL(RN);RECIFE(PE);NATAL(RN);10201705;05:30:00;IDA;TERCA-FEIRA;LITORAL
VIACAO PROGRESSO;RECIFE(PE) - NATAL(RN);RECIFE(PE);NATAL(RN);10301705;05:30:00;IDA;TERCA-FEIRA;LITORAL
VIACAO PROGRESSO;RECIFE(PE) - NATAL(RN);NATAL(RN);RECIFE(PE);10201820;07:30:00;VOLTA;TERCA-FEIRA;LITORAL
VIACAO PROGRESSO;RECIFE(PE) - NATAL(RN);RECIFE(PE);NATAL(RN);10201125;07:30:00;IDA;TERCA-FEIRA;LITORAL
VIACAO PROGRESSO;RECIFE(PE) - NATAL(RN);NATAL(RN);RECIFE(PE);10301820;07:30:00;VOLTA;TERCA-FEIRA;LITORAL
VIACAO PROGRESSO;RECIFE(PE) - NATAL(RN);RECIFE(PE);NATAL(RN);10301125;07:30:00;IDA;TERCA-FEIRA;LITORAL
VIACAO PROGRESSO;RECIFE(PE) - NATAL(RN);NATAL(RN);RECIFE(PE);10201700;09:00:00;VOLTA;TERCA-FEIRA;LITORAL
VIACAO PROGRESSO;RECIFE(PE) - NATAL(RN);NATAL(RN);RECIFE(PE);10301700;09:00:00;VOLTA;TERCA-FEIRA;LITORAL
VIACAO PROGRESSO;RECIFE(PE) - NATAL(RN);RECIFE(PE);NATAL(RN);10201135;09:00:00;IDA;TERCA-FEIRA;LITORAL
VIACAO PROGRESSO;RECIFE(PE) - NATAL(RN);RECIFE(PE);NATAL(RN);10301135;09:00:00;IDA;TERCA-FEIRA;LITORAL
VIACAO PROGRESSO;RECIFE(PE) - NATAL(RN);NATAL(RN);RECIFE(PE);10301680;11:00:00;VOLTA;TERCA-FEIRA;LITORAL
VIACAO PROGRESSO;RECIFE(PE) - NATAL(RN);NATAL(RN);RECIFE(PE);10201680;11:00:00;VOLTA;TERCA-FEIRA;LITORAL
VIACAO PROGRESSO;RECIFE(PE) - NATAL(RN);RECIFE(PE);NATAL(RN);10301145;11:00:00;IDA;TERCA-FEIRA;LITORAL
VIACAO PROGRESSO;RECIFE(PE) - NATAL(RN);RECIFE(PE);NATAL(RN);10201145;11:00:00;IDA;TERCA-FEIRA;LITORAL
VIACAO PROGRESSO;RECIFE(PE) - NATAL(RN);RECIFE(PE);NATAL(RN);10301695;13:00:00;IDA;TERCA-FEIRA;LITORAL
VIACAO PROGRESSO;RECIFE(PE) - NATAL(RN);NATAL(RN);RECIFE(PE);10301690;13:00:00;VOLTA;TERCA-FEIRA;LITORAL
VIACAO PROGRESSO;RECIFE(PE) - NATAL(RN);NATAL(RN);RECIFE(PE);10201130;13:00:00;VOLTA;TERCA-FEIRA;LITORAL
VIACAO PROGRESSO;RECIFE(PE) - NATAL(RN);RECIFE(PE);NATAL(RN);10201675;13:00:00;IDA;TERCA-FEIRA;LITORAL
VIACAO PROGRESSO;RECIFE(PE) - NATAL(RN);NATAL(RN);RECIFE(PE);10201140;15:00:00;VOLTA;TERCA-FEIRA;LITORAL
VIACAO PROGRESSO;RECIFE(PE) - NATAL(RN);RECIFE(PE);NATAL(RN);10301685;15:00:00;IDA;TERCA-FEIRA;LITORAL
VIACAO PROGRESSO;RECIFE(PE) - NATAL(RN);NATAL(RN);RECIFE(PE);10301140;15:00:00;VOLTA;TERCA-FEIRA;LITORAL
VIACAO PROGRESSO;RECIFE(PE) - NATAL(RN);RECIFE(PE);NATAL(RN);10201155;15:00:00;IDA;TERCA-FEIRA;LITORAL
VIACAO PROGRESSO;RECIFE(PE) - NATAL(RN);NATAL(RN);RECIFE(PE);10201810;17:00:00;VOLTA;TERCA-FEIRA;LITORAL
VIACAO PROGRESSO;RECIFE(PE) - NATAL(RN);NATAL(RN);RECIFE(PE);10301810;17:00:00;VOLTA;TERCA-FEIRA;LITORAL
VIACAO PROGRESSO;RECIFE(PE) - NATAL(RN);RECIFE(PE);NATAL(RN);10301715;17:30:00;IDA;TERCA-FEIRA;LITORAL
VIACAO PROGRESSO;RECIFE(PE) - NATAL(RN);RECIFE(PE);NATAL(RN);10201165;17:30:00;IDA;TERCA-FEIRA;LITORAL
VIACAO PROGRESSO;RECIFE(PE) - NATAL(RN);RECIFE(PE);NATAL(RN);10201175;23:55:00;IDA;TERCA-FEIRA;LITORAL
VIACAO PROGRESSO;RECIFE(PE) - NATAL(RN);RECIFE(PE);NATAL(RN);10301175;23:55:00;IDA;TERCA-FEIRA;LITORAL
VIACAO PROGRESSO;RECIFE(PE) - NATAL(RN);NATAL(RN);RECIFE(PE);10301160;23:55:00;VOLTA;TERCA-FEIRA;LITORAL
VIACAO PROGRESSO;RECIFE(PE) - NATAL(RN);NATAL(RN);RECIFE(PE);10201160;23:55:00;VOLTA;TERCA-FEIRA;LITORAL
VIACAO PROGRESSO;RECIFE(PE) - NATAL(RN);RECIFE(PE);NATAL(RN);10301705;05:30:00;IDA;QUARTA-FEIRA;LITORAL
VIACAO PROGRESSO;RECIFE(PE) - NATAL(RN);RECIFE(PE);NATAL(RN);10201705;05:30:00;IDA;QUARTA-FEIRA;LITORAL
VIACAO PROGRESSO;RECIFE(PE) - NATAL(RN);NATAL(RN);RECIFE(PE);10301110;05:30:00;VOLTA;QUARTA-FEIRA;LITORAL
VIACAO PROGRESSO;RECIFE(PE) - NATAL(RN);NATAL(RN);RECIFE(PE);10201110;05:30:00;VOLTA;QUARTA-FEIRA;LITORAL
VIACAO PROGRESSO;RECIFE(PE) - NATAL(RN);RECIFE(PE);NATAL(RN);10201125;07:30:00;IDA;QUARTA-FEIRA;LITORAL
VIACAO PROGRESSO;RECIFE(PE) - NATAL(RN);NATAL(RN);RECIFE(PE);10201820;07:30:00;VOLTA;QUARTA-FEIRA;LITORAL
VIACAO PROGRESSO;RECIFE(PE) - NATAL(RN);NATAL(RN);RECIFE(PE);10301820;07:30:00;VOLTA;QUARTA-FEIRA;LITORAL
VIACAO PROGRESSO;RECIFE(PE) - NATAL(RN);RECIFE(PE);NATAL(RN);10301125;07:30:00;IDA;QUARTA-FEIRA;LITORAL
VIACAO PROGRESSO;RECIFE(PE) - NATAL(RN);NATAL(RN);RECIFE(PE);10301700;09:00:00;VOLTA;QUARTA-FEIRA;LITORAL
VIACAO PROGRESSO;RECIFE(PE) - NATAL(RN);NATAL(RN);RECIFE(PE);10201700;09:00:00;VOLTA;QUARTA-FEIRA;LITORAL
VIACAO PROGRESSO;RECIFE(PE) - NATAL(RN);RECIFE(PE);NATAL(RN);10301135;09:00:00;IDA;QUARTA-FEIRA;LITORAL
VIACAO PROGRESSO;RECIFE(PE) - NATAL(RN);RECIFE(PE);NATAL(RN);10201135;09:00:00;IDA;QUARTA-FEIRA;LITORAL
VIACAO PROGRESSO;RECIFE(PE) - NATAL(RN);RECIFE(PE);NATAL(RN);10301145;11:00:00;IDA;QUARTA-FEIRA;LITORAL
VIACAO PROGRESSO;RECIFE(PE) - NATAL(RN);RECIFE(PE);NATAL(RN);10201145;11:00:00;IDA;QUARTA-FEIRA;LITORAL
VIACAO PROGRESSO;RECIFE(PE) - NATAL(RN);NATAL(RN);RECIFE(PE);10201680;11:00:00;VOLTA;QUARTA-FEIRA;LITORAL
VIACAO PROGRESSO;RECIFE(PE) - NATAL(RN);NATAL(RN);RECIFE(PE);10301680;11:00:00;VOLTA;QUARTA-FEIRA;LITORAL
VIACAO PROGRESSO;RECIFE(PE) - NATAL(RN);NATAL(RN);RECIFE(PE);10201130;13:00:00;VOLTA;QUARTA-FEIRA;LITORAL
VIACAO PROGRESSO;RECIFE(PE) - NATAL(RN);NATAL(RN);RECIFE(PE);10301690;13:00:00;VOLTA;QUARTA-FEIRA;LITORAL
VIACAO PROGRESSO;RECIFE(PE) - NATAL(RN);RECIFE(PE);NATAL(RN);10201675;13:00:00;IDA;QUARTA-FEIRA;LITORAL
VIACAO PROGRESSO;RECIFE(PE) - NATAL(RN);RECIFE(PE);NATAL(RN);10301695;13:00:00;IDA;QUARTA-FEIRA;LITORAL
VIACAO PROGRESSO;RECIFE(PE) - NATAL(RN);NATAL(RN);RECIFE(PE);10301140;15:00:00;VOLTA;QUARTA-FEIRA;LITORAL
VIACAO PROGRESSO;RECIFE(PE) - NATAL(RN);RECIFE(PE);NATAL(RN);10201155;15:00:00;IDA;QUARTA-FEIRA;LITORAL
VIACAO PROGRESSO;RECIFE(PE) - NATAL(RN);RECIFE(PE);NATAL(RN);10301685;15:00:00;IDA;QUARTA-FEIRA;LITORAL
VIACAO PROGRESSO;RECIFE(PE) - NATAL(RN);NATAL(RN);RECIFE(PE);10201140;15:00:00;VOLTA;QUARTA-FEIRA;LITORAL
VIACAO PROGRESSO;RECIFE(PE) - NATAL(RN);NATAL(RN);RECIFE(PE);10201810;17:00:00;VOLTA;QUARTA-FEIRA;LITORAL
VIACAO PROGRESSO;RECIFE(PE) - NATAL(RN);NATAL(RN);RECIFE(PE);10301810;17:00:00;VOLTA;QUARTA-FEIRA;LITORAL
VIACAO PROGRESSO;RECIFE(PE) - NATAL(RN);RECIFE(PE);NATAL(RN);10201165;17:30:00;IDA;QUARTA-FEIRA;LITORAL
VIACAO PROGRESSO;RECIFE(PE) - NATAL(RN);RECIFE(PE);NATAL(RN);10301715;17:30:00;IDA;QUARTA-FEIRA;LITORAL
VIACAO PROGRESSO;RECIFE(PE) - NATAL(RN);NATAL(RN);RECIFE(PE);10301160;23:55:00;VOLTA;QUARTA-FEIRA;LITORAL
VIACAO PROGRESSO;RECIFE(PE) - NATAL(RN);NATAL(RN);RECIFE(PE);10201160;23:55:00;VOLTA;QUARTA-FEIRA;LITORAL
VIACAO PROGRESSO;RECIFE(PE) - NATAL(RN);RECIFE(PE);NATAL(RN);10301175;23:55:00;IDA;QUARTA-FEIRA;LITORAL
VIACAO PROGRESSO;RECIFE(PE) - NATAL(RN);RECIFE(PE);NATAL(RN);10201175;23:55:00;IDA;QUARTA-FEIRA;LITORAL
VIACAO PROGRESSO;RECIFE(PE) - NATAL(RN);NATAL(RN);RECIFE(PE);10301110;05:30:00;VOLTA;QUINTA-FEIRA;LITORAL
VIACAO PROGRESSO;RECIFE(PE) - NATAL(RN);RECIFE(PE);NATAL(RN);10301705;05:30:00;IDA;QUINTA-FEIRA;LITORAL
VIACAO PROGRESSO;RECIFE(PE) - NATAL(RN);RECIFE(PE);NATAL(RN);10201705;05:30:00;IDA;QUINTA-FEIRA;LITORAL
VIACAO PROGRESSO;RECIFE(PE) - NATAL(RN);NATAL(RN);RECIFE(PE);10201110;05:30:00;VOLTA;QUINTA-FEIRA;LITORAL
VIACAO PROGRESSO;RECIFE(PE) - NATAL(RN);NATAL(RN);RECIFE(PE);10201820;07:30:00;VOLTA;QUINTA-FEIRA;LITORAL
VIACAO PROGRESSO;RECIFE(PE) - NATAL(RN);NATAL(RN);RECIFE(PE);10301820;07:30:00;VOLTA;QUINTA-FEIRA;LITORAL
VIACAO PROGRESSO;RECIFE(PE) - NATAL(RN);RECIFE(PE);NATAL(RN);10201125;07:30:00;IDA;QUINTA-FEIRA;LITORAL
VIACAO PROGRESSO;RECIFE(PE) - NATAL(RN);RECIFE(PE);NATAL(RN);10301125;07:30:00;IDA;QUINTA-FEIRA;LITORAL
VIACAO PROGRESSO;RECIFE(PE) - NATAL(RN);RECIFE(PE);NATAL(RN);10201135;09:00:00;IDA;QUINTA-FEIRA;LITORAL
VIACAO PROGRESSO;RECIFE(PE) - NATAL(RN);RECIFE(PE);NATAL(RN);10301135;09:00:00;IDA;QUINTA-FEIRA;LITORAL
VIACAO PROGRESSO;RECIFE(PE) - NATAL(RN);NATAL(RN);RECIFE(PE);10201700;09:00:00;VOLTA;QUINTA-FEIRA;LITORAL
VIACAO PROGRESSO;RECIFE(PE) - NATAL(RN);NATAL(RN);RECIFE(PE);10301700;09:00:00;VOLTA;QUINTA-FEIRA;LITORAL
VIACAO PROGRESSO;RECIFE(PE) - NATAL(RN);NATAL(RN);RECIFE(PE);10201680;11:00:00;VOLTA;QUINTA-FEIRA;LITORAL
VIACAO PROGRESSO;RECIFE(PE) - NATAL(RN);RECIFE(PE);NATAL(RN);10301145;11:00:00;IDA;QUINTA-FEIRA;LITORAL
VIACAO PROGRESSO;RECIFE(PE) - NATAL(RN);RECIFE(PE);NATAL(RN);10201145;11:00:00;IDA;QUINTA-FEIRA;LITORAL
VIACAO PROGRESSO;RECIFE(PE) - NATAL(RN);NATAL(RN);RECIFE(PE);10301680;11:00:00;VOLTA;QUINTA-FEIRA;LITORAL
VIACAO PROGRESSO;RECIFE(PE) - NATAL(RN);RECIFE(PE);NATAL(RN);10201675;13:00:00;IDA;QUINTA-FEIRA;LITORAL
VIACAO PROGRESSO;RECIFE(PE) - NATAL(RN);NATAL(RN);RECIFE(PE);10301690;13:00:00;VOLTA;QUINTA-FEIRA;LITORAL
VIACAO PROGRESSO;RECIFE(PE) - NATAL(RN);NATAL(RN);RECIFE(PE);10201130;13:00:00;VOLTA;QUINTA-FEIRA;LITORAL
VIACAO PROGRESSO;RECIFE(PE) - NATAL(RN);RECIFE(PE);NATAL(RN);10301695;13:00:00;IDA;QUINTA-FEIRA;LITORAL
VIACAO PROGRESSO;RECIFE(PE) - NATAL(RN);NATAL(RN);RECIFE(PE);10301140;15:00:00;VOLTA;QUINTA-FEIRA;LITORAL
VIACAO PROGRESSO;RECIFE(PE) - NATAL(RN);RECIFE(PE);NATAL(RN);10201155;15:00:00;IDA;QUINTA-FEIRA;LITORAL
VIACAO PROGRESSO;RECIFE(PE) - NATAL(RN);NATAL(RN);RECIFE(PE);10201140;15:00:00;VOLTA;QUINTA-FEIRA;LITORAL
VIACAO PROGRESSO;RECIFE(PE) - NATAL(RN);RECIFE(PE);NATAL(RN);10301685;15:00:00;IDA;QUINTA-FEIRA;LITORAL
VIACAO PROGRESSO;RECIFE(PE) - NATAL(RN);NATAL(RN);RECIFE(PE);10201810;17:00:00;VOLTA;QUINTA-FEIRA;LITORAL
VIACAO PROGRESSO;RECIFE(PE) - NATAL(RN);NATAL(RN);RECIFE(PE);10301810;17:00:00;VOLTA;QUINTA-FEIRA;LITORAL
VIACAO PROGRESSO;RECIFE(PE) - NATAL(RN);RECIFE(PE);NATAL(RN);10201165;17:30:00;IDA;QUINTA-FEIRA;LITORAL
VIACAO PROGRESSO;RECIFE(PE) - NATAL(RN);RECIFE(PE);NATAL(RN);10301715;17:30:00;IDA;QUINTA-FEIRA;LITORAL
VIACAO PROGRESSO;RECIFE(PE) - NATAL(RN);RECIFE(PE);NATAL(RN);10301175;23:55:00;IDA;QUINTA-FEIRA;LITORAL
VIACAO PROGRESSO;RECIFE(PE) - NATAL(RN);RECIFE(PE);NATAL(RN);10201175;23:55:00;IDA;QUINTA-FEIRA;LITORAL
VIACAO PROGRESSO;RECIFE(PE) - NATAL(RN);NATAL(RN);RECIFE(PE);10301160;23:55:00;VOLTA;QUINTA-FEIRA;LITORAL
VIACAO PROGRESSO;RECIFE(PE) - NATAL(RN);NATAL(RN);RECIFE(PE);10201160;23:55:00;VOLTA;QUINTA-FEIRA;LITORAL
VIACAO PROGRESSO;RECIFE(PE) - PETROLÂNDIA(PE) via Garanhuns;RECIFE(PE);JATOBÁ(PE);10301065;21:30:00;IDA;SEXTA-FEIRA;LITORAL
VIACAO PROGRESSO;RECIFE(PE) - PETROLÂNDIA(PE) via Garanhuns;RECIFE(PE);JATOBÁ(PE);10200189;21:30:00;IDA;SEXTA-FEIRA;LITORAL
VIACAO PROGRESSO;RECIFE(PE) - PETROLÂNDIA(PE) via Garanhuns;RECIFE(PE);JATOBÁ(PE);10301065;21:30:00;IDA;SABADO;LITORAL
VIACAO PROGRESSO;RECIFE(PE) - PETROLÂNDIA(PE) via Garanhuns;RECIFE(PE);JATOBÁ(PE);10200189;21:30:00;IDA;SABADO;LITORAL
VIACAO PROGRESSO;RECIFE(PE) - PETROLÂNDIA(PE) via Garanhuns;RECIFE(PE);JATOBÁ(PE);10301065;21:30:00;IDA;DOMINGO;LITORAL
VIACAO PROGRESSO;RECIFE(PE) - PETROLÂNDIA(PE) via Garanhuns;RECIFE(PE);JATOBÁ(PE);10200189;21:30:00;IDA;DOMINGO;LITORAL
VIACAO PROGRESSO;RECIFE(PE) - PETROLÂNDIA(PE) via Garanhuns;RECIFE(PE);JATOBÁ(PE);10200189;21:30:00;IDA;SEGUNDA-FEIRA;LITORAL
VIACAO PROGRESSO;RECIFE(PE) - PETROLÂNDIA(PE) via Garanhuns;RECIFE(PE);JATOBÁ(PE);10301065;21:30:00;IDA;SEGUNDA-FEIRA;LITORAL
VIACAO PROGRESSO;RECIFE(PE) - PETROLÂNDIA(PE) via Garanhuns;RECIFE(PE);JATOBÁ(PE);10301065;21:30:00;IDA;TERCA-FEIRA;LITORAL
VIACAO PROGRESSO;RECIFE(PE) - PETROLÂNDIA(PE) via Garanhuns;RECIFE(PE);JATOBÁ(PE);10200189;21:30:00;IDA;TERCA-FEIRA;LITORAL
VIACAO PROGRESSO;RECIFE(PE) - PETROLÂNDIA(PE) via Garanhuns;RECIFE(PE);JATOBÁ(PE);10301065;21:30:00;IDA;QUARTA-FEIRA;LITORAL
VIACAO PROGRESSO;RECIFE(PE) - PETROLÂNDIA(PE) via Garanhuns;RECIFE(PE);JATOBÁ(PE);10101065;21:30:00;IDA;QUARTA-FEIRA;LITORAL
VIACAO PROGRESSO;RECIFE(PE) - PETROLÂNDIA(PE) via Garanhuns;RECIFE(PE);JATOBÁ(PE);10200189;21:30:00;IDA;QUINTA-FEIRA;LITORAL
VIACAO PROGRESSO;RECIFE(PE) - PETROLÂNDIA(PE) via Garanhuns;RECIFE(PE);JATOBÁ(PE);10301065;21:30:00;IDA;QUINTA-FEIRA;LITORAL
VIACAO PROGRESSO;RECIFE(PE) - PETROLINA(PE);PETROLINA(PE);RECIFE(PE);10500350;18:30:00;VOLTA;SEXTA-FEIRA;NORDESTE
VIACAO PROGRESSO;RECIFE(PE) - PETROLINA(PE);PETROLINA(PE);RECIFE(PE);10300350;18:30:00;VOLTA;SEXTA-FEIRA;NORDESTE
VIACAO PROGRESSO;RECIFE(PE) - PETROLINA(PE);RECIFE(PE);PETROLINA(PE);10400385;19:00:00;IDA;SEXTA-FEIRA;LITORAL
VIACAO PROGRESSO;RECIFE(PE) - PETROLINA(PE);RECIFE(PE);PETROLINA(PE);10300385;19:00:00;IDA;SEXTA-FEIRA;LITORAL
VIACAO PROGRESSO;RECIFE(PE) - PETROLINA(PE);RECIFE(PE);PETROLINA(PE);10301985;19:01:00;IDA;SEXTA-FEIRA;LITORAL
VIACAO PROGRESSO;RECIFE(PE) - PETROLINA(PE);RECIFE(PE);PETROLINA(PE);10200355;19:01:00;IDA;SEXTA-FEIRA;LITORAL
VIACAO PROGRESSO;RECIFE(PE) - PETROLINA(PE);PETROLINA(PE);RECIFE(PE);10500370;19:15:00;VOLTA;SEXTA-FEIRA;NORDESTE
VIACAO PROGRESSO;RECIFE(PE) - PETROLINA(PE);PETROLINA(PE);RECIFE(PE);10300370;19:15:00;VOLTA;SEXTA-FEIRA;NORDESTE
VIACAO PROGRESSO;RECIFE(PE) - PETROLINA(PE);RECIFE(PE);PETROLINA(PE);10301865;19:30:00;IDA;SEXTA-FEIRA;LITORAL
VIACAO PROGRESSO;RECIFE(PE) - PETROLINA(PE);RECIFE(PE);PETROLINA(PE);10501865;19:30:00;IDA;SEXTA-FEIRA;LITORAL
VIACAO PROGRESSO;RECIFE(PE) - PETROLINA(PE);RECIFE(PE);PETROLINA(PE);10301875;19:40:00;IDA;SEXTA-FEIRA;LITORAL
VIACAO PROGRESSO;RECIFE(PE) - PETROLINA(PE);RECIFE(PE);PETROLINA(PE);10501875;19:40:00;IDA;SEXTA-FEIRA;LITORAL
VIACAO PROGRESSO;RECIFE(PE) - PETROLINA(PE);PETROLINA(PE);RECIFE(PE);10500350;18:30:00;VOLTA;SABADO;NORDESTE
VIACAO PROGRESSO;RECIFE(PE) - PETROLINA(PE);PETROLINA(PE);RECIFE(PE);10300350;18:30:00;VOLTA;SABADO;NORDESTE
VIACAO PROGRESSO;RECIFE(PE) - PETROLINA(PE);RECIFE(PE);PETROLINA(PE);10301875;19:40:00;IDA;SABADO;LITORAL
VIACAO PROGRESSO;RECIFE(PE) - PETROLINA(PE);RECIFE(PE);PETROLINA(PE);10501875;19:40:00;IDA;SABADO;LITORAL
VIACAO PROGRESSO;RECIFE(PE) - PETROLINA(PE);PETROLINA(PE);RECIFE(PE);10200350;16:00:00;VOLTA;DOMINGO;NORDESTE
VIACAO PROGRESSO;RECIFE(PE) - PETROLINA(PE);PETROLINA(PE);RECIFE(PE);10301950;16:00:00;VOLTA;DOMINGO;NORDESTE
VIACAO PROGRESSO;RECIFE(PE) - PETROLINA(PE);PETROLINA(PE);RECIFE(PE);10300350;18:30:00;VOLTA;DOMINGO;NORDESTE
VIACAO PROGRESSO;RECIFE(PE) - PETROLINA(PE);PETROLINA(PE);RECIFE(PE);10500350;18:30:00;VOLTA;DOMINGO;NORDESTE
VIACAO PROGRESSO;RECIFE(PE) - PETROLINA(PE);PETROLINA(PE);RECIFE(PE);10300360;19:00:00;VOLTA;DOMINGO;NORDESTE
VIACAO PROGRESSO;RECIFE(PE) - PETROLINA(PE);PETROLINA(PE);RECIFE(PE);10400360;19:00:00;VOLTA;DOMINGO;NORDESTE
VIACAO PROGRESSO;RECIFE(PE) - PETROLINA(PE);PETROLINA(PE);RECIFE(PE);10300370;19:15:00;VOLTA;DOMINGO;NORDESTE
VIACAO PROGRESSO;RECIFE(PE) - PETROLINA(PE);PETROLINA(PE);RECIFE(PE);10500370;19:15:00;VOLTA;DOMINGO;NORDESTE
VIACAO PROGRESSO;RECIFE(PE) - PETROLINA(PE);RECIFE(PE);PETROLINA(PE);10501865;19:30:00;IDA;DOMINGO;LITORAL
VIACAO PROGRESSO;RECIFE(PE) - PETROLINA(PE);RECIFE(PE);PETROLINA(PE);10301865;19:30:00;IDA;DOMINGO;LITORAL
VIACAO PROGRESSO;RECIFE(PE) - PETROLINA(PE);RECIFE(PE);PETROLINA(PE);10301875;19:40:00;IDA;DOMINGO;LITORAL
VIACAO PROGRESSO;RECIFE(PE) - PETROLINA(PE);RECIFE(PE);PETROLINA(PE);10501875;19:40:00;IDA;DOMINGO;LITORAL
VIACAO PROGRESSO;RECIFE(PE) - PETROLINA(PE);PETROLINA(PE);RECIFE(PE);10200350;16:00:00;VOLTA;SEGUNDA-FEIRA;NORDESTE
VIACAO PROGRESSO;RECIFE(PE) - PETROLINA(PE);PETROLINA(PE);RECIFE(PE);10301950;16:00:00;VOLTA;SEGUNDA-FEIRA;NORDESTE
VIACAO PROGRESSO;RECIFE(PE) - PETROLINA(PE);PETROLINA(PE);RECIFE(PE);10500350;18:30:00;VOLTA;SEGUNDA-FEIRA;NORDESTE
VIACAO PROGRESSO;RECIFE(PE) - PETROLINA(PE);PETROLINA(PE);RECIFE(PE);10300350;18:30:00;VOLTA;SEGUNDA-FEIRA;NORDESTE
VIACAO PROGRESSO;RECIFE(PE) - PETROLINA(PE);RECIFE(PE);PETROLINA(PE);10301985;19:01:00;IDA;SEGUNDA-FEIRA;LITORAL
VIACAO PROGRESSO;RECIFE(PE) - PETROLINA(PE);RECIFE(PE);PETROLINA(PE);10200355;19:01:00;IDA;SEGUNDA-FEIRA;LITORAL
VIACAO PROGRESSO;RECIFE(PE) - PETROLINA(PE);PETROLINA(PE);RECIFE(PE);10300370;19:15:00;VOLTA;SEGUNDA-FEIRA;NORDESTE
VIACAO PROGRESSO;RECIFE(PE) - PETROLINA(PE);PETROLINA(PE);RECIFE(PE);10500370;19:15:00;VOLTA;SEGUNDA-FEIRA;NORDESTE
VIACAO PROGRESSO;RECIFE(PE) - PETROLINA(PE);RECIFE(PE);PETROLINA(PE);10301865;19:30:00;IDA;SEGUNDA-FEIRA;LITORAL
VIACAO PROGRESSO;RECIFE(PE) - PETROLINA(PE);RECIFE(PE);PETROLINA(PE);10501865;19:30:00;IDA;SEGUNDA-FEIRA;LITORAL
VIACAO PROGRESSO;RECIFE(PE) - PETROLINA(PE);RECIFE(PE);PETROLINA(PE);10301875;19:40:00;IDA;SEGUNDA-FEIRA;LITORAL
VIACAO PROGRESSO;RECIFE(PE) - PETROLINA(PE);RECIFE(PE);PETROLINA(PE);10501875;19:40:00;IDA;SEGUNDA-FEIRA;LITORAL
VIACAO PROGRESSO;RECIFE(PE) - PETROLINA(PE);PETROLINA(PE);RECIFE(PE);10200350;16:00:00;VOLTA;TERCA-FEIRA;NORDESTE
VIACAO PROGRESSO;RECIFE(PE) - PETROLINA(PE);PETROLINA(PE);RECIFE(PE);10301950;16:00:00;VOLTA;TERCA-FEIRA;NORDESTE
VIACAO PROGRESSO;RECIFE(PE) - PETROLINA(PE);PETROLINA(PE);RECIFE(PE);10300350;18:30:00;VOLTA;TERCA-FEIRA;NORDESTE
VIACAO PROGRESSO;RECIFE(PE) - PETROLINA(PE);PETROLINA(PE);RECIFE(PE);10500350;18:30:00;VOLTA;TERCA-FEIRA;NORDESTE
VIACAO PROGRESSO;RECIFE(PE) - PETROLINA(PE);RECIFE(PE);PETROLINA(PE);10301985;19:01:00;IDA;TERCA-FEIRA;LITORAL
VIACAO PROGRESSO;RECIFE(PE) - PETROLINA(PE);RECIFE(PE);PETROLINA(PE);10200355;19:01:00;IDA;TERCA-FEIRA;LITORAL
VIACAO PROGRESSO;RECIFE(PE) - PETROLINA(PE);PETROLINA(PE);RECIFE(PE);10500370;19:15:00;VOLTA;TERCA-FEIRA;NORDESTE
VIACAO PROGRESSO;RECIFE(PE) - PETROLINA(PE);PETROLINA(PE);RECIFE(PE);10300370;19:15:00;VOLTA;TERCA-FEIRA;NORDESTE
VIACAO PROGRESSO;RECIFE(PE) - PETROLINA(PE);RECIFE(PE);PETROLINA(PE);10301865;19:30:00;IDA;TERCA-FEIRA;LITORAL
VIACAO PROGRESSO;RECIFE(PE) - PETROLINA(PE);RECIFE(PE);PETROLINA(PE);10501865;19:30:00;IDA;TERCA-FEIRA;LITORAL
VIACAO PROGRESSO;RECIFE(PE) - PETROLINA(PE);RECIFE(PE);PETROLINA(PE);10501875;19:40:00;IDA;TERCA-FEIRA;LITORAL
VIACAO PROGRESSO;RECIFE(PE) - PETROLINA(PE);RECIFE(PE);PETROLINA(PE);10301875;19:40:00;IDA;TERCA-FEIRA;LITORAL
VIACAO PROGRESSO;RECIFE(PE) - PETROLINA(PE);PETROLINA(PE);RECIFE(PE);10200350;16:00:00;VOLTA;QUARTA-FEIRA;NORDESTE
VIACAO PROGRESSO;RECIFE(PE) - PETROLINA(PE);PETROLINA(PE);RECIFE(PE);10301950;16:00:00;VOLTA;QUARTA-FEIRA;NORDESTE
VIACAO PROGRESSO;RECIFE(PE) - PETROLINA(PE);PETROLINA(PE);RECIFE(PE);10500350;18:30:00;VOLTA;QUARTA-FEIRA;NORDESTE
VIACAO PROGRESSO;RECIFE(PE) - PETROLINA(PE);PETROLINA(PE);RECIFE(PE);10300350;18:30:00;VOLTA;QUARTA-FEIRA;NORDESTE
VIACAO PROGRESSO;RECIFE(PE) - PETROLINA(PE);RECIFE(PE);PETROLINA(PE);10301985;19:01:00;IDA;QUARTA-FEIRA;LITORAL
VIACAO PROGRESSO;RECIFE(PE) - PETROLINA(PE);RECIFE(PE);PETROLINA(PE);10200355;19:01:00;IDA;QUARTA-FEIRA;LITORAL
VIACAO PROGRESSO;RECIFE(PE) - PETROLINA(PE);PETROLINA(PE);RECIFE(PE);10500370;19:15:00;VOLTA;QUARTA-FEIRA;NORDESTE
VIACAO PROGRESSO;RECIFE(PE) - PETROLINA(PE);PETROLINA(PE);RECIFE(PE);10300370;19:15:00;VOLTA;QUARTA-FEIRA;NORDESTE
VIACAO PROGRESSO;RECIFE(PE) - PETROLINA(PE);RECIFE(PE);PETROLINA(PE);10501865;19:30:00;IDA;QUARTA-FEIRA;LITORAL
VIACAO PROGRESSO;RECIFE(PE) - PETROLINA(PE);RECIFE(PE);PETROLINA(PE);10301865;19:30:00;IDA;QUARTA-FEIRA;LITORAL
VIACAO PROGRESSO;RECIFE(PE) - PETROLINA(PE);RECIFE(PE);PETROLINA(PE);10301875;19:40:00;IDA;QUARTA-FEIRA;LITORAL
VIACAO PROGRESSO;RECIFE(PE) - PETROLINA(PE);RECIFE(PE);PETROLINA(PE);10501875;19:40:00;IDA;QUARTA-FEIRA;LITORAL
VIACAO PROGRESSO;RECIFE(PE) - PETROLINA(PE);PETROLINA(PE);RECIFE(PE);10200350;16:00:00;VOLTA;QUINTA-FEIRA;NORDESTE
VIACAO PROGRESSO;RECIFE(PE) - PETROLINA(PE);PETROLINA(PE);RECIFE(PE);10301950;16:00:00;VOLTA;QUINTA-FEIRA;NORDESTE
VIACAO PROGRESSO;RECIFE(PE) - PETROLINA(PE);PETROLINA(PE);RECIFE(PE);10500350;18:30:00;VOLTA;QUINTA-FEIRA;NORDESTE
VIACAO PROGRESSO;RECIFE(PE) - PETROLINA(PE);PETROLINA(PE);RECIFE(PE);10300350;18:30:00;VOLTA;QUINTA-FEIRA;NORDESTE
VIACAO PROGRESSO;RECIFE(PE) - PETROLINA(PE);RECIFE(PE);PETROLINA(PE);10301985;19:01:00;IDA;QUINTA-FEIRA;LITORAL
VIACAO PROGRESSO;RECIFE(PE) - PETROLINA(PE);RECIFE(PE);PETROLINA(PE);10200355;19:01:00;IDA;QUINTA-FEIRA;LITORAL
VIACAO PROGRESSO;RECIFE(PE) - PETROLINA(PE);PETROLINA(PE);RECIFE(PE);10300370;19:15:00;VOLTA;QUINTA-FEIRA;NORDESTE
VIACAO PROGRESSO;RECIFE(PE) - PETROLINA(PE);PETROLINA(PE);RECIFE(PE);10500370;19:15:00;VOLTA;QUINTA-FEIRA;NORDESTE
VIACAO PROGRESSO;RECIFE(PE) - PETROLINA(PE);RECIFE(PE);PETROLINA(PE);10501865;19:30:00;IDA;QUINTA-FEIRA;LITORAL
VIACAO PROGRESSO;RECIFE(PE) - PETROLINA(PE);RECIFE(PE);PETROLINA(PE);10301865;19:30:00;IDA;QUINTA-FEIRA;LITORAL
VIACAO PROGRESSO;RECIFE(PE) - PETROLINA(PE);RECIFE(PE);PETROLINA(PE);10501875;19:40:00;IDA;QUINTA-FEIRA;LITORAL
VIACAO PROGRESSO;RECIFE(PE) - PETROLINA(PE);RECIFE(PE);PETROLINA(PE);10301875;19:40:00;IDA;QUINTA-FEIRA;LITORAL
VIACAO PROGRESSO;RECIFE(PE) - PETROLINA(PE) via Salgueiro;RECIFE(PE);PETROLINA(PE);10300015;05:30:00;IDA;SEXTA-FEIRA;LITORAL
VIACAO PROGRESSO;RECIFE(PE) - PETROLINA(PE) via Salgueiro;RECIFE(PE);PETROLINA(PE);10100015;05:30:00;IDA;SEXTA-FEIRA;LITORAL
VIACAO PROGRESSO;RECIFE(PE) - PETROLINA(PE) via Salgueiro;PETROLINA(PE);RECIFE(PE);10100010;06:00:00;VOLTA;SEXTA-FEIRA;NORDESTE
VIACAO PROGRESSO;RECIFE(PE) - PETROLINA(PE) via Salgueiro;PETROLINA(PE);RECIFE(PE);10300010;06:00:00;VOLTA;SEXTA-FEIRA;NORDESTE
VIACAO PROGRESSO;RECIFE(PE) - PETROLINA(PE) via Salgueiro;RECIFE(PE);PETROLINA(PE);10300015;05:30:00;IDA;SABADO;LITORAL
VIACAO PROGRESSO;RECIFE(PE) - PETROLINA(PE) via Salgueiro;RECIFE(PE);PETROLINA(PE);10100015;05:30:00;IDA;SABADO;LITORAL
VIACAO PROGRESSO;RECIFE(PE) - PETROLINA(PE) via Salgueiro;PETROLINA(PE);RECIFE(PE);10300010;06:00:00;VOLTA;SABADO;NORDESTE
VIACAO PROGRESSO;RECIFE(PE) - PETROLINA(PE) via Salgueiro;PETROLINA(PE);RECIFE(PE);10100010;06:00:00;VOLTA;SABADO;NORDESTE
VIACAO PROGRESSO;RECIFE(PE) - PETROLINA(PE) via Salgueiro;RECIFE(PE);PETROLINA(PE);10100015;05:30:00;IDA;DOMINGO;LITORAL
VIACAO PROGRESSO;RECIFE(PE) - PETROLINA(PE) via Salgueiro;RECIFE(PE);PETROLINA(PE);10300015;05:30:00;IDA;DOMINGO;LITORAL
VIACAO PROGRESSO;RECIFE(PE) - PETROLINA(PE) via Salgueiro;PETROLINA(PE);RECIFE(PE);10100010;06:00:00;VOLTA;DOMINGO;NORDESTE
VIACAO PROGRESSO;RECIFE(PE) - PETROLINA(PE) via Salgueiro;PETROLINA(PE);RECIFE(PE);10300010;06:00:00;VOLTA;DOMINGO;NORDESTE
VIACAO PROGRESSO;RECIFE(PE) - PETROLINA(PE) via Salgueiro;RECIFE(PE);PETROLINA(PE);10300015;05:30:00;IDA;SEGUNDA-FEIRA;LITORAL
VIACAO PROGRESSO;RECIFE(PE) - PETROLINA(PE) via Salgueiro;RECIFE(PE);PETROLINA(PE);10100015;05:30:00;IDA;SEGUNDA-FEIRA;LITORAL
VIACAO PROGRESSO;RECIFE(PE) - PETROLINA(PE) via Salgueiro;PETROLINA(PE);RECIFE(PE);10300010;06:00:00;VOLTA;SEGUNDA-FEIRA;NORDESTE
VIACAO PROGRESSO;RECIFE(PE) - PETROLINA(PE) via Salgueiro;PETROLINA(PE);RECIFE(PE);10100010;06:00:00;VOLTA;SEGUNDA-FEIRA;NORDESTE
VIACAO PROGRESSO;RECIFE(PE) - PETROLINA(PE) via Salgueiro;RECIFE(PE);PETROLINA(PE);10300015;05:30:00;IDA;TERCA-FEIRA;LITORAL
VIACAO PROGRESSO;RECIFE(PE) - PETROLINA(PE) via Salgueiro;RECIFE(PE);PETROLINA(PE);10100015;05:30:00;IDA;TERCA-FEIRA;LITORAL
VIACAO PROGRESSO;RECIFE(PE) - PETROLINA(PE) via Salgueiro;PETROLINA(PE);RECIFE(PE);10100010;06:00:00;VOLTA;TERCA-FEIRA;NORDESTE
VIACAO PROGRESSO;RECIFE(PE) - PETROLINA(PE) via Salgueiro;PETROLINA(PE);RECIFE(PE);10300010;06:00:00;VOLTA;TERCA-FEIRA;NORDESTE
VIACAO PROGRESSO;RECIFE(PE) - PETROLINA(PE) via Salgueiro;RECIFE(PE);PETROLINA(PE);10100015;05:30:00;IDA;QUARTA-FEIRA;LITORAL
VIACAO PROGRESSO;RECIFE(PE) - PETROLINA(PE) via Salgueiro;RECIFE(PE);PETROLINA(PE);10300015;05:30:00;IDA;QUARTA-FEIRA;LITORAL
VIACAO PROGRESSO;RECIFE(PE) - PETROLINA(PE) via Salgueiro;PETROLINA(PE);RECIFE(PE);10100010;06:00:00;VOLTA;QUARTA-FEIRA;NORDESTE
VIACAO PROGRESSO;RECIFE(PE) - PETROLINA(PE) via Salgueiro;PETROLINA(PE);RECIFE(PE);10300010;06:00:00;VOLTA;QUARTA-FEIRA;NORDESTE
VIACAO PROGRESSO;RECIFE(PE) - PETROLINA(PE) via Salgueiro;RECIFE(PE);PETROLINA(PE);10100015;05:30:00;IDA;QUINTA-FEIRA;LITORAL
VIACAO PROGRESSO;RECIFE(PE) - PETROLINA(PE) via Salgueiro;RECIFE(PE);PETROLINA(PE);10300015;05:30:00;IDA;QUINTA-FEIRA;LITORAL
VIACAO PROGRESSO;RECIFE(PE) - PETROLINA(PE) via Salgueiro;PETROLINA(PE);RECIFE(PE);10300010;06:00:00;VOLTA;QUINTA-FEIRA;NORDESTE
VIACAO PROGRESSO;RECIFE(PE) - PETROLINA(PE) via Salgueiro;PETROLINA(PE);RECIFE(PE);10100010;06:00:00;VOLTA;QUINTA-FEIRA;NORDESTE
VIACAO PROGRESSO;RECIFE(PE) - PICOS(PI);RECIFE(PE);PICOS(PI);10201665;20:00:00;IDA;SEGUNDA-FEIRA;LITORAL
VIACAO PROGRESSO;RECIFE(PE) - PICOS(PI);RECIFE(PE);PICOS(PI);10301665;20:00:00;IDA;SEGUNDA-FEIRA;LITORAL
VIACAO PROGRESSO;RECIFE(PE) - PICOS(PI);PICOS(PI);RECIFE(PE);10301660;15:30:00;VOLTA;TERCA-FEIRA;LITORAL
VIACAO PROGRESSO;RECIFE(PE) - PICOS(PI);PICOS(PI);RECIFE(PE);10201660;15:30:00;VOLTA;TERCA-FEIRA;LITORAL
VIACAO PROGRESSO;RECIFE(PE) - SALGUEIRO(PE);SALGUEIRO(PE);RECIFE(PE);10301770;07:30:00;VOLTA;SEXTA-FEIRA;NORDESTE
VIACAO PROGRESSO;RECIFE(PE) - SALGUEIRO(PE);SALGUEIRO(PE);RECIFE(PE);10200410;07:30:00;VOLTA;SEXTA-FEIRA;NORDESTE
VIACAO PROGRESSO;RECIFE(PE) - SALGUEIRO(PE);RECIFE(PE);SALGUEIRO(PE);10200171;11:30:00;IDA;SEXTA-FEIRA;LITORAL
VIACAO PROGRESSO;RECIFE(PE) - SALGUEIRO(PE);RECIFE(PE);SALGUEIRO(PE);10301795;11:30:00;IDA;SEXTA-FEIRA;LITORAL
VIACAO PROGRESSO;RECIFE(PE) - SALGUEIRO(PE);RECIFE(PE);SALGUEIRO(PE);10300173;22:00:00;IDA;SEXTA-FEIRA;LITORAL
VIACAO PROGRESSO;RECIFE(PE) - SALGUEIRO(PE);RECIFE(PE);SALGUEIRO(PE);10200805;22:00:00;IDA;SEXTA-FEIRA;LITORAL
VIACAO PROGRESSO;RECIFE(PE) - SALGUEIRO(PE);SALGUEIRO(PE);RECIFE(PE);10300176;22:30:00;VOLTA;SEXTA-FEIRA;NORDESTE
VIACAO PROGRESSO;RECIFE(PE) - SALGUEIRO(PE);SALGUEIRO(PE);RECIFE(PE);10200770;22:30:00;VOLTA;SEXTA-FEIRA;NORDESTE
VIACAO PROGRESSO;RECIFE(PE) - SALGUEIRO(PE);RECIFE(PE);SALGUEIRO(PE);10300173;22:00:00;IDA;SABADO;LITORAL
VIACAO PROGRESSO;RECIFE(PE) - SALGUEIRO(PE);RECIFE(PE);SALGUEIRO(PE);10200805;22:00:00;IDA;SABADO;LITORAL
VIACAO PROGRESSO;RECIFE(PE) - SALGUEIRO(PE);SALGUEIRO(PE);RECIFE(PE);10300176;22:30:00;VOLTA;SABADO;NORDESTE
VIACAO PROGRESSO;RECIFE(PE) - SALGUEIRO(PE);SALGUEIRO(PE);RECIFE(PE);10200770;22:30:00;VOLTA;SABADO;NORDESTE
VIACAO PROGRESSO;RECIFE(PE) - SALGUEIRO(PE);SALGUEIRO(PE);RECIFE(PE);10200410;07:30:00;VOLTA;DOMINGO;NORDESTE
VIACAO PROGRESSO;RECIFE(PE) - SALGUEIRO(PE);SALGUEIRO(PE);RECIFE(PE);10301770;07:30:00;VOLTA;DOMINGO;NORDESTE
VIACAO PROGRESSO;RECIFE(PE) - SALGUEIRO(PE);RECIFE(PE);SALGUEIRO(PE);10200171;11:30:00;IDA;DOMINGO;LITORAL
VIACAO PROGRESSO;RECIFE(PE) - SALGUEIRO(PE);RECIFE(PE);SALGUEIRO(PE);10301795;11:30:00;IDA;DOMINGO;LITORAL
VIACAO PROGRESSO;RECIFE(PE) - SALGUEIRO(PE);RECIFE(PE);SALGUEIRO(PE);10300173;22:00:00;IDA;DOMINGO;LITORAL
VIACAO PROGRESSO;RECIFE(PE) - SALGUEIRO(PE);RECIFE(PE);SALGUEIRO(PE);10200805;22:00:00;IDA;DOMINGO;LITORAL
VIACAO PROGRESSO;RECIFE(PE) - SALGUEIRO(PE);SALGUEIRO(PE);RECIFE(PE);10200770;22:30:00;VOLTA;DOMINGO;NORDESTE
VIACAO PROGRESSO;RECIFE(PE) - SALGUEIRO(PE);SALGUEIRO(PE);RECIFE(PE);10300176;22:30:00;VOLTA;DOMINGO;NORDESTE
VIACAO PROGRESSO;RECIFE(PE) - SALGUEIRO(PE);SALGUEIRO(PE);RECIFE(PE);10200410;07:30:00;VOLTA;SEGUNDA-FEIRA;NORDESTE
VIACAO PROGRESSO;RECIFE(PE) - SALGUEIRO(PE);SALGUEIRO(PE);RECIFE(PE);10301770;07:30:00;VOLTA;SEGUNDA-FEIRA;NORDESTE
VIACAO PROGRESSO;RECIFE(PE) - SALGUEIRO(PE);RECIFE(PE);SALGUEIRO(PE);10200171;11:30:00;IDA;SEGUNDA-FEIRA;LITORAL
VIACAO PROGRESSO;RECIFE(PE) - SALGUEIRO(PE);RECIFE(PE);SALGUEIRO(PE);10301795;11:30:00;IDA;SEGUNDA-FEIRA;LITORAL
VIACAO PROGRESSO;RECIFE(PE) - SALGUEIRO(PE);RECIFE(PE);SALGUEIRO(PE);10200805;22:00:00;IDA;SEGUNDA-FEIRA;LITORAL
VIACAO PROGRESSO;RECIFE(PE) - SALGUEIRO(PE);RECIFE(PE);SALGUEIRO(PE);10300173;22:00:00;IDA;SEGUNDA-FEIRA;LITORAL
VIACAO PROGRESSO;RECIFE(PE) - SALGUEIRO(PE);SALGUEIRO(PE);RECIFE(PE);10300176;22:30:00;VOLTA;SEGUNDA-FEIRA;NORDESTE
VIACAO PROGRESSO;RECIFE(PE) - SALGUEIRO(PE);SALGUEIRO(PE);RECIFE(PE);10200770;22:30:00;VOLTA;SEGUNDA-FEIRA;NORDESTE
VIACAO PROGRESSO;RECIFE(PE) - SALGUEIRO(PE);SALGUEIRO(PE);RECIFE(PE);10301770;07:30:00;VOLTA;TERCA-FEIRA;NORDESTE
VIACAO PROGRESSO;RECIFE(PE) - SALGUEIRO(PE);SALGUEIRO(PE);RECIFE(PE);10200410;07:30:00;VOLTA;TERCA-FEIRA;NORDESTE
VIACAO PROGRESSO;RECIFE(PE) - SALGUEIRO(PE);RECIFE(PE);SALGUEIRO(PE);10301795;11:30:00;IDA;TERCA-FEIRA;LITORAL
VIACAO PROGRESSO;RECIFE(PE) - SALGUEIRO(PE);RECIFE(PE);SALGUEIRO(PE);10200171;11:30:00;IDA;TERCA-FEIRA;LITORAL
VIACAO PROGRESSO;RECIFE(PE) - SALGUEIRO(PE);RECIFE(PE);SALGUEIRO(PE);10200805;22:00:00;IDA;TERCA-FEIRA;LITORAL
VIACAO PROGRESSO;RECIFE(PE) - SALGUEIRO(PE);RECIFE(PE);SALGUEIRO(PE);10300173;22:00:00;IDA;TERCA-FEIRA;LITORAL
VIACAO PROGRESSO;RECIFE(PE) - SALGUEIRO(PE);SALGUEIRO(PE);RECIFE(PE);10200770;22:30:00;VOLTA;TERCA-FEIRA;NORDESTE
VIACAO PROGRESSO;RECIFE(PE) - SALGUEIRO(PE);SALGUEIRO(PE);RECIFE(PE);10300176;22:30:00;VOLTA;TERCA-FEIRA;NORDESTE
VIACAO PROGRESSO;RECIFE(PE) - SALGUEIRO(PE);SALGUEIRO(PE);RECIFE(PE);10301770;07:30:00;VOLTA;QUARTA-FEIRA;NORDESTE
VIACAO PROGRESSO;RECIFE(PE) - SALGUEIRO(PE);SALGUEIRO(PE);RECIFE(PE);10200410;07:30:00;VOLTA;QUARTA-FEIRA;NORDESTE
VIACAO PROGRESSO;RECIFE(PE) - SALGUEIRO(PE);RECIFE(PE);SALGUEIRO(PE);10200171;11:30:00;IDA;QUARTA-FEIRA;LITORAL
VIACAO PROGRESSO;RECIFE(PE) - SALGUEIRO(PE);RECIFE(PE);SALGUEIRO(PE);10301795;11:30:00;IDA;QUARTA-FEIRA;LITORAL
VIACAO PROGRESSO;RECIFE(PE) - SALGUEIRO(PE);RECIFE(PE);SALGUEIRO(PE);10300173;22:00:00;IDA;QUARTA-FEIRA;LITORAL
VIACAO PROGRESSO;RECIFE(PE) - SALGUEIRO(PE);RECIFE(PE);SALGUEIRO(PE);10200805;22:00:00;IDA;QUARTA-FEIRA;LITORAL
VIACAO PROGRESSO;RECIFE(PE) - SALGUEIRO(PE);SALGUEIRO(PE);RECIFE(PE);10200770;22:30:00;VOLTA;QUARTA-FEIRA;NORDESTE
VIACAO PROGRESSO;RECIFE(PE) - SALGUEIRO(PE);SALGUEIRO(PE);RECIFE(PE);10300176;22:30:00;VOLTA;QUARTA-FEIRA;NORDESTE
VIACAO PROGRESSO;RECIFE(PE) - SALGUEIRO(PE);SALGUEIRO(PE);RECIFE(PE);10301770;07:30:00;VOLTA;QUINTA-FEIRA;NORDESTE
VIACAO PROGRESSO;RECIFE(PE) - SALGUEIRO(PE);SALGUEIRO(PE);RECIFE(PE);10200410;07:30:00;VOLTA;QUINTA-FEIRA;NORDESTE
VIACAO PROGRESSO;RECIFE(PE) - SALGUEIRO(PE);RECIFE(PE);SALGUEIRO(PE);10301795;11:30:00;IDA;QUINTA-FEIRA;LITORAL
VIACAO PROGRESSO;RECIFE(PE) - SALGUEIRO(PE);RECIFE(PE);SALGUEIRO(PE);10200171;11:30:00;IDA;QUINTA-FEIRA;LITORAL
VIACAO PROGRESSO;RECIFE(PE) - SALGUEIRO(PE);RECIFE(PE);SALGUEIRO(PE);10200805;22:00:00;IDA;QUINTA-FEIRA;LITORAL
VIACAO PROGRESSO;RECIFE(PE) - SALGUEIRO(PE);RECIFE(PE);SALGUEIRO(PE);10300173;22:00:00;IDA;QUINTA-FEIRA;LITORAL
VIACAO PROGRESSO;RECIFE(PE) - SALGUEIRO(PE);SALGUEIRO(PE);RECIFE(PE);10300176;22:30:00;VOLTA;QUINTA-FEIRA;NORDESTE
VIACAO PROGRESSO;RECIFE(PE) - SALGUEIRO(PE);SALGUEIRO(PE);RECIFE(PE);10200770;22:30:00;VOLTA;QUINTA-FEIRA;NORDESTE
VIACAO PROGRESSO;RECIFE(PE) - SANTA CRUZ DO CAPIBARIBE(PE);SANTA CRUZ DO CAPIBARIBE(PE);RECIFE - DERBY(PE);10202990;04:00:00;VOLTA;SEXTA-FEIRA;LITORAL
VIACAO PROGRESSO;RECIFE(PE) - SANTA CRUZ DO CAPIBARIBE(PE);RECIFE(PE);SANTA CRUZ DO CAPIBARIBE(PE);10203045;18:30:00;IDA;SEXTA-FEIRA;LITORAL
VIACAO PROGRESSO;RECIFE(PE) - SANTA CRUZ DO CAPIBARIBE(PE);SANTA CRUZ DO CAPIBARIBE(PE);RECIFE - DERBY(PE);10202990;04:00:00;VOLTA;SEGUNDA-FEIRA;LITORAL
VIACAO PROGRESSO;RECIFE(PE) - SANTA CRUZ DO CAPIBARIBE(PE);RECIFE(PE);SANTA CRUZ DO CAPIBARIBE(PE);10203045;18:30:00;IDA;SEGUNDA-FEIRA;LITORAL
VIACAO PROGRESSO;RECIFE(PE) - SANTA CRUZ DO CAPIBARIBE(PE);SANTA CRUZ DO CAPIBARIBE(PE);RECIFE - DERBY(PE);10202990;04:00:00;VOLTA;TERCA-FEIRA;LITORAL
VIACAO PROGRESSO;RECIFE(PE) - SANTA CRUZ DO CAPIBARIBE(PE);RECIFE(PE);SANTA CRUZ DO CAPIBARIBE(PE);10203045;18:30:00;IDA;TERCA-FEIRA;LITORAL
VIACAO PROGRESSO;RECIFE(PE) - SANTA CRUZ DO CAPIBARIBE(PE);SANTA CRUZ DO CAPIBARIBE(PE);RECIFE - DERBY(PE);10202990;04:00:00;VOLTA;QUARTA-FEIRA;LITORAL
VIACAO PROGRESSO;RECIFE(PE) - SANTA CRUZ DO CAPIBARIBE(PE);RECIFE(PE);SANTA CRUZ DO CAPIBARIBE(PE);10203045;18:30:00;IDA;QUARTA-FEIRA;LITORAL
VIACAO PROGRESSO;RECIFE(PE) - SANTA CRUZ DO CAPIBARIBE(PE);SANTA CRUZ DO CAPIBARIBE(PE);RECIFE - DERBY(PE);10202990;04:00:00;VOLTA;QUINTA-FEIRA;LITORAL
VIACAO PROGRESSO;RECIFE(PE) - SANTA CRUZ DO CAPIBARIBE(PE);RECIFE(PE);SANTA CRUZ DO CAPIBARIBE(PE);10203045;18:30:00;IDA;QUINTA-FEIRA;LITORAL
VIACAO PROGRESSO;RECIFE(PE) - SÃO JOSÉ DA COROA GRANDE(PE);SÃO JOSÉ DA COROA GRANDE(PE);RECIFE(PE);10100216;05:00:00;VOLTA;SEXTA-FEIRA;LITORAL
VIACAO PROGRESSO;RECIFE(PE) - SÃO JOSÉ DA COROA GRANDE(PE);RECIFE(PE);SÃO JOSÉ DA COROA GRANDE(PE);10101755;05:10:00;IDA;SEXTA-FEIRA;LITORAL
VIACAO PROGRESSO;RECIFE(PE) - SÃO JOSÉ DA COROA GRANDE(PE);SÃO JOSÉ DA COROA GRANDE(PE);RECIFE(PE);10101830;06:00:00;VOLTA;SEXTA-FEIRA;LITORAL
VIACAO PROGRESSO;RECIFE(PE) - SÃO JOSÉ DA COROA GRANDE(PE);RECIFE(PE);SÃO JOSÉ DA COROA GRANDE(PE);10101835;06:30:00;IDA;SEXTA-FEIRA;LITORAL
VIACAO PROGRESSO;RECIFE(PE) - SÃO JOSÉ DA COROA GRANDE(PE);SÃO JOSÉ DA COROA GRANDE(PE);RECIFE(PE);10100218;07:00:00;VOLTA;SEXTA-FEIRA;LITORAL
VIACAO PROGRESSO;RECIFE(PE) - SÃO JOSÉ DA COROA GRANDE(PE);RECIFE(PE);SÃO JOSÉ DA COROA GRANDE(PE);10100213;08:30:00;IDA;SEXTA-FEIRA;LITORAL
VIACAO PROGRESSO;RECIFE(PE) - SÃO JOSÉ DA COROA GRANDE(PE);SÃO JOSÉ DA COROA GRANDE(PE);RECIFE(PE);10100222;09:10:00;VOLTA;SEXTA-FEIRA;LITORAL
VIACAO PROGRESSO;RECIFE(PE) - SÃO JOSÉ DA COROA GRANDE(PE);RECIFE(PE);SÃO JOSÉ DA COROA GRANDE(PE);10101845;10:30:00;IDA;SEXTA-FEIRA;LITORAL
VIACAO PROGRESSO;RECIFE(PE) - SÃO JOSÉ DA COROA GRANDE(PE);SÃO JOSÉ DA COROA GRANDE(PE);RECIFE(PE);10100224;13:00:00;VOLTA;SEXTA-FEIRA;LITORAL
VIACAO PROGRESSO;RECIFE(PE) - SÃO JOSÉ DA COROA GRANDE(PE);RECIFE(PE);SÃO JOSÉ DA COROA GRANDE(PE);10100217;13:10:00;IDA;SEXTA-FEIRA;LITORAL
VIACAO PROGRESSO;RECIFE(PE) - SÃO JOSÉ DA COROA GRANDE(PE);RECIFE(PE);SÃO JOSÉ DA COROA GRANDE(PE);10100219;14:30:00;IDA;SEXTA-FEIRA;LITORAL
VIACAO PROGRESSO;RECIFE(PE) - SÃO JOSÉ DA COROA GRANDE(PE);SÃO JOSÉ DA COROA GRANDE(PE);RECIFE(PE);10101840;14:30:00;VOLTA;SEXTA-FEIRA;LITORAL
VIACAO PROGRESSO;RECIFE(PE) - SÃO JOSÉ DA COROA GRANDE(PE);RECIFE(PE);SÃO JOSÉ DA COROA GRANDE(PE);10100221;17:40:00;IDA;SEXTA-FEIRA;LITORAL
VIACAO PROGRESSO;RECIFE(PE) - SÃO JOSÉ DA COROA GRANDE(PE);SÃO JOSÉ DA COROA GRANDE(PE);RECIFE(PE);10100226;18:10:00;VOLTA;SEXTA-FEIRA;LITORAL
VIACAO PROGRESSO;RECIFE(PE) - SÃO JOSÉ DA COROA GRANDE(PE);SÃO JOSÉ DA COROA GRANDE(PE);RECIFE(PE);10100216;05:00:00;VOLTA;SABADO;LITORAL
VIACAO PROGRESSO;RECIFE(PE) - SÃO JOSÉ DA COROA GRANDE(PE);RECIFE(PE);SÃO JOSÉ DA COROA GRANDE(PE);10101755;05:10:00;IDA;SABADO;LITORAL
VIACAO PROGRESSO;RECIFE(PE) - SÃO JOSÉ DA COROA GRANDE(PE);SÃO JOSÉ DA COROA GRANDE(PE);RECIFE(PE);10101830;06:00:00;VOLTA;SABADO;LITORAL
VIACAO PROGRESSO;RECIFE(PE) - SÃO JOSÉ DA COROA GRANDE(PE);RECIFE(PE);SÃO JOSÉ DA COROA GRANDE(PE);10101835;06:30:00;IDA;SABADO;LITORAL
VIACAO PROGRESSO;RECIFE(PE) - SÃO JOSÉ DA COROA GRANDE(PE);SÃO JOSÉ DA COROA GRANDE(PE);RECIFE(PE);10100218;07:00:00;VOLTA;SABADO;LITORAL
VIACAO PROGRESSO;RECIFE(PE) - SÃO JOSÉ DA COROA GRANDE(PE);RECIFE(PE);SÃO JOSÉ DA COROA GRANDE(PE);10100213;08:30:00;IDA;SABADO;LITORAL
VIACAO PROGRESSO;RECIFE(PE) - SÃO JOSÉ DA COROA GRANDE(PE);SÃO JOSÉ DA COROA GRANDE(PE);RECIFE(PE);10100222;09:10:00;VOLTA;SABADO;LITORAL
VIACAO PROGRESSO;RECIFE(PE) - SÃO JOSÉ DA COROA GRANDE(PE);RECIFE(PE);SÃO JOSÉ DA COROA GRANDE(PE);10101845;10:30:00;IDA;SABADO;LITORAL
VIACAO PROGRESSO;RECIFE(PE) - SÃO JOSÉ DA COROA GRANDE(PE);SÃO JOSÉ DA COROA GRANDE(PE);RECIFE(PE);10100224;13:00:00;VOLTA;SABADO;LITORAL
VIACAO PROGRESSO;RECIFE(PE) - SÃO JOSÉ DA COROA GRANDE(PE);RECIFE(PE);SÃO JOSÉ DA COROA GRANDE(PE);10100217;13:10:00;IDA;SABADO;LITORAL
VIACAO PROGRESSO;RECIFE(PE) - SÃO JOSÉ DA COROA GRANDE(PE);RECIFE(PE);SÃO JOSÉ DA COROA GRANDE(PE);10100219;14:30:00;IDA;SABADO;LITORAL
VIACAO PROGRESSO;RECIFE(PE) - SÃO JOSÉ DA COROA GRANDE(PE);SÃO JOSÉ DA COROA GRANDE(PE);RECIFE(PE);10101840;14:30:00;VOLTA;SABADO;LITORAL
VIACAO PROGRESSO;RECIFE(PE) - SÃO JOSÉ DA COROA GRANDE(PE);RECIFE(PE);SÃO JOSÉ DA COROA GRANDE(PE);10100221;17:40:00;IDA;SABADO;LITORAL
VIACAO PROGRESSO;RECIFE(PE) - SÃO JOSÉ DA COROA GRANDE(PE);SÃO JOSÉ DA COROA GRANDE(PE);RECIFE(PE);10100226;18:10:00;VOLTA;SABADO;LITORAL
VIACAO PROGRESSO;RECIFE(PE) - SÃO JOSÉ DA COROA GRANDE(PE);SÃO JOSÉ DA COROA GRANDE(PE);RECIFE(PE);10100216;05:00:00;VOLTA;DOMINGO;LITORAL
VIACAO PROGRESSO;RECIFE(PE) - SÃO JOSÉ DA COROA GRANDE(PE);RECIFE(PE);SÃO JOSÉ DA COROA GRANDE(PE);10101755;05:10:00;IDA;DOMINGO;LITORAL
VIACAO PROGRESSO;RECIFE(PE) - SÃO JOSÉ DA COROA GRANDE(PE);SÃO JOSÉ DA COROA GRANDE(PE);RECIFE(PE);10101830;06:00:00;VOLTA;DOMINGO;LITORAL
VIACAO PROGRESSO;RECIFE(PE) - SÃO JOSÉ DA COROA GRANDE(PE);RECIFE(PE);SÃO JOSÉ DA COROA GRANDE(PE);10100213;08:30:00;IDA;DOMINGO;LITORAL
VIACAO PROGRESSO;RECIFE(PE) - SÃO JOSÉ DA COROA GRANDE(PE);SÃO JOSÉ DA COROA GRANDE(PE);RECIFE(PE);10100222;09:10:00;VOLTA;DOMINGO;LITORAL
VIACAO PROGRESSO;RECIFE(PE) - SÃO JOSÉ DA COROA GRANDE(PE);RECIFE(PE);SÃO JOSÉ DA COROA GRANDE(PE);10101845;10:30:00;IDA;DOMINGO;LITORAL
VIACAO PROGRESSO;RECIFE(PE) - SÃO JOSÉ DA COROA GRANDE(PE);SÃO JOSÉ DA COROA GRANDE(PE);RECIFE(PE);10100224;13:00:00;VOLTA;DOMINGO;LITORAL
VIACAO PROGRESSO;RECIFE(PE) - SÃO JOSÉ DA COROA GRANDE(PE);RECIFE(PE);SÃO JOSÉ DA COROA GRANDE(PE);10100217;13:10:00;IDA;DOMINGO;LITORAL
VIACAO PROGRESSO;RECIFE(PE) - SÃO JOSÉ DA COROA GRANDE(PE);RECIFE(PE);SÃO JOSÉ DA COROA GRANDE(PE);10101855;16:00:00;IDA;DOMINGO;LITORAL
VIACAO PROGRESSO;RECIFE(PE) - SÃO JOSÉ DA COROA GRANDE(PE);SÃO JOSÉ DA COROA GRANDE(PE);RECIFE(PE);10101740;16:40:00;VOLTA;DOMINGO;LITORAL
VIACAO PROGRESSO;RECIFE(PE) - SÃO JOSÉ DA COROA GRANDE(PE);RECIFE(PE);SÃO JOSÉ DA COROA GRANDE(PE);10100221;17:40:00;IDA;DOMINGO;LITORAL
VIACAO PROGRESSO;RECIFE(PE) - SÃO JOSÉ DA COROA GRANDE(PE);SÃO JOSÉ DA COROA GRANDE(PE);RECIFE(PE);10100226;18:10:00;VOLTA;DOMINGO;LITORAL
VIACAO PROGRESSO;RECIFE(PE) - SÃO JOSÉ DA COROA GRANDE(PE);SÃO JOSÉ DA COROA GRANDE(PE);RECIFE(PE);10100216;05:00:00;VOLTA;SEGUNDA-FEIRA;LITORAL
VIACAO PROGRESSO;RECIFE(PE) - SÃO JOSÉ DA COROA GRANDE(PE);RECIFE(PE);SÃO JOSÉ DA COROA GRANDE(PE);10101755;05:10:00;IDA;SEGUNDA-FEIRA;LITORAL
VIACAO PROGRESSO;RECIFE(PE) - SÃO JOSÉ DA COROA GRANDE(PE);SÃO JOSÉ DA COROA GRANDE(PE);RECIFE(PE);10101830;06:00:00;VOLTA;SEGUNDA-FEIRA;LITORAL
VIACAO PROGRESSO;RECIFE(PE) - SÃO JOSÉ DA COROA GRANDE(PE);RECIFE(PE);SÃO JOSÉ DA COROA GRANDE(PE);10101835;06:30:00;IDA;SEGUNDA-FEIRA;LITORAL
VIACAO PROGRESSO;RECIFE(PE) - SÃO JOSÉ DA COROA GRANDE(PE);SÃO JOSÉ DA COROA GRANDE(PE);RECIFE(PE);10100218;07:00:00;VOLTA;SEGUNDA-FEIRA;LITORAL
VIACAO PROGRESSO;RECIFE(PE) - SÃO JOSÉ DA COROA GRANDE(PE);RECIFE(PE);SÃO JOSÉ DA COROA GRANDE(PE);10100213;08:30:00;IDA;SEGUNDA-FEIRA;LITORAL
VIACAO PROGRESSO;RECIFE(PE) - SÃO JOSÉ DA COROA GRANDE(PE);SÃO JOSÉ DA COROA GRANDE(PE);RECIFE(PE);10100222;09:10:00;VOLTA;SEGUNDA-FEIRA;LITORAL
VIACAO PROGRESSO;RECIFE(PE) - SÃO JOSÉ DA COROA GRANDE(PE);RECIFE(PE);SÃO JOSÉ DA COROA GRANDE(PE);10101845;10:30:00;IDA;SEGUNDA-FEIRA;LITORAL
VIACAO PROGRESSO;RECIFE(PE) - SÃO JOSÉ DA COROA GRANDE(PE);SÃO JOSÉ DA COROA GRANDE(PE);RECIFE(PE);10100224;13:00:00;VOLTA;SEGUNDA-FEIRA;LITORAL
VIACAO PROGRESSO;RECIFE(PE) - SÃO JOSÉ DA COROA GRANDE(PE);RECIFE(PE);SÃO JOSÉ DA COROA GRANDE(PE);10100217;13:10:00;IDA;SEGUNDA-FEIRA;LITORAL
VIACAO PROGRESSO;RECIFE(PE) - SÃO JOSÉ DA COROA GRANDE(PE);SÃO JOSÉ DA COROA GRANDE(PE);RECIFE(PE);10101840;14:30:00;VOLTA;SEGUNDA-FEIRA;LITORAL
VIACAO PROGRESSO;RECIFE(PE) - SÃO JOSÉ DA COROA GRANDE(PE);RECIFE(PE);SÃO JOSÉ DA COROA GRANDE(PE);10100219;14:30:00;IDA;SEGUNDA-FEIRA;LITORAL
VIACAO PROGRESSO;RECIFE(PE) - SÃO JOSÉ DA COROA GRANDE(PE);RECIFE(PE);SÃO JOSÉ DA COROA GRANDE(PE);10100221;17:40:00;IDA;SEGUNDA-FEIRA;LITORAL
VIACAO PROGRESSO;RECIFE(PE) - SÃO JOSÉ DA COROA GRANDE(PE);SÃO JOSÉ DA COROA GRANDE(PE);RECIFE(PE);10100226;18:10:00;VOLTA;SEGUNDA-FEIRA;LITORAL
VIACAO PROGRESSO;RECIFE(PE) - SÃO JOSÉ DA COROA GRANDE(PE);SÃO JOSÉ DA COROA GRANDE(PE);RECIFE(PE);10100216;05:00:00;VOLTA;TERCA-FEIRA;LITORAL
VIACAO PROGRESSO;RECIFE(PE) - SÃO JOSÉ DA COROA GRANDE(PE);RECIFE(PE);SÃO JOSÉ DA COROA GRANDE(PE);10101755;05:10:00;IDA;TERCA-FEIRA;LITORAL
VIACAO PROGRESSO;RECIFE(PE) - SÃO JOSÉ DA COROA GRANDE(PE);SÃO JOSÉ DA COROA GRANDE(PE);RECIFE(PE);10101830;06:00:00;VOLTA;TERCA-FEIRA;LITORAL
VIACAO PROGRESSO;RECIFE(PE) - SÃO JOSÉ DA COROA GRANDE(PE);RECIFE(PE);SÃO JOSÉ DA COROA GRANDE(PE);10101835;06:30:00;IDA;TERCA-FEIRA;LITORAL
VIACAO PROGRESSO;RECIFE(PE) - SÃO JOSÉ DA COROA GRANDE(PE);SÃO JOSÉ DA COROA GRANDE(PE);RECIFE(PE);10100218;07:00:00;VOLTA;TERCA-FEIRA;LITORAL
VIACAO PROGRESSO;RECIFE(PE) - SÃO JOSÉ DA COROA GRANDE(PE);RECIFE(PE);SÃO JOSÉ DA COROA GRANDE(PE);10100213;08:30:00;IDA;TERCA-FEIRA;LITORAL
VIACAO PROGRESSO;RECIFE(PE) - SÃO JOSÉ DA COROA GRANDE(PE);SÃO JOSÉ DA COROA GRANDE(PE);RECIFE(PE);10100222;09:10:00;VOLTA;TERCA-FEIRA;LITORAL
VIACAO PROGRESSO;RECIFE(PE) - SÃO JOSÉ DA COROA GRANDE(PE);RECIFE(PE);SÃO JOSÉ DA COROA GRANDE(PE);10101845;10:30:00;IDA;TERCA-FEIRA;LITORAL
VIACAO PROGRESSO;RECIFE(PE) - SÃO JOSÉ DA COROA GRANDE(PE);SÃO JOSÉ DA COROA GRANDE(PE);RECIFE(PE);10100224;13:00:00;VOLTA;TERCA-FEIRA;LITORAL
VIACAO PROGRESSO;RECIFE(PE) - SÃO JOSÉ DA COROA GRANDE(PE);RECIFE(PE);SÃO JOSÉ DA COROA GRANDE(PE);10100217;13:10:00;IDA;TERCA-FEIRA;LITORAL
VIACAO PROGRESSO;RECIFE(PE) - SÃO JOSÉ DA COROA GRANDE(PE);RECIFE(PE);SÃO JOSÉ DA COROA GRANDE(PE);10100219;14:30:00;IDA;TERCA-FEIRA;LITORAL
VIACAO PROGRESSO;RECIFE(PE) - SÃO JOSÉ DA COROA GRANDE(PE);SÃO JOSÉ DA COROA GRANDE(PE);RECIFE(PE);10101840;14:30:00;VOLTA;TERCA-FEIRA;LITORAL
VIACAO PROGRESSO;RECIFE(PE) - SÃO JOSÉ DA COROA GRANDE(PE);RECIFE(PE);SÃO JOSÉ DA COROA GRANDE(PE);10100221;17:40:00;IDA;TERCA-FEIRA;LITORAL
VIACAO PROGRESSO;RECIFE(PE) - SÃO JOSÉ DA COROA GRANDE(PE);SÃO JOSÉ DA COROA GRANDE(PE);RECIFE(PE);10100226;18:10:00;VOLTA;TERCA-FEIRA;LITORAL
VIACAO PROGRESSO;RECIFE(PE) - SÃO JOSÉ DA COROA GRANDE(PE);SÃO JOSÉ DA COROA GRANDE(PE);RECIFE(PE);10100216;05:00:00;VOLTA;QUARTA-FEIRA;LITORAL
VIACAO PROGRESSO;RECIFE(PE) - SÃO JOSÉ DA COROA GRANDE(PE);RECIFE(PE);SÃO JOSÉ DA COROA GRANDE(PE);10101755;05:10:00;IDA;QUARTA-FEIRA;LITORAL
VIACAO PROGRESSO;RECIFE(PE) - SÃO JOSÉ DA COROA GRANDE(PE);SÃO JOSÉ DA COROA GRANDE(PE);RECIFE(PE);10101830;06:00:00;VOLTA;QUARTA-FEIRA;LITORAL
VIACAO PROGRESSO;RECIFE(PE) - SÃO JOSÉ DA COROA GRANDE(PE);RECIFE(PE);SÃO JOSÉ DA COROA GRANDE(PE);10101835;06:30:00;IDA;QUARTA-FEIRA;LITORAL
VIACAO PROGRESSO;RECIFE(PE) - SÃO JOSÉ DA COROA GRANDE(PE);SÃO JOSÉ DA COROA GRANDE(PE);RECIFE(PE);10100218;07:00:00;VOLTA;QUARTA-FEIRA;LITORAL
VIACAO PROGRESSO;RECIFE(PE) - SÃO JOSÉ DA COROA GRANDE(PE);RECIFE(PE);SÃO JOSÉ DA COROA GRANDE(PE);10100213;08:30:00;IDA;QUARTA-FEIRA;LITORAL
VIACAO PROGRESSO;RECIFE(PE) - SÃO JOSÉ DA COROA GRANDE(PE);SÃO JOSÉ DA COROA GRANDE(PE);RECIFE(PE);10100222;09:10:00;VOLTA;QUARTA-FEIRA;LITORAL
VIACAO PROGRESSO;RECIFE(PE) - SÃO JOSÉ DA COROA GRANDE(PE);RECIFE(PE);SÃO JOSÉ DA COROA GRANDE(PE);10101845;10:30:00;IDA;QUARTA-FEIRA;LITORAL
VIACAO PROGRESSO;RECIFE(PE) - SÃO JOSÉ DA COROA GRANDE(PE);SÃO JOSÉ DA COROA GRANDE(PE);RECIFE(PE);10100224;13:00:00;VOLTA;QUARTA-FEIRA;LITORAL
VIACAO PROGRESSO;RECIFE(PE) - SÃO JOSÉ DA COROA GRANDE(PE);RECIFE(PE);SÃO JOSÉ DA COROA GRANDE(PE);10100217;13:10:00;IDA;QUARTA-FEIRA;LITORAL
VIACAO PROGRESSO;RECIFE(PE) - SÃO JOSÉ DA COROA GRANDE(PE);RECIFE(PE);SÃO JOSÉ DA COROA GRANDE(PE);10100219;14:30:00;IDA;QUARTA-FEIRA;LITORAL
VIACAO PROGRESSO;RECIFE(PE) - SÃO JOSÉ DA COROA GRANDE(PE);SÃO JOSÉ DA COROA GRANDE(PE);RECIFE(PE);10101840;14:30:00;VOLTA;QUARTA-FEIRA;LITORAL
VIACAO PROGRESSO;RECIFE(PE) - SÃO JOSÉ DA COROA GRANDE(PE);RECIFE(PE);SÃO JOSÉ DA COROA GRANDE(PE);10100221;17:40:00;IDA;QUARTA-FEIRA;LITORAL
VIACAO PROGRESSO;RECIFE(PE) - SÃO JOSÉ DA COROA GRANDE(PE);SÃO JOSÉ DA COROA GRANDE(PE);RECIFE(PE);10100226;18:10:00;VOLTA;QUARTA-FEIRA;LITORAL
VIACAO PROGRESSO;RECIFE(PE) - SÃO JOSÉ DA COROA GRANDE(PE);RECIFE(PE);SÃO JOSÉ DA COROA GRANDE(PE);10101755;05:10:00;IDA;QUINTA-FEIRA;LITORAL
VIACAO PROGRESSO;RECIFE(PE) - SÃO JOSÉ DA COROA GRANDE(PE);SÃO JOSÉ DA COROA GRANDE(PE);RECIFE(PE);10100216;05:10:00;VOLTA;QUINTA-FEIRA;LITORAL
VIACAO PROGRESSO;RECIFE(PE) - SÃO JOSÉ DA COROA GRANDE(PE);SÃO JOSÉ DA COROA GRANDE(PE);RECIFE(PE);10101830;06:10:00;VOLTA;QUINTA-FEIRA;LITORAL
VIACAO PROGRESSO;RECIFE(PE) - SÃO JOSÉ DA COROA GRANDE(PE);RECIFE(PE);SÃO JOSÉ DA COROA GRANDE(PE);10101835;06:30:00;IDA;QUINTA-FEIRA;LITORAL
VIACAO PROGRESSO;RECIFE(PE) - SÃO JOSÉ DA COROA GRANDE(PE);SÃO JOSÉ DA COROA GRANDE(PE);RECIFE(PE);10100218;06:30:00;VOLTA;QUINTA-FEIRA;LITORAL
VIACAO PROGRESSO;RECIFE(PE) - SÃO JOSÉ DA COROA GRANDE(PE);RECIFE(PE);SÃO JOSÉ DA COROA GRANDE(PE);10100213;08:30:00;IDA;QUINTA-FEIRA;LITORAL
VIACAO PROGRESSO;RECIFE(PE) - SÃO JOSÉ DA COROA GRANDE(PE);SÃO JOSÉ DA COROA GRANDE(PE);RECIFE(PE);10100222;09:10:00;VOLTA;QUINTA-FEIRA;LITORAL
VIACAO PROGRESSO;RECIFE(PE) - SÃO JOSÉ DA COROA GRANDE(PE);RECIFE(PE);SÃO JOSÉ DA COROA GRANDE(PE);10101845;10:30:00;IDA;QUINTA-FEIRA;LITORAL
VIACAO PROGRESSO;RECIFE(PE) - SÃO JOSÉ DA COROA GRANDE(PE);SÃO JOSÉ DA COROA GRANDE(PE);RECIFE(PE);10100224;13:00:00;VOLTA;QUINTA-FEIRA;LITORAL
VIACAO PROGRESSO;RECIFE(PE) - SÃO JOSÉ DA COROA GRANDE(PE);RECIFE(PE);SÃO JOSÉ DA COROA GRANDE(PE);10100217;13:10:00;IDA;QUINTA-FEIRA;LITORAL
VIACAO PROGRESSO;RECIFE(PE) - SÃO JOSÉ DA COROA GRANDE(PE);SÃO JOSÉ DA COROA GRANDE(PE);RECIFE(PE);10101840;14:30:00;VOLTA;QUINTA-FEIRA;LITORAL
VIACAO PROGRESSO;RECIFE(PE) - SÃO JOSÉ DA COROA GRANDE(PE);RECIFE(PE);SÃO JOSÉ DA COROA GRANDE(PE);10100219;14:30:00;IDA;QUINTA-FEIRA;LITORAL
VIACAO PROGRESSO;RECIFE(PE) - SÃO JOSÉ DA COROA GRANDE(PE);RECIFE(PE);SÃO JOSÉ DA COROA GRANDE(PE);10100221;17:40:00;IDA;QUINTA-FEIRA;LITORAL
VIACAO PROGRESSO;RECIFE(PE) - SÃO JOSÉ DA COROA GRANDE(PE);SÃO JOSÉ DA COROA GRANDE(PE);RECIFE(PE);10100226;18:10:00;VOLTA;QUINTA-FEIRA;LITORAL
VIACAO PROGRESSO;RECIFE(PE) - SÃO JOSÉ DO BELMONTE(PE);SÃO JOSÉ DO BELMONTE(PE);RECIFE(PE);10200246;22:00:00;VOLTA;SEXTA-FEIRA;NORDESTE
VIACAO PROGRESSO;RECIFE(PE) - SÃO JOSÉ DO BELMONTE(PE);RECIFE(PE);SÃO JOSÉ DO BELMONTE(PE);10200241;22:30:00;IDA;SEXTA-FEIRA;LITORAL
VIACAO PROGRESSO;RECIFE(PE) - SÃO JOSÉ DO BELMONTE(PE);SÃO JOSÉ DO BELMONTE(PE);RECIFE(PE);10200246;22:00:00;VOLTA;SABADO;NORDESTE
VIACAO PROGRESSO;RECIFE(PE) - SÃO JOSÉ DO BELMONTE(PE);RECIFE(PE);SÃO JOSÉ DO BELMONTE(PE);10200241;22:30:00;IDA;SABADO;LITORAL
VIACAO PROGRESSO;RECIFE(PE) - SÃO JOSÉ DO BELMONTE(PE);SÃO JOSÉ DO BELMONTE(PE);RECIFE(PE);10200246;22:00:00;VOLTA;DOMINGO;NORDESTE
VIACAO PROGRESSO;RECIFE(PE) - SÃO JOSÉ DO BELMONTE(PE);RECIFE(PE);SÃO JOSÉ DO BELMONTE(PE);10200241;22:30:00;IDA;DOMINGO;LITORAL
VIACAO PROGRESSO;RECIFE(PE) - SÃO JOSÉ DO BELMONTE(PE);SÃO JOSÉ DO BELMONTE(PE);RECIFE(PE);10200246;22:00:00;VOLTA;SEGUNDA-FEIRA;NORDESTE
VIACAO PROGRESSO;RECIFE(PE) - SÃO JOSÉ DO BELMONTE(PE);RECIFE(PE);SÃO JOSÉ DO BELMONTE(PE);10200241;22:30:00;IDA;SEGUNDA-FEIRA;LITORAL
VIACAO PROGRESSO;RECIFE(PE) - SÃO JOSÉ DO BELMONTE(PE);SÃO JOSÉ DO BELMONTE(PE);RECIFE(PE);10200246;22:00:00;VOLTA;TERCA-FEIRA;NORDESTE
VIACAO PROGRESSO;RECIFE(PE) - SÃO JOSÉ DO BELMONTE(PE);RECIFE(PE);SÃO JOSÉ DO BELMONTE(PE);10200241;22:30:00;IDA;TERCA-FEIRA;LITORAL
VIACAO PROGRESSO;RECIFE(PE) - SÃO JOSÉ DO BELMONTE(PE);SÃO JOSÉ DO BELMONTE(PE);RECIFE(PE);10200246;22:00:00;VOLTA;QUARTA-FEIRA;NORDESTE
VIACAO PROGRESSO;RECIFE(PE) - SÃO JOSÉ DO BELMONTE(PE);RECIFE(PE);SÃO JOSÉ DO BELMONTE(PE);10200241;22:30:00;IDA;QUARTA-FEIRA;LITORAL
VIACAO PROGRESSO;RECIFE(PE) - SÃO JOSÉ DO BELMONTE(PE);SÃO JOSÉ DO BELMONTE(PE);RECIFE(PE);10200246;22:00:00;VOLTA;QUINTA-FEIRA;NORDESTE
VIACAO PROGRESSO;RECIFE(PE) - SÃO JOSÉ DO BELMONTE(PE);RECIFE(PE);SÃO JOSÉ DO BELMONTE(PE);10200241;22:30:00;IDA;QUINTA-FEIRA;LITORAL
VIACAO PROGRESSO;RECIFE(PE) - SÃO JOSÉ DO EGITO(PE);SÃO JOSÉ DO EGITO(PE);RECIFE(PE);10300256;11:50:00;VOLTA;SEXTA-FEIRA;NORDESTE
VIACAO PROGRESSO;RECIFE(PE) - SÃO JOSÉ DO EGITO(PE);SÃO JOSÉ DO EGITO(PE);RECIFE(PE);10200780;11:50:00;VOLTA;SEXTA-FEIRA;NORDESTE
VIACAO PROGRESSO;RECIFE(PE) - SÃO JOSÉ DO EGITO(PE);RECIFE(PE);SÃO JOSÉ DO EGITO(PE);10200815;12:15:00;IDA;SEXTA-FEIRA;LITORAL
VIACAO PROGRESSO;RECIFE(PE) - SÃO JOSÉ DO EGITO(PE);SÃO JOSÉ DO EGITO(PE);RECIFE(PE);10200790;21:50:00;VOLTA;SEXTA-FEIRA;NORDESTE
VIACAO PROGRESSO;RECIFE(PE) - SÃO JOSÉ DO EGITO(PE);RECIFE(PE);SÃO JOSÉ DO EGITO(PE);10300257;22:50:00;IDA;SEXTA-FEIRA;LITORAL
VIACAO PROGRESSO;RECIFE(PE) - SÃO JOSÉ DO EGITO(PE);RECIFE(PE);SÃO JOSÉ DO EGITO(PE);10200825;22:50:00;IDA;SEXTA-FEIRA;LITORAL
VIACAO PROGRESSO;RECIFE(PE) - SÃO JOSÉ DO EGITO(PE);SÃO JOSÉ DO EGITO(PE);RECIFE(PE);10200790;21:50:00;VOLTA;SABADO;NORDESTE
VIACAO PROGRESSO;RECIFE(PE) - SÃO JOSÉ DO EGITO(PE);SÃO JOSÉ DO EGITO(PE);RECIFE(PE);10300258;21:50:00;VOLTA;SABADO;NORDESTE
VIACAO PROGRESSO;RECIFE(PE) - SÃO JOSÉ DO EGITO(PE);RECIFE(PE);SÃO JOSÉ DO EGITO(PE);10200825;22:50:00;IDA;SABADO;LITORAL
VIACAO PROGRESSO;RECIFE(PE) - SÃO JOSÉ DO EGITO(PE);RECIFE(PE);SÃO JOSÉ DO EGITO(PE);10300257;22:50:00;IDA;SABADO;LITORAL
VIACAO PROGRESSO;RECIFE(PE) - SÃO JOSÉ DO EGITO(PE);SÃO JOSÉ DO EGITO(PE);RECIFE(PE);10300256;11:50:00;VOLTA;DOMINGO;NORDESTE
VIACAO PROGRESSO;RECIFE(PE) - SÃO JOSÉ DO EGITO(PE);SÃO JOSÉ DO EGITO(PE);RECIFE(PE);10200780;11:50:00;VOLTA;DOMINGO;NORDESTE
VIACAO PROGRESSO;RECIFE(PE) - SÃO JOSÉ DO EGITO(PE);RECIFE(PE);SÃO JOSÉ DO EGITO(PE);10300253;12:15:00;IDA;DOMINGO;LITORAL
VIACAO PROGRESSO;RECIFE(PE) - SÃO JOSÉ DO EGITO(PE);RECIFE(PE);SÃO JOSÉ DO EGITO(PE);10200815;12:15:00;IDA;DOMINGO;LITORAL
VIACAO PROGRESSO;RECIFE(PE) - SÃO JOSÉ DO EGITO(PE);SÃO JOSÉ DO EGITO(PE);RECIFE(PE);10200790;21:50:00;VOLTA;DOMINGO;NORDESTE
VIACAO PROGRESSO;RECIFE(PE) - SÃO JOSÉ DO EGITO(PE);SÃO JOSÉ DO EGITO(PE);RECIFE(PE);10300258;21:50:00;VOLTA;DOMINGO;NORDESTE
VIACAO PROGRESSO;RECIFE(PE) - SÃO JOSÉ DO EGITO(PE);RECIFE(PE);SÃO JOSÉ DO EGITO(PE);10200825;22:50:00;IDA;DOMINGO;LITORAL
VIACAO PROGRESSO;RECIFE(PE) - SÃO JOSÉ DO EGITO(PE);RECIFE(PE);SÃO JOSÉ DO EGITO(PE);10300257;22:50:00;IDA;DOMINGO;LITORAL
VIACAO PROGRESSO;RECIFE(PE) - SÃO JOSÉ DO EGITO(PE);SÃO JOSÉ DO EGITO(PE);RECIFE(PE);10300256;11:50:00;VOLTA;SEGUNDA-FEIRA;NORDESTE
VIACAO PROGRESSO;RECIFE(PE) - SÃO JOSÉ DO EGITO(PE);SÃO JOSÉ DO EGITO(PE);RECIFE(PE);10200780;11:50:00;VOLTA;SEGUNDA-FEIRA;NORDESTE
VIACAO PROGRESSO;RECIFE(PE) - SÃO JOSÉ DO EGITO(PE);RECIFE(PE);SÃO JOSÉ DO EGITO(PE);10200815;12:15:00;IDA;SEGUNDA-FEIRA;LITORAL
VIACAO PROGRESSO;RECIFE(PE) - SÃO JOSÉ DO EGITO(PE);RECIFE(PE);SÃO JOSÉ DO EGITO(PE);10300253;12:15:00;IDA;SEGUNDA-FEIRA;LITORAL
VIACAO PROGRESSO;RECIFE(PE) - SÃO JOSÉ DO EGITO(PE);SÃO JOSÉ DO EGITO(PE);RECIFE(PE);10300258;21:50:00;VOLTA;SEGUNDA-FEIRA;NORDESTE
VIACAO PROGRESSO;RECIFE(PE) - SÃO JOSÉ DO EGITO(PE);SÃO JOSÉ DO EGITO(PE);RECIFE(PE);10200790;21:50:00;VOLTA;SEGUNDA-FEIRA;NORDESTE
VIACAO PROGRESSO;RECIFE(PE) - SÃO JOSÉ DO EGITO(PE);RECIFE(PE);SÃO JOSÉ DO EGITO(PE);10300257;22:50:00;IDA;SEGUNDA-FEIRA;LITORAL
VIACAO PROGRESSO;RECIFE(PE) - SÃO JOSÉ DO EGITO(PE);RECIFE(PE);SÃO JOSÉ DO EGITO(PE);10200825;22:50:00;IDA;SEGUNDA-FEIRA;LITORAL
VIACAO PROGRESSO;RECIFE(PE) - SÃO JOSÉ DO EGITO(PE);SÃO JOSÉ DO EGITO(PE);RECIFE(PE);10200780;11:50:00;VOLTA;TERCA-FEIRA;NORDESTE
VIACAO PROGRESSO;RECIFE(PE) - SÃO JOSÉ DO EGITO(PE);SÃO JOSÉ DO EGITO(PE);RECIFE(PE);10300256;11:50:00;VOLTA;TERCA-FEIRA;NORDESTE
VIACAO PROGRESSO;RECIFE(PE) - SÃO JOSÉ DO EGITO(PE);RECIFE(PE);SÃO JOSÉ DO EGITO(PE);10200815;12:15:00;IDA;TERCA-FEIRA;LITORAL
VIACAO PROGRESSO;RECIFE(PE) - SÃO JOSÉ DO EGITO(PE);RECIFE(PE);SÃO JOSÉ DO EGITO(PE);10300253;12:15:00;IDA;TERCA-FEIRA;LITORAL
VIACAO PROGRESSO;RECIFE(PE) - SÃO JOSÉ DO EGITO(PE);SÃO JOSÉ DO EGITO(PE);RECIFE(PE);10300258;21:50:00;VOLTA;TERCA-FEIRA;NORDESTE
VIACAO PROGRESSO;RECIFE(PE) - SÃO JOSÉ DO EGITO(PE);SÃO JOSÉ DO EGITO(PE);RECIFE(PE);10200790;21:50:00;VOLTA;TERCA-FEIRA;NORDESTE
VIACAO PROGRESSO;RECIFE(PE) - SÃO JOSÉ DO EGITO(PE);RECIFE(PE);SÃO JOSÉ DO EGITO(PE);10300257;22:50:00;IDA;TERCA-FEIRA;LITORAL
VIACAO PROGRESSO;RECIFE(PE) - SÃO JOSÉ DO EGITO(PE);RECIFE(PE);SÃO JOSÉ DO EGITO(PE);10100257;22:50:00;IDA;TERCA-FEIRA;LITORAL
VIACAO PROGRESSO;RECIFE(PE) - SÃO JOSÉ DO EGITO(PE);SÃO JOSÉ DO EGITO(PE);RECIFE(PE);10200780;11:50:00;VOLTA;QUARTA-FEIRA;NORDESTE
VIACAO PROGRESSO;RECIFE(PE) - SÃO JOSÉ DO EGITO(PE);SÃO JOSÉ DO EGITO(PE);RECIFE(PE);10300256;11:50:00;VOLTA;QUARTA-FEIRA;NORDESTE
VIACAO PROGRESSO;RECIFE(PE) - SÃO JOSÉ DO EGITO(PE);RECIFE(PE);SÃO JOSÉ DO EGITO(PE);10300253;12:15:00;IDA;QUARTA-FEIRA;LITORAL
VIACAO PROGRESSO;RECIFE(PE) - SÃO JOSÉ DO EGITO(PE);RECIFE(PE);SÃO JOSÉ DO EGITO(PE);10200815;12:15:00;IDA;QUARTA-FEIRA;LITORAL
VIACAO PROGRESSO;RECIFE(PE) - SÃO JOSÉ DO EGITO(PE);SÃO JOSÉ DO EGITO(PE);RECIFE(PE);10300258;21:50:00;VOLTA;QUARTA-FEIRA;NORDESTE
VIACAO PROGRESSO;RECIFE(PE) - SÃO JOSÉ DO EGITO(PE);SÃO JOSÉ DO EGITO(PE);RECIFE(PE);10100258;21:50:00;VOLTA;QUARTA-FEIRA;NORDESTE
VIACAO PROGRESSO;RECIFE(PE) - SÃO JOSÉ DO EGITO(PE);RECIFE(PE);SÃO JOSÉ DO EGITO(PE);10300257;22:50:00;IDA;QUARTA-FEIRA;LITORAL
VIACAO PROGRESSO;RECIFE(PE) - SÃO JOSÉ DO EGITO(PE);RECIFE(PE);SÃO JOSÉ DO EGITO(PE);10200825;22:50:00;IDA;QUARTA-FEIRA;LITORAL
VIACAO PROGRESSO;RECIFE(PE) - SÃO JOSÉ DO EGITO(PE);SÃO JOSÉ DO EGITO(PE);RECIFE(PE);10300256;11:50:00;VOLTA;QUINTA-FEIRA;NORDESTE
VIACAO PROGRESSO;RECIFE(PE) - SÃO JOSÉ DO EGITO(PE);SÃO JOSÉ DO EGITO(PE);RECIFE(PE);10200780;11:50:00;VOLTA;QUINTA-FEIRA;NORDESTE
VIACAO PROGRESSO;RECIFE(PE) - SÃO JOSÉ DO EGITO(PE);RECIFE(PE);SÃO JOSÉ DO EGITO(PE);10200815;12:15:00;IDA;QUINTA-FEIRA;LITORAL
VIACAO PROGRESSO;RECIFE(PE) - SÃO JOSÉ DO EGITO(PE);RECIFE(PE);SÃO JOSÉ DO EGITO(PE);10300253;12:15:00;IDA;QUINTA-FEIRA;LITORAL
VIACAO PROGRESSO;RECIFE(PE) - SÃO JOSÉ DO EGITO(PE);SÃO JOSÉ DO EGITO(PE);RECIFE(PE);10300258;21:50:00;VOLTA;QUINTA-FEIRA;NORDESTE
VIACAO PROGRESSO;RECIFE(PE) - SÃO JOSÉ DO EGITO(PE);SÃO JOSÉ DO EGITO(PE);RECIFE(PE);10200790;21:50:00;VOLTA;QUINTA-FEIRA;NORDESTE
VIACAO PROGRESSO;RECIFE(PE) - SÃO JOSÉ DO EGITO(PE);RECIFE(PE);SÃO JOSÉ DO EGITO(PE);10100257;22:50:00;IDA;QUINTA-FEIRA;LITORAL
VIACAO PROGRESSO;RECIFE(PE) - SÃO JOSÉ DO EGITO(PE);RECIFE(PE);SÃO JOSÉ DO EGITO(PE);10300257;22:50:00;IDA;QUINTA-FEIRA;LITORAL
VIACAO PROGRESSO;RECIFE(PE) - TABIRA(PE);RECIFE(PE);TABIRA(PE);10200233;06:20:00;IDA;SEXTA-FEIRA;LITORAL
VIACAO PROGRESSO;RECIFE(PE) - TABIRA(PE);TABIRA(PE);RECIFE(PE);10200242;07:00:00;VOLTA;SEXTA-FEIRA;NORDESTE
VIACAO PROGRESSO;RECIFE(PE) - TABIRA(PE);RECIFE(PE);TABIRA(PE);10200237;15:30:00;IDA;SEXTA-FEIRA;LITORAL
VIACAO PROGRESSO;RECIFE(PE) - TABIRA(PE);TABIRA(PE);RECIFE(PE);10200238;16:10:00;VOLTA;SEXTA-FEIRA;NORDESTE
VIACAO PROGRESSO;RECIFE(PE) - TABIRA(PE);RECIFE(PE);TABIRA(PE);10200233;06:20:00;IDA;SABADO;LITORAL
VIACAO PROGRESSO;RECIFE(PE) - TABIRA(PE);TABIRA(PE);RECIFE(PE);10200242;07:00:00;VOLTA;SABADO;NORDESTE
VIACAO PROGRESSO;RECIFE(PE) - TABIRA(PE);RECIFE(PE);TABIRA(PE);10200237;15:30:00;IDA;SABADO;LITORAL
VIACAO PROGRESSO;RECIFE(PE) - TABIRA(PE);TABIRA(PE);RECIFE(PE);10200238;16:10:00;VOLTA;SABADO;NORDESTE
VIACAO PROGRESSO;RECIFE(PE) - TABIRA(PE);RECIFE(PE);TABIRA(PE);10200233;06:20:00;IDA;DOMINGO;LITORAL
VIACAO PROGRESSO;RECIFE(PE) - TABIRA(PE);TABIRA(PE);RECIFE(PE);10200242;07:00:00;VOLTA;DOMINGO;NORDESTE
VIACAO PROGRESSO;RECIFE(PE) - TABIRA(PE);RECIFE(PE);TABIRA(PE);10200237;15:30:00;IDA;DOMINGO;LITORAL
VIACAO PROGRESSO;RECIFE(PE) - TABIRA(PE);TABIRA(PE);RECIFE(PE);10200238;16:10:00;VOLTA;DOMINGO;NORDESTE
VIACAO PROGRESSO;RECIFE(PE) - TABIRA(PE);RECIFE(PE);TABIRA(PE);10200233;06:20:00;IDA;SEGUNDA-FEIRA;LITORAL
VIACAO PROGRESSO;RECIFE(PE) - TABIRA(PE);TABIRA(PE);RECIFE(PE);10200242;07:00:00;VOLTA;SEGUNDA-FEIRA;NORDESTE
VIACAO PROGRESSO;RECIFE(PE) - TABIRA(PE);RECIFE(PE);TABIRA(PE);10200237;15:30:00;IDA;SEGUNDA-FEIRA;LITORAL
VIACAO PROGRESSO;RECIFE(PE) - TABIRA(PE);TABIRA(PE);RECIFE(PE);10200238;16:10:00;VOLTA;SEGUNDA-FEIRA;NORDESTE
VIACAO PROGRESSO;RECIFE(PE) - TABIRA(PE);RECIFE(PE);TABIRA(PE);10200233;06:20:00;IDA;TERCA-FEIRA;LITORAL
VIACAO PROGRESSO;RECIFE(PE) - TABIRA(PE);TABIRA(PE);RECIFE(PE);10200242;07:00:00;VOLTA;TERCA-FEIRA;NORDESTE
VIACAO PROGRESSO;RECIFE(PE) - TABIRA(PE);RECIFE(PE);TABIRA(PE);10200237;15:30:00;IDA;TERCA-FEIRA;LITORAL
VIACAO PROGRESSO;RECIFE(PE) - TABIRA(PE);TABIRA(PE);RECIFE(PE);10200238;16:10:00;VOLTA;TERCA-FEIRA;NORDESTE
VIACAO PROGRESSO;RECIFE(PE) - TABIRA(PE);RECIFE(PE);TABIRA(PE);10200233;06:20:00;IDA;QUARTA-FEIRA;LITORAL
VIACAO PROGRESSO;RECIFE(PE) - TABIRA(PE);TABIRA(PE);RECIFE(PE);10200242;07:00:00;VOLTA;QUARTA-FEIRA;NORDESTE
VIACAO PROGRESSO;RECIFE(PE) - TABIRA(PE);RECIFE(PE);TABIRA(PE);10200237;15:30:00;IDA;QUARTA-FEIRA;LITORAL
VIACAO PROGRESSO;RECIFE(PE) - TABIRA(PE);TABIRA(PE);RECIFE(PE);10200238;16:10:00;VOLTA;QUARTA-FEIRA;NORDESTE
VIACAO PROGRESSO;RECIFE(PE) - TABIRA(PE);RECIFE(PE);TABIRA(PE);10200233;06:20:00;IDA;QUINTA-FEIRA;LITORAL
VIACAO PROGRESSO;RECIFE(PE) - TABIRA(PE);TABIRA(PE);RECIFE(PE);10200242;07:00:00;VOLTA;QUINTA-FEIRA;NORDESTE
VIACAO PROGRESSO;RECIFE(PE) - TABIRA(PE);RECIFE(PE);TABIRA(PE);10200237;15:30:00;IDA;QUINTA-FEIRA;LITORAL
VIACAO PROGRESSO;RECIFE(PE) - TABIRA(PE);TABIRA(PE);RECIFE(PE);10200238;16:10:00;VOLTA;QUINTA-FEIRA;NORDESTE
VIACAO PROGRESSO;RECIFE(PE) - TAMANDARÉ(PE) ;TAMANDARÉ(PE);RECIFE(PE);10100232;14:20:00;VOLTA;SEXTA-FEIRA;LITORAL
VIACAO PROGRESSO;RECIFE(PE) - TAMANDARÉ(PE) ;RECIFE(PE);TAMANDARÉ(PE);10100227;17:00:00;IDA;SEXTA-FEIRA;LITORAL
VIACAO PROGRESSO;RECIFE(PE) - TAMANDARÉ(PE) ;TAMANDARÉ(PE);RECIFE(PE);10100232;14:20:00;VOLTA;SABADO;LITORAL
VIACAO PROGRESSO;RECIFE(PE) - TAMANDARÉ(PE) ;RECIFE(PE);TAMANDARÉ(PE);10100227;17:00:00;IDA;SABADO;LITORAL
VIACAO PROGRESSO;RECIFE(PE) - TAMANDARÉ(PE) ;TAMANDARÉ(PE);RECIFE(PE);10100232;14:20:00;VOLTA;DOMINGO;LITORAL
VIACAO PROGRESSO;RECIFE(PE) - TAMANDARÉ(PE) ;RECIFE(PE);TAMANDARÉ(PE);10100227;17:00:00;IDA;DOMINGO;LITORAL
VIACAO PROGRESSO;RECIFE(PE) - TAMANDARÉ(PE) ;TAMANDARÉ(PE);RECIFE(PE);10100232;14:20:00;VOLTA;SEGUNDA-FEIRA;LITORAL
VIACAO PROGRESSO;RECIFE(PE) - TAMANDARÉ(PE) ;RECIFE(PE);TAMANDARÉ(PE);10100227;17:00:00;IDA;SEGUNDA-FEIRA;LITORAL
VIACAO PROGRESSO;RECIFE(PE) - TAMANDARÉ(PE) ;TAMANDARÉ(PE);RECIFE(PE);10100232;14:20:00;VOLTA;TERCA-FEIRA;LITORAL
VIACAO PROGRESSO;RECIFE(PE) - TAMANDARÉ(PE) ;RECIFE(PE);TAMANDARÉ(PE);10100227;17:00:00;IDA;TERCA-FEIRA;LITORAL
VIACAO PROGRESSO;RECIFE(PE) - TAMANDARÉ(PE) ;TAMANDARÉ(PE);RECIFE(PE);10100232;14:20:00;VOLTA;QUARTA-FEIRA;LITORAL
VIACAO PROGRESSO;RECIFE(PE) - TAMANDARÉ(PE) ;RECIFE(PE);TAMANDARÉ(PE);10100227;17:00:00;IDA;QUARTA-FEIRA;LITORAL
VIACAO PROGRESSO;RECIFE(PE) - TAMANDARÉ(PE) ;TAMANDARÉ(PE);RECIFE(PE);10100232;14:20:00;VOLTA;QUINTA-FEIRA;LITORAL
VIACAO PROGRESSO;RECIFE(PE) - TAMANDARÉ(PE) ;RECIFE(PE);TAMANDARÉ(PE);10100227;17:00:00;IDA;QUINTA-FEIRA;LITORAL
VIACAO CRUZEIRO;RECIFE(PE) - TERESINA(PI);TERESINA(PI);RECIFE(PE);20200110;18:00:00;VOLTA;SEXTA-FEIRA;LITORAL
VIACAO CRUZEIRO;RECIFE(PE) - TERESINA(PI);TERESINA(PI);RECIFE(PE);20300110;18:00:00;VOLTA;SEXTA-FEIRA;LITORAL
VIACAO PROGRESSO;RECIFE(PE) - TERESINA(PI);RECIFE(PE);TERESINA(PI);10201605;18:00:00;IDA;SABADO;LITORAL
VIACAO PROGRESSO;RECIFE(PE) - TERESINA(PI);RECIFE(PE);TERESINA(PI);10301605;18:00:00;IDA;SABADO;LITORAL
VIACAO PROGRESSO;RECIFE(PE) - TERESINA(PI);TERESINA(PI);RECIFE(PE);10301600;18:00:00;VOLTA;DOMINGO;LITORAL
VIACAO PROGRESSO;RECIFE(PE) - TERESINA(PI);TERESINA(PI);RECIFE(PE);10201600;18:00:00;VOLTA;DOMINGO;LITORAL
VIACAO CRUZEIRO;RECIFE(PE) - TERESINA(PI);RECIFE(PE);TERESINA(PI);20300115;18:00:00;IDA;QUINTA-FEIRA;LITORAL
VIACAO CRUZEIRO;RECIFE(PE) - TERESINA(PI);RECIFE(PE);TERESINA(PI);20200115;18:00:00;IDA;QUINTA-FEIRA;LITORAL
VIACAO PROGRESSO;RECIFE(PE) - TRIUNFO(PE) via Santa Cruz da Baixa Verde;SANTA CRUZ DA BAIXA VERDE(PE);RECIFE(PE);10200244;21:00:00;VOLTA;SEXTA-FEIRA;NORDESTE
VIACAO PROGRESSO;RECIFE(PE) - TRIUNFO(PE) via Santa Cruz da Baixa Verde;RECIFE(PE);SANTA CRUZ DA BAIXA VERDE(PE);10200239;21:00:00;IDA;SEXTA-FEIRA;LITORAL
VIACAO PROGRESSO;RECIFE(PE) - TRIUNFO(PE) via Santa Cruz da Baixa Verde;SANTA CRUZ DA BAIXA VERDE(PE);RECIFE(PE);10200244;21:00:00;VOLTA;DOMINGO;NORDESTE
VIACAO PROGRESSO;RECIFE(PE) - TRIUNFO(PE) via Santa Cruz da Baixa Verde;RECIFE(PE);SANTA CRUZ DA BAIXA VERDE(PE);10200239;21:00:00;IDA;DOMINGO;LITORAL
VIACAO PROGRESSO;RECIFE(PE) - TRIUNFO(PE) via Santa Cruz da Baixa Verde;RECIFE(PE);SANTA CRUZ DA BAIXA VERDE(PE);10200239;21:00:00;IDA;SEGUNDA-FEIRA;LITORAL
VIACAO PROGRESSO;RECIFE(PE) - TRIUNFO(PE) via Santa Cruz da Baixa Verde;SANTA CRUZ DA BAIXA VERDE(PE);RECIFE(PE);10200244;21:00:00;VOLTA;SEGUNDA-FEIRA;NORDESTE
VIACAO PROGRESSO;RECIFE(PE) - TRIUNFO(PE) via Santa Cruz da Baixa Verde;RECIFE(PE);SANTA CRUZ DA BAIXA VERDE(PE);10100239;21:00:00;IDA;TERCA-FEIRA;LITORAL
VIACAO PROGRESSO;RECIFE(PE) - TRIUNFO(PE) via Santa Cruz da Baixa Verde;SANTA CRUZ DA BAIXA VERDE(PE);RECIFE(PE);10100244;21:00:00;VOLTA;TERCA-FEIRA;NORDESTE
VIACAO PROGRESSO;RECIFE(PE) - TRIUNFO(PE) via Santa Cruz da Baixa Verde;SANTA CRUZ DA BAIXA VERDE(PE);RECIFE(PE);10200244;21:00:00;VOLTA;QUARTA-FEIRA;NORDESTE
VIACAO PROGRESSO;RECIFE(PE) - TRIUNFO(PE) via Santa Cruz da Baixa Verde;RECIFE(PE);SANTA CRUZ DA BAIXA VERDE(PE);10200239;21:00:00;IDA;QUARTA-FEIRA;LITORAL
VIACAO PROGRESSO;RECIFE(PE) - TRIUNFO(PE) via Santa Cruz da Baixa Verde;RECIFE(PE);SANTA CRUZ DA BAIXA VERDE(PE);10200239;21:00:00;IDA;QUINTA-FEIRA;LITORAL
VIACAO PROGRESSO;RECIFE(PE) - TRIUNFO(PE) via Santa Cruz da Baixa Verde;SANTA CRUZ DA BAIXA VERDE(PE);RECIFE(PE);10200244;21:00:00;VOLTA;QUINTA-FEIRA;NORDESTE
VIACAO PROGRESSO;RECIFE(PE) PETROLÂNDIA(PE) via Garanhuns;PETROLÂNDIA(PE);RECIFE(PE);10201780;20:10:00;VOLTA;SEXTA-FEIRA;NORDESTE
VIACAO PROGRESSO;RECIFE(PE) PETROLÂNDIA(PE) via Garanhuns;PETROLÂNDIA(PE);RECIFE(PE);10301780;20:10:00;VOLTA;SEXTA-FEIRA;NORDESTE
VIACAO PROGRESSO;RECIFE(PE) PETROLÂNDIA(PE) via Garanhuns;PETROLÂNDIA(PE);RECIFE(PE);10201780;20:10:00;VOLTA;SABADO;NORDESTE
VIACAO PROGRESSO;RECIFE(PE) PETROLÂNDIA(PE) via Garanhuns;PETROLÂNDIA(PE);RECIFE(PE);10301780;20:10:00;VOLTA;SABADO;NORDESTE
VIACAO PROGRESSO;RECIFE(PE) PETROLÂNDIA(PE) via Garanhuns;PETROLÂNDIA(PE);RECIFE(PE);10201780;20:10:00;VOLTA;DOMINGO;NORDESTE
VIACAO PROGRESSO;RECIFE(PE) PETROLÂNDIA(PE) via Garanhuns;PETROLÂNDIA(PE);RECIFE(PE);10301780;20:10:00;VOLTA;DOMINGO;NORDESTE
VIACAO PROGRESSO;RECIFE(PE) PETROLÂNDIA(PE) via Garanhuns;PETROLÂNDIA(PE);RECIFE(PE);10301780;20:10:00;VOLTA;SEGUNDA-FEIRA;NORDESTE
VIACAO PROGRESSO;RECIFE(PE) PETROLÂNDIA(PE) via Garanhuns;PETROLÂNDIA(PE);RECIFE(PE);10201780;20:10:00;VOLTA;SEGUNDA-FEIRA;NORDESTE
VIACAO PROGRESSO;RECIFE(PE) PETROLÂNDIA(PE) via Garanhuns;PETROLÂNDIA(PE);RECIFE(PE);10201780;20:10:00;VOLTA;TERCA-FEIRA;NORDESTE
VIACAO PROGRESSO;RECIFE(PE) PETROLÂNDIA(PE) via Garanhuns;PETROLÂNDIA(PE);RECIFE(PE);10301780;20:10:00;VOLTA;TERCA-FEIRA;NORDESTE
VIACAO PROGRESSO;RECIFE(PE) PETROLÂNDIA(PE) via Garanhuns;PETROLÂNDIA(PE);RECIFE(PE);10301780;20:10:00;VOLTA;QUARTA-FEIRA;NORDESTE
VIACAO PROGRESSO;RECIFE(PE) PETROLÂNDIA(PE) via Garanhuns;PETROLÂNDIA(PE);RECIFE(PE);10101780;20:10:00;VOLTA;QUARTA-FEIRA;NORDESTE
VIACAO PROGRESSO;RECIFE(PE) PETROLÂNDIA(PE) via Garanhuns;PETROLÂNDIA(PE);RECIFE(PE);10201780;20:10:00;VOLTA;QUINTA-FEIRA;NORDESTE
VIACAO PROGRESSO;RECIFE(PE) PETROLÂNDIA(PE) via Garanhuns;PETROLÂNDIA(PE);RECIFE(PE);10301780;20:10:00;VOLTA;QUINTA-FEIRA;NORDESTE
VIACAO PROGRESSO;SALVADOR(BA) - JOÃO PESSOA(PB) ;SALVADOR(BA);JOÃO PESSOA(PB);10301495;18:00:00;IDA;SEXTA-FEIRA;LITORAL
VIACAO PROGRESSO;SALVADOR(BA) - JOÃO PESSOA(PB) ;SALVADOR(BA);JOÃO PESSOA(PB);10201495;18:00:00;IDA;SEXTA-FEIRA;LITORAL
VIACAO PROGRESSO;SALVADOR(BA) - JOÃO PESSOA(PB) ;JOÃO PESSOA(PB);SALVADOR(BA);10201490;18:00:00;VOLTA;DOMINGO;LITORAL
VIACAO PROGRESSO;SALVADOR(BA) - JOÃO PESSOA(PB) ;JOÃO PESSOA(PB);SALVADOR(BA);10301490;18:00:00;VOLTA;DOMINGO;LITORAL
VIACAO PROGRESSO;SALVADOR(BA) - JOÃO PESSOA(PB) ;SALVADOR(BA);JOÃO PESSOA(PB);10201495;18:00:00;IDA;SEGUNDA-FEIRA;LITORAL
VIACAO PROGRESSO;SALVADOR(BA) - JOÃO PESSOA(PB) ;SALVADOR(BA);JOÃO PESSOA(PB);10301495;18:00:00;IDA;SEGUNDA-FEIRA;LITORAL
VIACAO PROGRESSO;SALVADOR(BA) - JOÃO PESSOA(PB) ;JOÃO PESSOA(PB);SALVADOR(BA);10301490;18:00:00;VOLTA;TERCA-FEIRA;LITORAL
VIACAO PROGRESSO;SALVADOR(BA) - JOÃO PESSOA(PB) ;JOÃO PESSOA(PB);SALVADOR(BA);10201490;18:00:00;VOLTA;TERCA-FEIRA;LITORAL
VIACAO PROGRESSO;SALVADOR(BA) - JOÃO PESSOA(PB) ;SALVADOR(BA);JOÃO PESSOA(PB);10301495;18:00:00;IDA;QUARTA-FEIRA;LITORAL
VIACAO PROGRESSO;SALVADOR(BA) - JOÃO PESSOA(PB) ;SALVADOR(BA);JOÃO PESSOA(PB);10201495;18:00:00;IDA;QUARTA-FEIRA;LITORAL
VIACAO PROGRESSO;SALVADOR(BA) - JOÃO PESSOA(PB) ;JOÃO PESSOA(PB);SALVADOR(BA);10201490;18:00:00;VOLTA;QUINTA-FEIRA;LITORAL
VIACAO PROGRESSO;SALVADOR(BA) - JOÃO PESSOA(PB) ;JOÃO PESSOA(PB);SALVADOR(BA);10301490;18:00:00;VOLTA;QUINTA-FEIRA;LITORAL
VIACAO PROGRESSO;SÃO LUIS(MA) - BALSAS(MA);SÃO LUIS(MA);BALSAS(MA);10200131;19:00:00;IDA;SEXTA-FEIRA;NORTE
VIACAO PROGRESSO;SÃO LUIS(MA) - BALSAS(MA);SÃO LUIS(MA);BALSAS(MA);10300131;19:00:00;IDA;SEXTA-FEIRA;NORTE
VIACAO PROGRESSO;SÃO LUIS(MA) - BALSAS(MA);BALSAS(MA);SÃO LUIS(MA);10300132;19:00:00;VOLTA;SEXTA-FEIRA;NORTE
VIACAO PROGRESSO;SÃO LUIS(MA) - BALSAS(MA);BALSAS(MA);SÃO LUIS(MA);10200132;19:00:00;VOLTA;SEXTA-FEIRA;NORTE
VIACAO PROGRESSO;SÃO LUIS(MA) - BALSAS(MA);SÃO LUIS(MA);BALSAS(MA);10200131;19:00:00;IDA;SABADO;NORTE
VIACAO PROGRESSO;SÃO LUIS(MA) - BALSAS(MA);BALSAS(MA);SÃO LUIS(MA);10300132;19:00:00;VOLTA;SABADO;NORTE
VIACAO PROGRESSO;SÃO LUIS(MA) - BALSAS(MA);BALSAS(MA);SÃO LUIS(MA);10200132;19:00:00;VOLTA;SABADO;NORTE
VIACAO PROGRESSO;SÃO LUIS(MA) - BALSAS(MA);SÃO LUIS(MA);BALSAS(MA);10300131;19:00:00;IDA;SABADO;NORTE
VIACAO PROGRESSO;SÃO LUIS(MA) - BALSAS(MA);BALSAS(MA);SÃO LUIS(MA);10300132;19:00:00;VOLTA;DOMINGO;NORTE
VIACAO PROGRESSO;SÃO LUIS(MA) - BALSAS(MA);SÃO LUIS(MA);BALSAS(MA);10300131;19:00:00;IDA;DOMINGO;NORTE
VIACAO PROGRESSO;SÃO LUIS(MA) - BALSAS(MA);SÃO LUIS(MA);BALSAS(MA);10200131;19:00:00;IDA;DOMINGO;NORTE
VIACAO PROGRESSO;SÃO LUIS(MA) - BALSAS(MA);BALSAS(MA);SÃO LUIS(MA);10200132;19:00:00;VOLTA;DOMINGO;NORTE
VIACAO PROGRESSO;SÃO LUIS(MA) - BALSAS(MA);SÃO LUIS(MA);BALSAS(MA);10200131;19:00:00;IDA;SEGUNDA-FEIRA;NORTE
VIACAO PROGRESSO;SÃO LUIS(MA) - BALSAS(MA);BALSAS(MA);SÃO LUIS(MA);10300132;19:00:00;VOLTA;SEGUNDA-FEIRA;NORTE
VIACAO PROGRESSO;SÃO LUIS(MA) - BALSAS(MA);SÃO LUIS(MA);BALSAS(MA);10300131;19:00:00;IDA;SEGUNDA-FEIRA;NORTE
VIACAO PROGRESSO;SÃO LUIS(MA) - BALSAS(MA);BALSAS(MA);SÃO LUIS(MA);10200132;19:00:00;VOLTA;SEGUNDA-FEIRA;NORTE
VIACAO PROGRESSO;SÃO LUIS(MA) - BALSAS(MA);SÃO LUIS(MA);BALSAS(MA);10200131;19:00:00;IDA;TERCA-FEIRA;NORTE
VIACAO PROGRESSO;SÃO LUIS(MA) - BALSAS(MA);SÃO LUIS(MA);BALSAS(MA);10300131;19:00:00;IDA;TERCA-FEIRA;NORTE
VIACAO PROGRESSO;SÃO LUIS(MA) - BALSAS(MA);BALSAS(MA);SÃO LUIS(MA);10300132;19:00:00;VOLTA;TERCA-FEIRA;NORTE
VIACAO PROGRESSO;SÃO LUIS(MA) - BALSAS(MA);BALSAS(MA);SÃO LUIS(MA);10200132;19:00:00;VOLTA;TERCA-FEIRA;NORTE
VIACAO PROGRESSO;SÃO LUIS(MA) - BALSAS(MA);BALSAS(MA);SÃO LUIS(MA);10300132;19:00:00;VOLTA;QUARTA-FEIRA;NORTE
VIACAO PROGRESSO;SÃO LUIS(MA) - BALSAS(MA);SÃO LUIS(MA);BALSAS(MA);10300131;19:00:00;IDA;QUARTA-FEIRA;NORTE
VIACAO PROGRESSO;SÃO LUIS(MA) - BALSAS(MA);BALSAS(MA);SÃO LUIS(MA);10200132;19:00:00;VOLTA;QUARTA-FEIRA;NORTE
VIACAO PROGRESSO;SÃO LUIS(MA) - BALSAS(MA);SÃO LUIS(MA);BALSAS(MA);10200131;19:00:00;IDA;QUARTA-FEIRA;NORTE
VIACAO PROGRESSO;SÃO LUIS(MA) - BALSAS(MA);BALSAS(MA);SÃO LUIS(MA);10200132;19:00:00;VOLTA;QUINTA-FEIRA;NORTE
VIACAO PROGRESSO;SÃO LUIS(MA) - BALSAS(MA);BALSAS(MA);SÃO LUIS(MA);10300132;19:00:00;VOLTA;QUINTA-FEIRA;NORTE
VIACAO PROGRESSO;SÃO LUIS(MA) - BALSAS(MA);SÃO LUIS(MA);BALSAS(MA);10300131;19:00:00;IDA;QUINTA-FEIRA;NORTE
VIACAO PROGRESSO;SÃO LUIS(MA) - BALSAS(MA);SÃO LUIS(MA);BALSAS(MA);10200131;19:00:00;IDA;QUINTA-FEIRA;NORTE
VIACAO PROGRESSO;SÃO LUIS(MA) - ESTREITO(MA) via GRAJAÚ(MA);ESTREITO(MA);SÃO LUIS(MA);10200136;17:45:00;VOLTA;SEXTA-FEIRA;NORTE
VIACAO PROGRESSO;SÃO LUIS(MA) - ESTREITO(MA) via GRAJAÚ(MA);ESTREITO(MA);SÃO LUIS(MA);10300136;17:45:00;VOLTA;SEXTA-FEIRA;NORTE
VIACAO PROGRESSO;SÃO LUIS(MA) - ESTREITO(MA) via GRAJAÚ(MA);SÃO LUIS(MA);ESTREITO(MA);10200137;20:30:00;IDA;SEXTA-FEIRA;NORTE
VIACAO PROGRESSO;SÃO LUIS(MA) - ESTREITO(MA) via GRAJAÚ(MA);SÃO LUIS(MA);ESTREITO(MA);10300137;20:30:00;IDA;SEXTA-FEIRA;NORTE
VIACAO PROGRESSO;SÃO LUIS(MA) - ESTREITO(MA) via GRAJAÚ(MA);ESTREITO(MA);SÃO LUIS(MA);10300136;17:45:00;VOLTA;SABADO;NORTE
VIACAO PROGRESSO;SÃO LUIS(MA) - ESTREITO(MA) via GRAJAÚ(MA);ESTREITO(MA);SÃO LUIS(MA);10200136;17:45:00;VOLTA;SABADO;NORTE
VIACAO PROGRESSO;SÃO LUIS(MA) - ESTREITO(MA) via GRAJAÚ(MA);SÃO LUIS(MA);ESTREITO(MA);10300137;20:30:00;IDA;SABADO;NORTE
VIACAO PROGRESSO;SÃO LUIS(MA) - ESTREITO(MA) via GRAJAÚ(MA);SÃO LUIS(MA);ESTREITO(MA);10200137;20:30:00;IDA;SABADO;NORTE
VIACAO PROGRESSO;SÃO LUIS(MA) - ESTREITO(MA) via GRAJAÚ(MA);ESTREITO(MA);SÃO LUIS(MA);10200136;17:45:00;VOLTA;DOMINGO;NORTE
VIACAO PROGRESSO;SÃO LUIS(MA) - ESTREITO(MA) via GRAJAÚ(MA);ESTREITO(MA);SÃO LUIS(MA);10300136;17:45:00;VOLTA;DOMINGO;NORTE
VIACAO PROGRESSO;SÃO LUIS(MA) - ESTREITO(MA) via GRAJAÚ(MA);SÃO LUIS(MA);ESTREITO(MA);10200137;20:30:00;IDA;DOMINGO;NORTE
VIACAO PROGRESSO;SÃO LUIS(MA) - ESTREITO(MA) via GRAJAÚ(MA);SÃO LUIS(MA);ESTREITO(MA);10300137;20:30:00;IDA;DOMINGO;NORTE
VIACAO PROGRESSO;SÃO LUIS(MA) - ESTREITO(MA) via GRAJAÚ(MA);ESTREITO(MA);SÃO LUIS(MA);10200136;17:45:00;VOLTA;SEGUNDA-FEIRA;NORTE
VIACAO PROGRESSO;SÃO LUIS(MA) - ESTREITO(MA) via GRAJAÚ(MA);ESTREITO(MA);SÃO LUIS(MA);10300136;17:45:00;VOLTA;SEGUNDA-FEIRA;NORTE
VIACAO PROGRESSO;SÃO LUIS(MA) - ESTREITO(MA) via GRAJAÚ(MA);SÃO LUIS(MA);ESTREITO(MA);10200137;20:30:00;IDA;SEGUNDA-FEIRA;NORTE
VIACAO PROGRESSO;SÃO LUIS(MA) - ESTREITO(MA) via GRAJAÚ(MA);SÃO LUIS(MA);ESTREITO(MA);10300137;20:30:00;IDA;SEGUNDA-FEIRA;NORTE
VIACAO PROGRESSO;SÃO LUIS(MA) - ESTREITO(MA) via GRAJAÚ(MA);ESTREITO(MA);SÃO LUIS(MA);10300136;17:45:00;VOLTA;TERCA-FEIRA;NORTE
VIACAO PROGRESSO;SÃO LUIS(MA) - ESTREITO(MA) via GRAJAÚ(MA);ESTREITO(MA);SÃO LUIS(MA);10200136;17:45:00;VOLTA;TERCA-FEIRA;NORTE
VIACAO PROGRESSO;SÃO LUIS(MA) - ESTREITO(MA) via GRAJAÚ(MA);SÃO LUIS(MA);ESTREITO(MA);10300137;20:30:00;IDA;TERCA-FEIRA;NORTE
VIACAO PROGRESSO;SÃO LUIS(MA) - ESTREITO(MA) via GRAJAÚ(MA);SÃO LUIS(MA);ESTREITO(MA);10200137;20:30:00;IDA;TERCA-FEIRA;NORTE
VIACAO PROGRESSO;SÃO LUIS(MA) - ESTREITO(MA) via GRAJAÚ(MA);ESTREITO(MA);SÃO LUIS(MA);10300136;17:45:00;VOLTA;QUARTA-FEIRA;NORTE
VIACAO PROGRESSO;SÃO LUIS(MA) - ESTREITO(MA) via GRAJAÚ(MA);ESTREITO(MA);SÃO LUIS(MA);10200136;17:45:00;VOLTA;QUARTA-FEIRA;NORTE
VIACAO PROGRESSO;SÃO LUIS(MA) - ESTREITO(MA) via GRAJAÚ(MA);SÃO LUIS(MA);ESTREITO(MA);10200137;20:30:00;IDA;QUARTA-FEIRA;NORTE
VIACAO PROGRESSO;SÃO LUIS(MA) - ESTREITO(MA) via GRAJAÚ(MA);SÃO LUIS(MA);ESTREITO(MA);10300137;20:30:00;IDA;QUARTA-FEIRA;NORTE
VIACAO PROGRESSO;SÃO LUIS(MA) - ESTREITO(MA) via GRAJAÚ(MA);ESTREITO(MA);SÃO LUIS(MA);10200136;17:45:00;VOLTA;QUINTA-FEIRA;NORTE
VIACAO PROGRESSO;SÃO LUIS(MA) - ESTREITO(MA) via GRAJAÚ(MA);ESTREITO(MA);SÃO LUIS(MA);10300136;17:45:00;VOLTA;QUINTA-FEIRA;NORTE
VIACAO PROGRESSO;SÃO LUIS(MA) - ESTREITO(MA) via GRAJAÚ(MA);SÃO LUIS(MA);ESTREITO(MA);10300137;20:30:00;IDA;QUINTA-FEIRA;NORTE
VIACAO PROGRESSO;SÃO LUIS(MA) - ESTREITO(MA) via GRAJAÚ(MA);SÃO LUIS(MA);ESTREITO(MA);10200137;20:30:00;IDA;QUINTA-FEIRA;NORTE
VIACAO PROGRESSO;SÃO LUIS(MA) - IMPERATRIZ(MA);IMPERATRIZ(MA);SÃO LUIS(MA);10200570;20:00:00;VOLTA;SEXTA-FEIRA;NORTE
VIACAO PROGRESSO;SÃO LUIS(MA) - IMPERATRIZ(MA);SÃO LUIS(MA);IMPERATRIZ(MA);10200595;20:00:00;IDA;SEXTA-FEIRA;NORTE
VIACAO PROGRESSO;SÃO LUIS(MA) - IMPERATRIZ(MA);SÃO LUIS(MA);IMPERATRIZ(MA);10300595;20:00:00;IDA;SEXTA-FEIRA;NORTE
VIACAO PROGRESSO;SÃO LUIS(MA) - IMPERATRIZ(MA);IMPERATRIZ(MA);SÃO LUIS(MA);10300570;20:00:00;VOLTA;SEXTA-FEIRA;NORTE
VIACAO PROGRESSO;SÃO LUIS(MA) - IMPERATRIZ(MA);IMPERATRIZ(MA);SÃO LUIS(MA);10200570;20:00:00;VOLTA;SABADO;NORTE
VIACAO PROGRESSO;SÃO LUIS(MA) - IMPERATRIZ(MA);SÃO LUIS(MA);IMPERATRIZ(MA);10200595;20:00:00;IDA;SABADO;NORTE
VIACAO PROGRESSO;SÃO LUIS(MA) - IMPERATRIZ(MA);SÃO LUIS(MA);IMPERATRIZ(MA);10300595;20:00:00;IDA;SABADO;NORTE
VIACAO PROGRESSO;SÃO LUIS(MA) - IMPERATRIZ(MA);IMPERATRIZ(MA);SÃO LUIS(MA);10300570;20:00:00;VOLTA;SABADO;NORTE
VIACAO PROGRESSO;SÃO LUIS(MA) - IMPERATRIZ(MA);SÃO LUIS(MA);IMPERATRIZ(MA);10300595;20:00:00;IDA;DOMINGO;NORTE
VIACAO PROGRESSO;SÃO LUIS(MA) - IMPERATRIZ(MA);IMPERATRIZ(MA);SÃO LUIS(MA);10300570;20:00:00;VOLTA;DOMINGO;NORTE
VIACAO PROGRESSO;SÃO LUIS(MA) - IMPERATRIZ(MA);SÃO LUIS(MA);IMPERATRIZ(MA);10200595;20:00:00;IDA;DOMINGO;NORTE
VIACAO PROGRESSO;SÃO LUIS(MA) - IMPERATRIZ(MA);IMPERATRIZ(MA);SÃO LUIS(MA);10200570;20:00:00;VOLTA;DOMINGO;NORTE
VIACAO PROGRESSO;SÃO LUIS(MA) - IMPERATRIZ(MA);IMPERATRIZ(MA);SÃO LUIS(MA);10300570;20:00:00;VOLTA;SEGUNDA-FEIRA;NORTE
VIACAO PROGRESSO;SÃO LUIS(MA) - IMPERATRIZ(MA);IMPERATRIZ(MA);SÃO LUIS(MA);10200570;20:00:00;VOLTA;SEGUNDA-FEIRA;NORTE
VIACAO PROGRESSO;SÃO LUIS(MA) - IMPERATRIZ(MA);SÃO LUIS(MA);IMPERATRIZ(MA);10200595;20:00:00;IDA;SEGUNDA-FEIRA;NORTE
VIACAO PROGRESSO;SÃO LUIS(MA) - IMPERATRIZ(MA);SÃO LUIS(MA);IMPERATRIZ(MA);10300595;20:00:00;IDA;SEGUNDA-FEIRA;NORTE
VIACAO PROGRESSO;SÃO LUIS(MA) - IMPERATRIZ(MA);IMPERATRIZ(MA);SÃO LUIS(MA);10300570;20:00:00;VOLTA;TERCA-FEIRA;NORTE
VIACAO PROGRESSO;SÃO LUIS(MA) - IMPERATRIZ(MA);SÃO LUIS(MA);IMPERATRIZ(MA);10300595;20:00:00;IDA;TERCA-FEIRA;NORTE
VIACAO PROGRESSO;SÃO LUIS(MA) - IMPERATRIZ(MA);IMPERATRIZ(MA);SÃO LUIS(MA);10200570;20:00:00;VOLTA;TERCA-FEIRA;NORTE
VIACAO PROGRESSO;SÃO LUIS(MA) - IMPERATRIZ(MA);SÃO LUIS(MA);IMPERATRIZ(MA);10200595;20:00:00;IDA;TERCA-FEIRA;NORTE
VIACAO PROGRESSO;SÃO LUIS(MA) - IMPERATRIZ(MA);IMPERATRIZ(MA);SÃO LUIS(MA);10300570;20:00:00;VOLTA;QUARTA-FEIRA;NORTE
VIACAO PROGRESSO;SÃO LUIS(MA) - IMPERATRIZ(MA);IMPERATRIZ(MA);SÃO LUIS(MA);10200570;20:00:00;VOLTA;QUARTA-FEIRA;NORTE
VIACAO PROGRESSO;SÃO LUIS(MA) - IMPERATRIZ(MA);SÃO LUIS(MA);IMPERATRIZ(MA);10200595;20:00:00;IDA;QUARTA-FEIRA;NORTE
VIACAO PROGRESSO;SÃO LUIS(MA) - IMPERATRIZ(MA);SÃO LUIS(MA);IMPERATRIZ(MA);10300595;20:00:00;IDA;QUARTA-FEIRA;NORTE
VIACAO PROGRESSO;SÃO LUIS(MA) - IMPERATRIZ(MA);IMPERATRIZ(MA);SÃO LUIS(MA);10300570;20:00:00;VOLTA;QUINTA-FEIRA;NORTE
VIACAO PROGRESSO;SÃO LUIS(MA) - IMPERATRIZ(MA);IMPERATRIZ(MA);SÃO LUIS(MA);10200570;20:00:00;VOLTA;QUINTA-FEIRA;NORTE
VIACAO PROGRESSO;SÃO LUIS(MA) - IMPERATRIZ(MA);SÃO LUIS(MA);IMPERATRIZ(MA);10300595;20:00:00;IDA;QUINTA-FEIRA;NORTE
VIACAO PROGRESSO;SÃO LUIS(MA) - IMPERATRIZ(MA);SÃO LUIS(MA);IMPERATRIZ(MA);10200595;20:00:00;IDA;QUINTA-FEIRA;NORTE
VIACAO PROGRESSO;SÃO LUIS(MA) - NATAL(RN);SÃO LUIS(MA);NATAL(RN);10201515;11:50:00;IDA;SEXTA-FEIRA;NORTE
VIACAO PROGRESSO;SÃO LUIS(MA) - NATAL(RN);SÃO LUIS(MA);NATAL(RN);10301515;11:50:00;IDA;SEXTA-FEIRA;NORTE
VIACAO PROGRESSO;SÃO LUIS(MA) - NATAL(RN);NATAL(RN);SÃO LUIS(MA);10201510;14:30:00;VOLTA;SEXTA-FEIRA;NORTE
VIACAO PROGRESSO;SÃO LUIS(MA) - NATAL(RN);NATAL(RN);SÃO LUIS(MA);10301510;14:30:00;VOLTA;SEXTA-FEIRA;NORTE
VIACAO PROGRESSO;SÃO LUIS(MA) - NATAL(RN);SÃO LUIS(MA);NATAL(RN);10201515;11:50:00;IDA;SABADO;NORTE
VIACAO PROGRESSO;SÃO LUIS(MA) - NATAL(RN);SÃO LUIS(MA);NATAL(RN);10301515;11:50:00;IDA;SABADO;NORTE
VIACAO PROGRESSO;SÃO LUIS(MA) - NATAL(RN);NATAL(RN);SÃO LUIS(MA);10301510;14:30:00;VOLTA;SABADO;NORTE
VIACAO PROGRESSO;SÃO LUIS(MA) - NATAL(RN);NATAL(RN);SÃO LUIS(MA);10201510;14:30:00;VOLTA;SABADO;NORTE
VIACAO PROGRESSO;SÃO LUIS(MA) - NATAL(RN);SÃO LUIS(MA);NATAL(RN);10301515;11:50:00;IDA;DOMINGO;NORTE
VIACAO PROGRESSO;SÃO LUIS(MA) - NATAL(RN);SÃO LUIS(MA);NATAL(RN);10201515;11:50:00;IDA;DOMINGO;NORTE
VIACAO PROGRESSO;SÃO LUIS(MA) - NATAL(RN);NATAL(RN);SÃO LUIS(MA);10301510;14:30:00;VOLTA;DOMINGO;NORTE
VIACAO PROGRESSO;SÃO LUIS(MA) - NATAL(RN);NATAL(RN);SÃO LUIS(MA);10201510;14:30:00;VOLTA;DOMINGO;NORTE
VIACAO PROGRESSO;SÃO LUIS(MA) - NATAL(RN);SÃO LUIS(MA);NATAL(RN);10301515;11:50:00;IDA;SEGUNDA-FEIRA;NORTE
VIACAO PROGRESSO;SÃO LUIS(MA) - NATAL(RN);SÃO LUIS(MA);NATAL(RN);10201515;11:50:00;IDA;SEGUNDA-FEIRA;NORTE
VIACAO PROGRESSO;SÃO LUIS(MA) - NATAL(RN);NATAL(RN);SÃO LUIS(MA);10301510;14:30:00;VOLTA;SEGUNDA-FEIRA;NORTE
VIACAO PROGRESSO;SÃO LUIS(MA) - NATAL(RN);NATAL(RN);SÃO LUIS(MA);10201510;14:30:00;VOLTA;SEGUNDA-FEIRA;NORTE
VIACAO PROGRESSO;SÃO LUIS(MA) - NATAL(RN);SÃO LUIS(MA);NATAL(RN);10301515;11:50:00;IDA;TERCA-FEIRA;NORTE
VIACAO PROGRESSO;SÃO LUIS(MA) - NATAL(RN);SÃO LUIS(MA);NATAL(RN);10201515;11:50:00;IDA;TERCA-FEIRA;NORTE
VIACAO PROGRESSO;SÃO LUIS(MA) - NATAL(RN);NATAL(RN);SÃO LUIS(MA);10301510;14:30:00;VOLTA;TERCA-FEIRA;NORTE
VIACAO PROGRESSO;SÃO LUIS(MA) - NATAL(RN);NATAL(RN);SÃO LUIS(MA);10201510;14:30:00;VOLTA;TERCA-FEIRA;NORTE
VIACAO PROGRESSO;SÃO LUIS(MA) - NATAL(RN);SÃO LUIS(MA);NATAL(RN);10201515;11:50:00;IDA;QUARTA-FEIRA;NORTE
VIACAO PROGRESSO;SÃO LUIS(MA) - NATAL(RN);SÃO LUIS(MA);NATAL(RN);10301515;11:50:00;IDA;QUARTA-FEIRA;NORTE
VIACAO PROGRESSO;SÃO LUIS(MA) - NATAL(RN);NATAL(RN);SÃO LUIS(MA);10301510;14:30:00;VOLTA;QUARTA-FEIRA;NORTE
VIACAO PROGRESSO;SÃO LUIS(MA) - NATAL(RN);NATAL(RN);SÃO LUIS(MA);10201510;14:30:00;VOLTA;QUARTA-FEIRA;NORTE
VIACAO PROGRESSO;SÃO LUIS(MA) - NATAL(RN);SÃO LUIS(MA);NATAL(RN);10301515;11:50:00;IDA;QUINTA-FEIRA;NORTE
VIACAO PROGRESSO;SÃO LUIS(MA) - NATAL(RN);SÃO LUIS(MA);NATAL(RN);10201515;11:50:00;IDA;QUINTA-FEIRA;NORTE
VIACAO PROGRESSO;SÃO LUIS(MA) - NATAL(RN);NATAL(RN);SÃO LUIS(MA);10201510;14:30:00;VOLTA;QUINTA-FEIRA;NORTE
VIACAO PROGRESSO;SÃO LUIS(MA) - NATAL(RN);NATAL(RN);SÃO LUIS(MA);10301510;14:30:00;VOLTA;QUINTA-FEIRA;NORTE
VIACAO PROGRESSO;SÃO LUIS(MA) - RECIFE(PE);SÃO LUIS(MA);RECIFE(PE);10301505;06:00:00;IDA;SEXTA-FEIRA;NORTE
VIACAO PROGRESSO;SÃO LUIS(MA) - RECIFE(PE);SÃO LUIS(MA);RECIFE(PE);10201505;06:00:00;IDA;SEXTA-FEIRA;NORTE
VIACAO PROGRESSO;SÃO LUIS(MA) - RECIFE(PE);RECIFE(PE);SÃO LUIS(MA);10301500;14:30:00;VOLTA;SEXTA-FEIRA;NORTE
VIACAO PROGRESSO;SÃO LUIS(MA) - RECIFE(PE);RECIFE(PE);SÃO LUIS(MA);10201500;14:30:00;VOLTA;SEXTA-FEIRA;NORTE
VIACAO PROGRESSO;SÃO LUIS(MA) - RECIFE(PE);SÃO LUIS(MA);RECIFE(PE);10301505;06:00:00;IDA;SABADO;NORTE
VIACAO PROGRESSO;SÃO LUIS(MA) - RECIFE(PE);SÃO LUIS(MA);RECIFE(PE);10201505;06:00:00;IDA;SABADO;NORTE
VIACAO PROGRESSO;SÃO LUIS(MA) - RECIFE(PE);RECIFE(PE);SÃO LUIS(MA);10201500;14:30:00;VOLTA;SABADO;NORTE
VIACAO PROGRESSO;SÃO LUIS(MA) - RECIFE(PE);RECIFE(PE);SÃO LUIS(MA);10301500;14:30:00;VOLTA;SABADO;NORTE
VIACAO PROGRESSO;SÃO LUIS(MA) - RECIFE(PE);SÃO LUIS(MA);RECIFE(PE);10201505;06:00:00;IDA;DOMINGO;NORTE
VIACAO PROGRESSO;SÃO LUIS(MA) - RECIFE(PE);SÃO LUIS(MA);RECIFE(PE);10301505;06:00:00;IDA;DOMINGO;NORTE
VIACAO PROGRESSO;SÃO LUIS(MA) - RECIFE(PE);RECIFE(PE);SÃO LUIS(MA);10301500;14:30:00;VOLTA;DOMINGO;NORTE
VIACAO PROGRESSO;SÃO LUIS(MA) - RECIFE(PE);RECIFE(PE);SÃO LUIS(MA);10201500;14:30:00;VOLTA;DOMINGO;NORTE
VIACAO PROGRESSO;SÃO LUIS(MA) - RECIFE(PE);SÃO LUIS(MA);RECIFE(PE);10201505;06:00:00;IDA;SEGUNDA-FEIRA;NORTE
VIACAO PROGRESSO;SÃO LUIS(MA) - RECIFE(PE);SÃO LUIS(MA);RECIFE(PE);10301505;06:00:00;IDA;SEGUNDA-FEIRA;NORTE
VIACAO PROGRESSO;SÃO LUIS(MA) - RECIFE(PE);RECIFE(PE);SÃO LUIS(MA);10301500;14:30:00;VOLTA;SEGUNDA-FEIRA;NORTE
VIACAO PROGRESSO;SÃO LUIS(MA) - RECIFE(PE);RECIFE(PE);SÃO LUIS(MA);10201500;14:30:00;VOLTA;SEGUNDA-FEIRA;NORTE
VIACAO PROGRESSO;SÃO LUIS(MA) - RECIFE(PE);SÃO LUIS(MA);RECIFE(PE);10201505;06:00:00;IDA;TERCA-FEIRA;NORTE
VIACAO PROGRESSO;SÃO LUIS(MA) - RECIFE(PE);SÃO LUIS(MA);RECIFE(PE);10301505;06:00:00;IDA;TERCA-FEIRA;NORTE
VIACAO PROGRESSO;SÃO LUIS(MA) - RECIFE(PE);RECIFE(PE);SÃO LUIS(MA);10301500;14:30:00;VOLTA;TERCA-FEIRA;NORTE
VIACAO PROGRESSO;SÃO LUIS(MA) - RECIFE(PE);RECIFE(PE);SÃO LUIS(MA);10201500;14:30:00;VOLTA;TERCA-FEIRA;NORTE
VIACAO PROGRESSO;SÃO LUIS(MA) - RECIFE(PE);SÃO LUIS(MA);RECIFE(PE);10201505;06:00:00;IDA;QUARTA-FEIRA;NORTE
VIACAO PROGRESSO;SÃO LUIS(MA) - RECIFE(PE);SÃO LUIS(MA);RECIFE(PE);10301505;06:00:00;IDA;QUARTA-FEIRA;NORTE
VIACAO PROGRESSO;SÃO LUIS(MA) - RECIFE(PE);RECIFE(PE);SÃO LUIS(MA);10201500;14:30:00;VOLTA;QUARTA-FEIRA;NORTE
VIACAO PROGRESSO;SÃO LUIS(MA) - RECIFE(PE);RECIFE(PE);SÃO LUIS(MA);10301500;14:30:00;VOLTA;QUARTA-FEIRA;NORTE
VIACAO PROGRESSO;SÃO LUIS(MA) - RECIFE(PE);SÃO LUIS(MA);RECIFE(PE);10201505;06:00:00;IDA;QUINTA-FEIRA;NORTE
VIACAO PROGRESSO;SÃO LUIS(MA) - RECIFE(PE);SÃO LUIS(MA);RECIFE(PE);10301505;06:00:00;IDA;QUINTA-FEIRA;NORTE
VIACAO PROGRESSO;SÃO LUIS(MA) - RECIFE(PE);RECIFE(PE);SÃO LUIS(MA);10201500;14:30:00;VOLTA;QUINTA-FEIRA;NORTE
VIACAO PROGRESSO;SÃO LUIS(MA) - RECIFE(PE);RECIFE(PE);SÃO LUIS(MA);10301500;14:30:00;VOLTA;QUINTA-FEIRA;NORTE
